ISO-10303-21;
HEADER;
FILE_DESCRIPTION (( 'STEP AP214' ),
    '1' );
FILE_NAME ('Viper Trigger base.STEP',
    '2020-07-16T18:50:25',
    ( '' ),
    ( '' ),
    'SwSTEP 2.0',
    'SolidWorks 2019',
    '' );
FILE_SCHEMA (( 'AUTOMOTIVE_DESIGN' ));
ENDSEC;

DATA;
#1 = CARTESIAN_POINT ( 'NONE',  ( 4.942576667909187371, -12.89706809553114120, 14.30841932598429622 ) ) ;
#2 = CARTESIAN_POINT ( 'NONE',  ( -4.750000000000000888, 12.88140362431697206, 15.23814730745657897 ) ) ;
#3 = CARTESIAN_POINT ( 'NONE',  ( 6.171479308844452838, -13.60251638757016401, 12.93961436738663018 ) ) ;
#4 = CARTESIAN_POINT ( 'NONE',  ( -4.750000000000000888, -14.94641249692260665, 11.75055148670704952 ) ) ;
#5 = CARTESIAN_POINT ( 'NONE',  ( 4.750000000000000888, 19.27293698112462295, 9.559855572772541166 ) ) ;
#6 = VERTEX_POINT ( 'NONE', #1158 ) ;
#7 = CARTESIAN_POINT ( 'NONE',  ( -4.750000000000000888, -12.68974814576478494, 14.22998252295535870 ) ) ;
#8 = CARTESIAN_POINT ( 'NONE',  ( 5.360119222124266614, -12.90814714425799359, 14.17417380849919262 ) ) ;
#9 = CARTESIAN_POINT ( 'NONE',  ( -6.093375221200339809, -13.00707273861696045, 13.43440021674302898 ) ) ;
#10 = CARTESIAN_POINT ( 'NONE',  ( -4.946970986016367533, -14.55393937055204923, 13.26950164597196036 ) ) ;
#11 = CARTESIAN_POINT ( 'NONE',  ( -4.250000000000000888, -11.40353640872352159, 2.761761587806821350 ) ) ;
#12 = CARTESIAN_POINT ( 'NONE',  ( 6.197651514481967716, -13.12224774802540317, 13.16290128986874741 ) ) ;
#13 = CARTESIAN_POINT ( 'NONE',  ( 4.749999999999917399, 11.40202245172876516, 14.77998281932367597 ) ) ;
#14 = ORIENTED_EDGE ( 'NONE', *, *, #2343, .T. ) ;
#15 = CARTESIAN_POINT ( 'NONE',  ( 6.250000000000000000, -13.29928080322935990, 12.85938607954389390 ) ) ;
#16 = CARTESIAN_POINT ( 'NONE',  ( 4.799482934903823939, -14.52426862313489941, 13.38063514010396915 ) ) ;
#17 = CARTESIAN_POINT ( 'NONE',  ( -6.250000000000022204, 14.50546570150859615, 15.26534111134631999 ) ) ;
#18 = CARTESIAN_POINT ( 'NONE',  ( -4.250000000000000888, -11.93731448505359616, 11.49940048270338089 ) ) ;
#19 = EDGE_CURVE ( 'NONE', #322, #80, #2572, .T. ) ;
#20 = CARTESIAN_POINT ( 'NONE',  ( -4.750000000000000888, -14.89665737539748491, 8.841372147986859886 ) ) ;
#21 = CARTESIAN_POINT ( 'NONE',  ( 6.250000000000000000, 15.82384711206853289, 12.86143617450235688 ) ) ;
#22 = CARTESIAN_POINT ( 'NONE',  ( 4.750000000000000888, 6.279122165518272070, 12.36250809242179827 ) ) ;
#23 = CARTESIAN_POINT ( 'NONE',  ( -4.750000000000021316, -12.57146314342383420, 14.17508845705382825 ) ) ;
#24 = CARTESIAN_POINT ( 'NONE',  ( 5.368935156815349607, -12.51746348128266995, 13.99896172707159003 ) ) ;
#25 = CARTESIAN_POINT ( 'NONE',  ( -6.151376645469428972, -13.03391762676243104, 13.29834956150457792 ) ) ;
#26 = ORIENTED_EDGE ( 'NONE', *, *, #523, .F. ) ;
#27 = CARTESIAN_POINT ( 'NONE',  ( -5.357457810531543352, -13.10587039258014741, 14.22447079259272051 ) ) ;
#28 = CARTESIAN_POINT ( 'NONE',  ( 4.749999999999998224, -15.02736783333175019, 10.64135219630648699 ) ) ;
#29 = CARTESIAN_POINT ( 'NONE',  ( 6.240307696296525819, -13.04274813300286695, 12.95061702264666614 ) ) ;
#30 = ORIENTED_EDGE ( 'NONE', *, *, #2663, .T. ) ;
#31 = CARTESIAN_POINT ( 'NONE',  ( 4.750000000000000888, -14.73772831764805602, 7.819869014097527327 ) ) ;
#32 = CARTESIAN_POINT ( 'NONE',  ( 6.250000000000000000, -13.28286018223856857, 12.85201392421167021 ) ) ;
#33 = CARTESIAN_POINT ( 'NONE',  ( 4.799369824902509407, -13.89987309418790318, 14.20840779232850437 ) ) ;
#34 = CARTESIAN_POINT ( 'NONE',  ( -6.250000000000000888, 19.14196920350181230, 9.907094262954853292 ) ) ;
#35 = CARTESIAN_POINT ( 'NONE',  ( 5.235328983438396477, -14.49388923256811523, 13.24450348930276000 ) ) ;
#36 = DIRECTION ( 'NONE',  ( 0.0000000000000000000, -0.7343060468724629253, -0.6788185542002637129 ) ) ;
#37 = EDGE_CURVE ( 'NONE', #299, #1511, #1572, .T. ) ;
#38 = CARTESIAN_POINT ( 'NONE',  ( 6.250000000000000888, 19.47447805857411396, 9.067875288934954980 ) ) ;
#39 = CARTESIAN_POINT ( 'NONE',  ( -6.249999999999958256, -12.23921729661226365, 13.99464101226313062 ) ) ;
#40 = CARTESIAN_POINT ( 'NONE',  ( 4.995865032507423642, -12.36504404458231754, 14.04311698496835881 ) ) ;
#41 = CARTESIAN_POINT ( 'NONE',  ( -6.152258266249011065, -13.57782155887008813, 13.08206285461247020 ) ) ;
#42 = ORIENTED_EDGE ( 'NONE', *, *, #1690, .T. ) ;
#43 = CARTESIAN_POINT ( 'NONE',  ( -5.223972132014813141, -14.03312912071198681, 13.99705182450078311 ) ) ;
#44 = CARTESIAN_POINT ( 'NONE',  ( -6.250000000000000000, -3.996811833966835259, 9.398974876563105596 ) ) ;
#45 = CARTESIAN_POINT ( 'NONE',  ( 4.750000000000000888, -15.01697632089908829, 11.17421099122965167 ) ) ;
#46 = CARTESIAN_POINT ( 'NONE',  ( 6.209967733016721780, -13.35001220672681832, 13.04027706850590640 ) ) ;
#47 = AXIS2_PLACEMENT_3D ( 'NONE', #702, #2840, #505 ) ;
#48 = CARTESIAN_POINT ( 'NONE',  ( 4.750000000000000888, -14.49342356033672274, 13.44942226994925250 ) ) ;
#49 = CARTESIAN_POINT ( 'NONE',  ( 4.750000000000000888, -12.72870907040572597, 14.24746093140302072 ) ) ;
#50 = CARTESIAN_POINT ( 'NONE',  ( -6.250000000000000000, 16.03291694614471652, 12.66657277349799671 ) ) ;
#51 = CARTESIAN_POINT ( 'NONE',  ( -4.249999999999999112, -4.953044476281614372, 9.020977792643375182 ) ) ;
#52 = CARTESIAN_POINT ( 'NONE',  ( 6.250000000000000000, -13.08942679075480697, -7.339372430928720270 ) ) ;
#53 = CARTESIAN_POINT ( 'NONE',  ( 6.250000000000002665, 12.88784559647204730, 15.23957670151365562 ) ) ;
#54 = CARTESIAN_POINT ( 'NONE',  ( -6.250000000000000000, -9.936079088213681132, 11.08492698430055157 ) ) ;
#55 = CARTESIAN_POINT ( 'NONE',  ( 5.231425150225761378, -14.40966078921326243, 13.45293375890463317 ) ) ;
#56 = CARTESIAN_POINT ( 'NONE',  ( -6.092797787456477820, -13.58826542818277794, 13.26838076020139567 ) ) ;
#57 = ORIENTED_EDGE ( 'NONE', *, *, #2323, .T. ) ;
#58 = CARTESIAN_POINT ( 'NONE',  ( -5.223730879252273418, -13.10871578827049788, 14.29153169059473072 ) ) ;
#59 = CARTESIAN_POINT ( 'NONE',  ( -4.750000000000000888, -8.873817509056044273, 12.25813846324006562 ) ) ;
#60 = EDGE_CURVE ( 'NONE', #292, #322, #2941, .T. ) ;
#61 = CARTESIAN_POINT ( 'NONE',  ( -4.250000000000000000, -2.164108934521051353, 10.79288424740463803 ) ) ;
#62 = CARTESIAN_POINT ( 'NONE',  ( -4.250000000000000888, -12.28277354733236848, 5.732492138243021174 ) ) ;
#63 = CARTESIAN_POINT ( 'NONE',  ( 6.250000000000000888, -13.25574916290632821, 8.036500817166439603 ) ) ;
#64 = CARTESIAN_POINT ( 'NONE',  ( -6.250000000000007105, 18.37284807121189090, 7.864366174227233053 ) ) ;
#65 = CARTESIAN_POINT ( 'NONE',  ( 4.848746496945245177, -14.56475173879098861, 13.26874161526801466 ) ) ;
#66 = ORIENTED_EDGE ( 'NONE', *, *, #1373, .F. ) ;
#67 = CARTESIAN_POINT ( 'NONE',  ( 4.750000000000044409, 13.91970207507278801, 15.34474341078813175 ) ) ;
#68 = CARTESIAN_POINT ( 'NONE',  ( -6.250000000000002665, 4.594185617941925592, 11.74557965444255281 ) ) ;
#69 = CARTESIAN_POINT ( 'NONE',  ( 5.539219877429330197, -14.27955258367677516, 13.37624798028878637 ) ) ;
#70 = CARTESIAN_POINT ( 'NONE',  ( -5.934343077718026827, -13.75808857547712627, 13.46824758629547958 ) ) ;
#71 = EDGE_LOOP ( 'NONE', ( #1462, #130, #499, #2335 ) ) ;
#72 = CARTESIAN_POINT ( 'NONE',  ( -5.235401262730500882, -12.39167277907363385, 13.99187081101797325 ) ) ;
#73 = CARTESIAN_POINT ( 'NONE',  ( -5.140875794261962284, -12.37644809652896427, 14.01624609545962841 ) ) ;
#74 = CARTESIAN_POINT ( 'NONE',  ( -6.250000000000001776, -9.779139077514328093, 11.01612385782556203 ) ) ;
#75 = CARTESIAN_POINT ( 'NONE',  ( -4.250000000000000000, -12.89961252336520481, 8.995587012003468885 ) ) ;
#76 = CARTESIAN_POINT ( 'NONE',  ( 4.249999999999999112, 7.924322105057099108, 10.93549922340674208 ) ) ;
#77 = DIRECTION ( 'NONE',  ( 1.000000000000000000, 0.0000000000000000000, 0.0000000000000000000 ) ) ;
#78 = CARTESIAN_POINT ( 'NONE',  ( -6.250000000000166978, 15.99349366573571629, 14.58337853881409174 ) ) ;
#79 = CARTESIAN_POINT ( 'NONE',  ( -6.250000000000001776, -12.97548238867535808, 6.621587984200701271 ) ) ;
#80 = VERTEX_POINT ( 'NONE', #379 ) ;
#81 = CARTESIAN_POINT ( 'NONE',  ( 6.250000000000000000, 14.65947381093398505, 15.22465958162082522 ) ) ;
#82 = CARTESIAN_POINT ( 'NONE',  ( -4.750000000000334843, -11.27560719925213739, 13.43494342042925105 ) ) ;
#83 = CARTESIAN_POINT ( 'NONE',  ( 5.488506161340741762, -14.02711639661046661, 13.80143590872780379 ) ) ;
#84 = CARTESIAN_POINT ( 'NONE',  ( -5.940353570327689070, -13.96118943346203167, 13.20127035369620927 ) ) ;
#85 = CARTESIAN_POINT ( 'NONE',  ( -4.749999999983627319, -14.08464647874099818, 14.07243094431080799 ) ) ;
#86 = CARTESIAN_POINT ( 'NONE',  ( -4.750000000000000888, -2.827989672360188944, 10.79583394561819176 ) ) ;
#87 = CARTESIAN_POINT ( 'NONE',  ( -4.250000000000002665, 17.94260393606009174, 7.605833133630173215 ) ) ;
#88 = CARTESIAN_POINT ( 'NONE',  ( 6.250000000000000000, -13.08942679075480697, -7.339372430928720270 ) ) ;
#89 = CARTESIAN_POINT ( 'NONE',  ( 4.750000000074578566, -13.57104972800920528, 14.34481085593343508 ) ) ;
#90 = CARTESIAN_POINT ( 'NONE',  ( -6.250000000000000000, 18.40963832902700403, 7.789058440882583589 ) ) ;
#91 = SURFACE_STYLE_USAGE ( .BOTH. , #1918 ) ;
#92 = CARTESIAN_POINT ( 'NONE',  ( 4.750000000000000888, -12.46165084093113862, 14.11948598354819140 ) ) ;
#93 = CARTESIAN_POINT ( 'NONE',  ( -6.250000000000000888, 19.27259990092488096, 9.560711871409075968 ) ) ;
#94 = LINE ( 'NONE', #1067, #2327 ) ;
#95 = EDGE_LOOP ( 'NONE', ( #1395, #1739, #2215, #2620 ) ) ;
#96 = CARTESIAN_POINT ( 'NONE',  ( 6.250000000000000000, 14.44078926322393386, 13.71417451149830846 ) ) ;
#97 = CIRCLE ( 'NONE', #486, 1.650000000000000355 ) ;
#98 = CARTESIAN_POINT ( 'NONE',  ( -6.250000000001326050, 2.501490550450200079, 11.21975192890045925 ) ) ;
#99 = CARTESIAN_POINT ( 'NONE',  ( 5.486057327226688152, -13.78962728035896035, 13.98727717601682485 ) ) ;
#100 = CARTESIAN_POINT ( 'NONE',  ( -5.869053741959630699, -13.75345931154382484, 13.58189296723271511 ) ) ;
#101 = CARTESIAN_POINT ( 'NONE',  ( 6.211812944364219824, -12.96694356340023901, 13.07281857174415052 ) ) ;
#102 = CARTESIAN_POINT ( 'NONE',  ( -4.845900967155851724, -14.08293570623516544, 14.07087884425787649 ) ) ;
#103 = CARTESIAN_POINT ( 'NONE',  ( 4.995865032507423642, -12.36504404458231754, 14.04311698496835881 ) ) ;
#104 = CARTESIAN_POINT ( 'NONE',  ( -4.799377637990042800, -12.35065404716602799, 14.05754333028069425 ) ) ;
#105 = DIRECTION ( 'NONE',  ( 1.000000000000000000, 0.0000000000000000000, 0.0000000000000000000 ) ) ;
#106 = CARTESIAN_POINT ( 'NONE',  ( -4.750000000000000000, -13.21564128239171865, 1.766004442050193690 ) ) ;
#107 = CARTESIAN_POINT ( 'NONE',  ( 4.750000000074579454, -13.89987309418783923, 14.20840779232854345 ) ) ;
#108 = CARTESIAN_POINT ( 'NONE',  ( 4.250000000000000000, 10.78948049042709023, 12.42391484336883778 ) ) ;
#109 = CARTESIAN_POINT ( 'NONE',  ( 6.250000000000000000, -14.76528886961062703, 12.66923861391365769 ) ) ;
#110 = CARTESIAN_POINT ( 'NONE',  ( 6.249999999999998224, -12.00090366477675907, 12.12180857157063585 ) ) ;
#111 = CARTESIAN_POINT ( 'NONE',  ( -6.250000000000000888, 19.74041090165453127, 8.482120217026094977 ) ) ;
#112 = FACE_OUTER_BOUND ( 'NONE', #513, .T. ) ;
#113 = ORIENTED_EDGE ( 'NONE', *, *, #821, .F. ) ;
#114 = EDGE_CURVE ( 'NONE', #80, #1446, #1708, .T. ) ;
#115 = CARTESIAN_POINT ( 'NONE',  ( -4.749999999999917399, -11.67327658878005892, 13.66144082663201509 ) ) ;
#116 = CARTESIAN_POINT ( 'NONE',  ( 5.653033379294642558, -13.10348810215978688, 14.02075313051472527 ) ) ;
#117 = CARTESIAN_POINT ( 'NONE',  ( -6.051357871777509168, -12.79130597031489991, 13.44724576224138701 ) ) ;
#118 = CARTESIAN_POINT ( 'NONE',  ( 6.250000000000000000, -13.14635990577688673, 12.78358858090372330 ) ) ;
#119 = CARTESIAN_POINT ( 'NONE',  ( -4.845497561765085948, -13.78844943030154724, 14.26460619526782203 ) ) ;
#120 = CARTESIAN_POINT ( 'NONE',  ( 4.946429471412822743, 19.73580863921688788, 8.469450895031124915 ) ) ;
#121 = CARTESIAN_POINT ( 'NONE',  ( -4.750000000000001776, 2.597178157570497525, 11.23558384088620699 ) ) ;
#122 = CARTESIAN_POINT ( 'NONE',  ( -4.749999999983629984, -11.53034273440833779, 13.54252211357509772 ) ) ;
#123 = CARTESIAN_POINT ( 'NONE',  ( -6.250000000000000000, 10.19688112755326515, 12.71923582243551110 ) ) ;
#124 = LINE ( 'NONE', #88, #2413 ) ;
#125 = CARTESIAN_POINT ( 'NONE',  ( 6.250000000000007994, 18.37808737631056033, 7.853557722062561197 ) ) ;
#126 = B_SPLINE_CURVE_WITH_KNOTS ( 'NONE', 3,
 ( #569, #537, #307, #1236, #1803, #634, #1544, #2033, #162, #178, #1332, #408, #2261, #1099, #2952, #2936, #871, #2729, #855, #651, #2002, #390, #1084, #1575 ),
 .UNSPECIFIED., .F., .F.,
 ( 4, 2, 2, 2, 2, 2, 2, 2, 2, 2, 2, 4 ),
 ( 0.0000000000000000000, 0.1250000000000000000, 0.1875000000000000000, 0.2500000000000000000, 0.3750000000000000000, 0.5000000000000000000, 0.6250000000000000000, 0.6875000000000000000, 0.7500000000000000000, 0.8750000000000000000, 0.9375000000000000000, 1.000000000000000000 ),
 .UNSPECIFIED. ) ;
#127 = VERTEX_POINT ( 'NONE', #1074 ) ;
#128 = CARTESIAN_POINT ( 'NONE',  ( 4.249999999999999112, 10.23064849094974704, 12.18408474707963229 ) ) ;
#129 = CARTESIAN_POINT ( 'NONE',  ( 6.250000000000000000, -8.521985316564778756, 10.50635896422036808 ) ) ;
#130 = ORIENTED_EDGE ( 'NONE', *, *, #2143, .T. ) ;
#131 = CARTESIAN_POINT ( 'NONE',  ( -6.249999999999997335, 9.924180926237180955, 12.59204337123676254 ) ) ;
#132 = CARTESIAN_POINT ( 'NONE',  ( 5.413074731261757755, -12.52645658598377665, 13.98008985919140912 ) ) ;
#133 = CARTESIAN_POINT ( 'NONE',  ( -5.654120365936461390, -13.94947015462528306, 13.70651499398410245 ) ) ;
#134 = CARTESIAN_POINT ( 'NONE',  ( -6.249999999999999112, -13.30446657567039637, 2.117363949520084887 ) ) ;
#135 = CARTESIAN_POINT ( 'NONE',  ( -4.848765838217869550, -12.35197521801831222, 14.05542808648326591 ) ) ;
#136 = CARTESIAN_POINT ( 'NONE',  ( 4.799373238155202337, -12.35468592525585940, 14.05981489954085184 ) ) ;
#137 = CARTESIAN_POINT ( 'NONE',  ( -6.250000000000000888, -13.09385982517868285, 12.86764316752893578 ) ) ;
#138 = CARTESIAN_POINT ( 'NONE',  ( -4.749999999983629984, -14.37930715174566387, 5.987462434695474123 ) ) ;
#139 = DIRECTION ( 'NONE',  ( 0.0000000000000000000, -0.5180724077136680261, 0.8553367643015018507 ) ) ;
#140 = CARTESIAN_POINT ( 'NONE',  ( -4.750000000000000888, -14.35653630194389052, 5.873676111007637424 ) ) ;
#141 = PLANE ( 'NONE',  #396 ) ;
#142 = VERTEX_POINT ( 'NONE', #2927 ) ;
#143 = CARTESIAN_POINT ( 'NONE',  ( -6.250000000000000888, 19.75623533661480735, 8.449873467312492892 ) ) ;
#144 = CARTESIAN_POINT ( 'NONE',  ( 6.250000000000000000, 4.663491677161506033, 10.20201026686774171 ) ) ;
#145 = CARTESIAN_POINT ( 'NONE',  ( -6.250000000000000000, -13.52710259403112403, 10.89013447547124791 ) ) ;
#146 = CARTESIAN_POINT ( 'NONE',  ( -6.250000000000000000, 11.54228999974607639, 13.23561956059467271 ) ) ;
#147 = CARTESIAN_POINT ( 'NONE',  ( 5.729001783387019486, -13.10203359902796549, 13.94968477332384893 ) ) ;
#148 = CARTESIAN_POINT ( 'NONE',  ( -6.249999999998096634, -12.81221178698322838, 1.099942985201337597 ) ) ;
#149 = VECTOR ( 'NONE', #1906, 999.9999999999998863 ) ;
#150 = CARTESIAN_POINT ( 'NONE',  ( -4.799369631202332620, -13.89613073536161814, 14.21062027517024262 ) ) ;
#151 = CARTESIAN_POINT ( 'NONE',  ( 5.880541897417278285, -12.62343318384484370, 13.62657807110915797 ) ) ;
#152 = CARTESIAN_POINT ( 'NONE',  ( 6.250000000000000000, 14.22331607859296909, 13.79267403528787916 ) ) ;
#153 = CARTESIAN_POINT ( 'NONE',  ( 6.091465535717364155, -13.41283613577740041, 13.37643270269204798 ) ) ;
#154 = CARTESIAN_POINT ( 'NONE',  ( -4.749999999983629984, -13.13017972207344641, 14.54326532306811615 ) ) ;
#155 = CARTESIAN_POINT ( 'NONE',  ( -4.750000000000000888, -12.35065404716640280, 14.05754333028090919 ) ) ;
#156 = CARTESIAN_POINT ( 'NONE',  ( -6.239920358754240226, -13.29655180807406012, 12.90296701580800764 ) ) ;
#157 = ORIENTED_EDGE ( 'NONE', *, *, #2176, .T. ) ;
#158 = EDGE_CURVE ( 'NONE', #1570, #1680, #1276, .T. ) ;
#159 = CARTESIAN_POINT ( 'NONE',  ( 6.250000000000000888, 19.79838885590940478, 8.363973781816486763 ) ) ;
#160 = CARTESIAN_POINT ( 'NONE',  ( -4.250000000000001776, 6.371397762890853578, 10.23659928781515660 ) ) ;
#161 = CARTESIAN_POINT ( 'NONE',  ( 6.249999999999666045, 5.271588050709447693, 11.96816763057144684 ) ) ;
#162 = CARTESIAN_POINT ( 'NONE',  ( -6.052397853672969674, -13.85662436336299308, 13.02878026509033127 ) ) ;
#163 = CARTESIAN_POINT ( 'NONE',  ( -6.250000000000167866, 9.685533696327173203, 14.13280499726298167 ) ) ;
#164 = CARTESIAN_POINT ( 'NONE',  ( 5.943762609759714266, -14.01173697323761402, 13.07958599175718106 ) ) ;
#165 = CARTESIAN_POINT ( 'NONE',  ( -4.750000000000000000, -12.94626228640749233, 1.351270065088339134 ) ) ;
#166 = CARTESIAN_POINT ( 'NONE',  ( 4.749999999999896083, -14.35642639056876213, 5.884690290552316405 ) ) ;
#167 = CARTESIAN_POINT ( 'NONE',  ( 6.171494273016784327, -12.89219978345630047, 13.19331006377992743 ) ) ;
#168 = CARTESIAN_POINT ( 'NONE',  ( 6.250000000000000000, 9.854751353169346473, 12.56008926992851826 ) ) ;
#169 = CARTESIAN_POINT ( 'NONE',  ( 6.051455251593597318, -13.84078210394733865, 13.07359719821768174 ) ) ;
#170 = CARTESIAN_POINT ( 'NONE',  ( -4.749999999983629984, -7.653733501306605014, 11.75176294572011493 ) ) ;
#171 = CARTESIAN_POINT ( 'NONE',  ( -6.249999999999997335, 16.47845084012164207, 12.13910759587350618 ) ) ;
#172 = CARTESIAN_POINT ( 'NONE',  ( -6.250000000000000888, -13.14635990577688318, 12.78358858090372330 ) ) ;
#173 = EDGE_LOOP ( 'NONE', ( #1269, #978, #422, #2157 ) ) ;
#174 = DIRECTION ( 'NONE',  ( 0.0000000000000000000, -0.7343060468724628143, -0.6788185542002637129 ) ) ;
#175 = CARTESIAN_POINT ( 'NONE',  ( 4.250000000000000000, -4.846045645933263479, 9.002878500380738558 ) ) ;
#176 = EDGE_CURVE ( 'NONE', #2723, #127, #347, .T. ) ;
#177 = CARTESIAN_POINT ( 'NONE',  ( 4.750000000000000888, -3.213098072041286279, 10.83366428648981739 ) ) ;
#178 = CARTESIAN_POINT ( 'NONE',  ( -5.943732470691271530, -14.01082940148037892, 13.08201366653992714 ) ) ;
#179 = CARTESIAN_POINT ( 'NONE',  ( -4.750000000000000888, 9.376780407926794680, 13.99271775335047785 ) ) ;
#180 = CARTESIAN_POINT ( 'NONE',  ( -4.749999999998731681, -12.81221180114163616, 1.099942976551283147 ) ) ;
#181 = CARTESIAN_POINT ( 'NONE',  ( 4.750000000000000000, -14.50039199090313957, 6.599708383375062049 ) ) ;
#182 =( GEOMETRIC_REPRESENTATION_CONTEXT ( 3 ) GLOBAL_UNCERTAINTY_ASSIGNED_CONTEXT ( ( #394 ) ) GLOBAL_UNIT_ASSIGNED_CONTEXT ( ( #2839, #582, #2491 ) ) REPRESENTATION_CONTEXT ( 'NONE', 'WORKASPACE' ) );
#183 = CARTESIAN_POINT ( 'NONE',  ( 4.250000000000000000, -5.996575690540802306, 9.225280825627590886 ) ) ;
#184 = CARTESIAN_POINT ( 'NONE',  ( -6.171508173080787252, -12.89092007403609230, 13.19255727618829965 ) ) ;
#185 = CARTESIAN_POINT ( 'NONE',  ( 6.052420480312322937, -13.85736656716716553, 13.02678445329796730 ) ) ;
#186 = CARTESIAN_POINT ( 'NONE',  ( -6.250000000000000888, -13.14635990577688318, 12.78358858090372330 ) ) ;
#187 = CARTESIAN_POINT ( 'NONE',  ( -5.530146834808687295, -13.93542535330896115, 13.84801108149749105 ) ) ;
#188 = CARTESIAN_POINT ( 'NONE',  ( 4.250000000000000000, -7.542042695640579275, 9.645089938434997734 ) ) ;
#189 = CARTESIAN_POINT ( 'NONE',  ( 4.750000000000000888, 6.248080026845607371, 12.35056517900849826 ) ) ;
#190 = CARTESIAN_POINT ( 'NONE',  ( -4.750000000000000888, 11.98581911811533196, 14.98352164501960182 ) ) ;
#191 = ORIENTED_EDGE ( 'NONE', *, *, #1427, .F. ) ;
#192 = ADVANCED_FACE ( 'NONE', ( #2451 ), #362, .T. ) ;
#193 = CARTESIAN_POINT ( 'NONE',  ( -6.250000000000000888, -15.02588170491080533, 10.44822564921623709 ) ) ;
#194 = CARTESIAN_POINT ( 'NONE',  ( 6.249999999999998224, -13.02965377195689989, 6.894574592786934630 ) ) ;
#195 = CARTESIAN_POINT ( 'NONE',  ( 4.250000000000001776, -10.99187432297619083, 11.01370806825570625 ) ) ;
#196 = CARTESIAN_POINT ( 'NONE',  ( 6.250000000000000000, 7.841513524566574134, 11.45283703669391784 ) ) ;
#197 = CARTESIAN_POINT ( 'NONE',  ( 6.171479308844452838, -13.60251638757016401, 12.93961436738663018 ) ) ;
#198 = AXIS2_PLACEMENT_3D ( 'NONE', #1200, #77, #1218 ) ;
#199 = CARTESIAN_POINT ( 'NONE',  ( -6.250000000000000888, -13.10529467147441274, 12.87346172976087288 ) ) ;
#200 = CARTESIAN_POINT ( 'NONE',  ( -5.491407500248437934, -14.15114336832189679, 13.65181082108929722 ) ) ;
#201 = CARTESIAN_POINT ( 'NONE',  ( 4.250000000000000000, 6.893019151296253533, 10.44420203651332457 ) ) ;
#202 = CARTESIAN_POINT ( 'NONE',  ( 4.750000000000000888, 6.563412285323895645, 12.49218786017209659 ) ) ;
#203 = CARTESIAN_POINT ( 'NONE',  ( -6.249999999999913847, 11.58732951416916102, 14.84698189093788123 ) ) ;
#204 = CARTESIAN_POINT ( 'NONE',  ( -6.250000000000000000, -13.20761919113807004, 12.62304064196068687 ) ) ;
#205 = CARTESIAN_POINT ( 'NONE',  ( 6.249999999999166889, -13.60642178600647689, 2.886282129467045543 ) ) ;
#206 = CARTESIAN_POINT ( 'NONE',  ( 6.250000000000000000, 18.28559117695314740, 8.048037106345287128 ) ) ;
#207 = CARTESIAN_POINT ( 'NONE',  ( 4.749999999999999112, -12.18424160648358701, 13.96386723954917741 ) ) ;
#208 = CARTESIAN_POINT ( 'NONE',  ( 4.250000000000000000, 6.443639984588955372, 10.26445844681141750 ) ) ;
#209 = CARTESIAN_POINT ( 'NONE',  ( -6.250000000000020428, -12.40251080134007466, 14.08681585873286757 ) ) ;
#210 = CARTESIAN_POINT ( 'NONE',  ( 6.052452235747469267, -12.75019677867152446, 13.42222749253338066 ) ) ;
#211 = CARTESIAN_POINT ( 'NONE',  ( -6.209714279991657371, -13.22798100552761014, 13.09688884854539026 ) ) ;
#212 = CARTESIAN_POINT ( 'NONE',  ( -5.528177759992688678, -13.68104895855851666, 14.00810756453823203 ) ) ;
#213 = CARTESIAN_POINT ( 'NONE',  ( 4.250000000000000888, -6.485441337894687130, 9.343689584042907725 ) ) ;
#214 = CARTESIAN_POINT ( 'NONE',  ( 4.750000000000000888, 9.079022977136132155, 13.84777269877655215 ) ) ;
#215 = CARTESIAN_POINT ( 'NONE',  ( -6.250000000000000000, 12.45616926356720100, 13.55907368567570970 ) ) ;
#216 = CARTESIAN_POINT ( 'NONE',  ( -4.749999999983629984, 4.065030925295447517, 11.50841359157928778 ) ) ;
#217 = CARTESIAN_POINT ( 'NONE',  ( -6.250000000000000000, -13.16564968472037123, 12.73593770773914891 ) ) ;
#218 = CARTESIAN_POINT ( 'NONE',  ( 6.250000000000000000, 15.20304734965436211, 13.30794206073469432 ) ) ;
#219 = ORIENTED_EDGE ( 'NONE', *, *, #1550, .T. ) ;
#220 = CARTESIAN_POINT ( 'NONE',  ( 4.250000000000001776, 8.119285787731921999, 11.03791170531440891 ) ) ;
#221 = CARTESIAN_POINT ( 'NONE',  ( -4.750000000000000888, -12.68427700182216178, 14.22752333213979448 ) ) ;
#222 = CARTESIAN_POINT ( 'NONE',  ( 4.988294159212677492, -13.78490362384818013, 14.24564435063174805 ) ) ;
#223 = B_SPLINE_CURVE_WITH_KNOTS ( 'NONE', 3,
 ( #1948, #1265, #318, #334 ),
 .UNSPECIFIED., .F., .F.,
 ( 4, 4 ),
 ( 0.03397267134191921112, 0.03553859581285886970 ),
 .UNSPECIFIED. ) ;
#224 = CARTESIAN_POINT ( 'NONE',  ( -6.168279227154640942, -13.46493287927055604, 13.12986596197516320 ) ) ;
#225 = CARTESIAN_POINT ( 'NONE',  ( -5.535564034635397590, -14.18493782826516103, 13.55071051537380988 ) ) ;
#226 = CARTESIAN_POINT ( 'NONE',  ( 6.250000000000000000, 14.72824193998076581, 9.957426734848230154 ) ) ;
#227 = CARTESIAN_POINT ( 'NONE',  ( 6.239783053524086576, -13.13375164281099927, 12.97325001879213602 ) ) ;
#228 = CARTESIAN_POINT ( 'NONE',  ( 6.249999999999913847, 9.892294323627442765, 14.21835748671663424 ) ) ;
#229 = CARTESIAN_POINT ( 'NONE',  ( -6.250000000000000000, 13.77830249151296194, 13.84177075079093200 ) ) ;
#230 = CARTESIAN_POINT ( 'NONE',  ( 5.943762609759714266, -14.01173697323761402, 13.07958599175718106 ) ) ;
#231 = CARTESIAN_POINT ( 'NONE',  ( -6.250000000000054179, -14.53642555923338087, 13.35135354543339581 ) ) ;
#232 = CARTESIAN_POINT ( 'NONE',  ( 6.250000000000000000, 16.86599397046876447, 11.50460375543936387 ) ) ;
#233 = CARTESIAN_POINT ( 'NONE',  ( 4.750000000000001776, 0.2345602868309183409, 10.88983408582936718 ) ) ;
#234 = CARTESIAN_POINT ( 'NONE',  ( -6.250000000000000000, -13.30470784874669832, 12.86183612592454573 ) ) ;
#235 = CARTESIAN_POINT ( 'NONE',  ( 5.355734676411263884, -13.52613262985024178, 14.18513380784359335 ) ) ;
#236 = CARTESIAN_POINT ( 'NONE',  ( -6.094699613063448318, -13.68927832581969994, 13.16201526565495961 ) ) ;
#237 = CARTESIAN_POINT ( 'NONE',  ( -5.650865854021078327, -13.46427042040055433, 13.98008584350258232 ) ) ;
#238 = CARTESIAN_POINT ( 'NONE',  ( -4.250000000000000888, -12.33220431089186597, 5.969074123174079816 ) ) ;
#239 = CARTESIAN_POINT ( 'NONE',  ( 6.168034765230608230, -13.11697722712567860, 13.25766706882554580 ) ) ;
#240 = CARTESIAN_POINT ( 'NONE',  ( 6.250000000000039968, 11.03740955129044643, 14.64810626862428400 ) ) ;
#241 = ADVANCED_FACE ( 'NONE', ( #1291 ), #1057, .F. ) ;
#242 = ORIENTED_EDGE ( 'NONE', *, *, #1507, .F. ) ;
#243 = FACE_OUTER_BOUND ( 'NONE', #2275, .T. ) ;
#244 = CARTESIAN_POINT ( 'NONE',  ( 4.944969574543505608, -12.57396172684397406, 14.16522923011719826 ) ) ;
#245 = CARTESIAN_POINT ( 'NONE',  ( -4.750000000000000888, 13.91051101296380210, 15.34490476026013361 ) ) ;
#246 = CARTESIAN_POINT ( 'NONE',  ( 5.140813545287691078, -14.52106652009564947, 13.25379932928356652 ) ) ;
#247 = CARTESIAN_POINT ( 'NONE',  ( -6.250000000000000888, -14.45275842912712605, 6.362941519077111252 ) ) ;
#248 = CARTESIAN_POINT ( 'NONE',  ( 6.249999999999915623, 15.38744180985191790, 14.92640267296824064 ) ) ;
#249 = CARTESIAN_POINT ( 'NONE',  ( 4.750000000000000000, -2.096852164283670827, 10.78793208941934090 ) ) ;
#250 = CARTESIAN_POINT ( 'NONE',  ( -6.250000000000000000, -13.29102998889012710, 12.85568814888562628 ) ) ;
#251 = CARTESIAN_POINT ( 'NONE',  ( 5.362572388231963139, -14.26192214611235443, 13.61152731754809331 ) ) ;
#252 = CARTESIAN_POINT ( 'NONE',  ( -6.197319077565664358, -13.20979935510223591, 13.14960750419540325 ) ) ;
#253 = CARTESIAN_POINT ( 'NONE',  ( -4.988313114676100390, -13.78082760256303452, 14.24753268029555997 ) ) ;
#254 = CARTESIAN_POINT ( 'NONE',  ( 4.750000000000000000, -14.66940768203302703, 7.458331028434117549 ) ) ;
#255 = CARTESIAN_POINT ( 'NONE',  ( 6.209734561957563237, -13.27979307700237221, 13.07843918527061078 ) ) ;
#256 = CARTESIAN_POINT ( 'NONE',  ( 6.249999999999665157, 11.40202245269349923, 14.77998281665718316 ) ) ;
#257 = CARTESIAN_POINT ( 'NONE',  ( 6.250000000000000000, -12.88633070725170704, 6.182720844277560523 ) ) ;
#258 = CARTESIAN_POINT ( 'NONE',  ( 6.250000000000000888, -12.70681490908466316, 14.23763139096002917 ) ) ;
#259 = CARTESIAN_POINT ( 'NONE',  ( 4.799369093491218763, -14.16855050687470019, 13.98698458057399741 ) ) ;
#260 = CARTESIAN_POINT ( 'NONE',  ( -6.249999999999835687, 17.69841717727263486, 13.01661761026673680 ) ) ;
#261 = CARTESIAN_POINT ( 'NONE',  ( 4.946983161822298136, -14.55545888814725863, 13.26556304741196790 ) ) ;
#262 = CARTESIAN_POINT ( 'NONE',  ( 4.250000000000000000, -12.83266796895830808, 8.562618737996801954 ) ) ;
#263 = CARTESIAN_POINT ( 'NONE',  ( 4.750000000000000888, 18.72617830015671103, 11.00247680852152499 ) ) ;
#264 = CARTESIAN_POINT ( 'NONE',  ( -4.750000000000000888, -11.98868156191196377, 13.84507648203862296 ) ) ;
#265 = CARTESIAN_POINT ( 'NONE',  ( 5.233996736738988353, -14.45464024448314433, 13.34733482508047864 ) ) ;
#266 = CARTESIAN_POINT ( 'NONE',  ( -6.170995456463755247, -12.91750726516341352, 13.20896149373475481 ) ) ;
#267 = ORIENTED_EDGE ( 'NONE', *, *, #60, .F. ) ;
#268 = CARTESIAN_POINT ( 'NONE',  ( -4.943050130126245278, -14.29741459338099929, 13.80016889820336701 ) ) ;
#269 = CARTESIAN_POINT ( 'NONE',  ( 4.750000000000000000, -13.26790342675639600, 2.031843093903686448 ) ) ;
#270 = CARTESIAN_POINT ( 'NONE',  ( 6.167497839564348716, -13.26473203321523542, 13.23219959243501798 ) ) ;
#271 = CARTESIAN_POINT ( 'NONE',  ( 6.250000000000000000, -13.11968892122556873, 12.84704934450675928 ) ) ;
#272 = CARTESIAN_POINT ( 'NONE',  ( 6.250000000000000000, -10.07353761039129303, -3.421603984674083332 ) ) ;
#273 = CARTESIAN_POINT ( 'NONE',  ( -6.249999999999832134, 19.54241238805671088, 8.908751979236253504 ) ) ;
#274 = CARTESIAN_POINT ( 'NONE',  ( -4.249999999999998224, -10.99187432297619083, 11.01370806825570625 ) ) ;
#275 = CARTESIAN_POINT ( 'NONE',  ( 6.250000000000000000, 14.72824193998076581, 11.60742673484823229 ) ) ;
#276 = CARTESIAN_POINT ( 'NONE',  ( 6.250000000000000888, 14.61375034221266311, 15.23776056044896876 ) ) ;
#277 = EDGE_CURVE ( 'NONE', #1630, #1970, #1777, .T. ) ;
#278 = CARTESIAN_POINT ( 'NONE',  ( -6.249999999998668621, 1.078007501607310514, 10.98891525671372627 ) ) ;
#279 = CARTESIAN_POINT ( 'NONE',  ( 5.235369751295182894, -12.39549258727594250, 13.99403209332624343 ) ) ;
#280 = CARTESIAN_POINT ( 'NONE',  ( -6.199980805910175086, -12.94085638574179420, 13.11260737915608843 ) ) ;
#281 = ORIENTED_EDGE ( 'NONE', *, *, #1507, .T. ) ;
#282 = CARTESIAN_POINT ( 'NONE',  ( -5.222351689512140460, -13.75240955754387251, 14.17925269909115116 ) ) ;
#283 = CARTESIAN_POINT ( 'NONE',  ( -4.750000000000000000, 0.6694033728386226123, 10.94558792762019195 ) ) ;
#284 = CARTESIAN_POINT ( 'NONE',  ( -6.098220773265191852, 18.99205952386700957, 8.111257017382067502 ) ) ;
#285 = CARTESIAN_POINT ( 'NONE',  ( -4.250000000000002665, -12.43050067534553804, 6.450380835708981131 ) ) ;
#286 = VECTOR ( 'NONE', #1204, 1000.000000000000000 ) ;
#287 = CARTESIAN_POINT ( 'NONE',  ( 4.249999999999998224, 17.32975890952996423, 9.047229582840698114 ) ) ;
#288 = VECTOR ( 'NONE', #565, 1000.000000000000000 ) ;
#289 = CARTESIAN_POINT ( 'NONE',  ( 4.750000000000000888, -12.69039428809390380, 14.23025923562783390 ) ) ;
#290 = CARTESIAN_POINT ( 'NONE',  ( -6.249999999999833022, 17.08232057535749249, 13.73902597820067406 ) ) ;
#291 = CARTESIAN_POINT ( 'NONE',  ( -4.249999999999997335, 0.2808091570405076842, 8.891516399277252347 ) ) ;
#292 = VERTEX_POINT ( 'NONE', #1698 ) ;
#293 = FACE_OUTER_BOUND ( 'NONE', #436, .T. ) ;
#294 = CARTESIAN_POINT ( 'NONE',  ( 4.750000000000000888, 15.27234835173650218, 14.98477157116403191 ) ) ;
#295 = CARTESIAN_POINT ( 'NONE',  ( -6.250000000000000000, -12.41985541260423354, 12.36042450107436963 ) ) ;
#296 = CARTESIAN_POINT ( 'NONE',  ( 5.532718375081415729, -12.91758227739243381, 14.07252187530064624 ) ) ;
#297 = CARTESIAN_POINT ( 'NONE',  ( -6.044785002743836344, -13.10325241025191900, 13.53578273859983661 ) ) ;
#298 = EDGE_CURVE ( 'NONE', #1706, #991, #1767, .T. ) ;
#299 = VERTEX_POINT ( 'NONE', #1196 ) ;
#300 = CARTESIAN_POINT ( 'NONE',  ( -5.129982387644834496, -13.86961319451274477, 14.15970105502648835 ) ) ;
#301 = CARTESIAN_POINT ( 'NONE',  ( -4.750000000000000000, -5.146099791283565317, 11.09162776406236972 ) ) ;
#302 = CARTESIAN_POINT ( 'NONE',  ( -6.240287408985579987, 18.57006624278301743, 7.908022611352254039 ) ) ;
#303 = CARTESIAN_POINT ( 'NONE',  ( 4.250000000000000000, -10.94643134796799799, 1.880006493288146618 ) ) ;
#304 = CARTESIAN_POINT ( 'NONE',  ( 6.250000000000000000, -13.31703995401990426, 12.27694251453030994 ) ) ;
#305 = CARTESIAN_POINT ( 'NONE',  ( 6.250000000000000888, -13.43142704993167591, 11.84584322965395664 ) ) ;
#306 = CARTESIAN_POINT ( 'NONE',  ( -4.750000000000042633, 17.45581929830645507, 13.32982334266924518 ) ) ;
#307 = CARTESIAN_POINT ( 'NONE',  ( -6.240303835082831263, -13.33212789340880455, 12.84771788551545413 ) ) ;
#308 = ORIENTED_EDGE ( 'NONE', *, *, #877, .T. ) ;
#309 = CARTESIAN_POINT ( 'NONE',  ( 6.250000000000000888, 14.30729707258800687, 15.30548818938075684 ) ) ;
#310 = CARTESIAN_POINT ( 'NONE',  ( -6.250000000000000000, -4.475599686743678696, 9.458371345237631900 ) ) ;
#311 = CARTESIAN_POINT ( 'NONE',  ( 5.662083822838471114, -14.20742893682217911, 13.33471372736431526 ) ) ;
#312 = CARTESIAN_POINT ( 'NONE',  ( -5.932446040284961697, -13.58419113251537524, 13.59095958996697817 ) ) ;
#313 = CARTESIAN_POINT ( 'NONE',  ( -5.370718007459901244, -12.42149277648024430, 13.94412788326216202 ) ) ;
#314 = CARTESIAN_POINT ( 'NONE',  ( -5.742349019568766089, -12.54736166462796554, 13.74260710002391406 ) ) ;
#315 = CARTESIAN_POINT ( 'NONE',  ( 6.250000000000000000, -12.65710487657100281, 0.8438616778608104552 ) ) ;
#316 = CARTESIAN_POINT ( 'NONE',  ( -4.249999999999999112, -11.68467250831660209, 3.458033811878198804 ) ) ;
#317 = CARTESIAN_POINT ( 'NONE',  ( 4.799372019136382228, -12.89381090785455619, 14.32024190235686056 ) ) ;
#318 = CARTESIAN_POINT ( 'NONE',  ( -4.250000000000000000, 17.71293018417783571, 8.075447957377916097 ) ) ;
#319 = CARTESIAN_POINT ( 'NONE',  ( 4.750000000000060396, -12.61141434873974809, 14.19469461557861578 ) ) ;
#320 = CARTESIAN_POINT ( 'NONE',  ( -4.750000000000000888, 17.83614423969181217, 12.80784075669502364 ) ) ;
#321 = CARTESIAN_POINT ( 'NONE',  ( 4.250000000000000000, 11.21099267591272231, 12.58285362314523859 ) ) ;
#322 = VERTEX_POINT ( 'NONE', #2821 ) ;
#323 = CARTESIAN_POINT ( 'NONE',  ( 6.250000000000001776, 14.35204034544374707, 13.74975900725505440 ) ) ;
#324 = CARTESIAN_POINT ( 'NONE',  ( -6.249999999999997335, 1.273881901335676359, 9.501084179258809215 ) ) ;
#325 = CARTESIAN_POINT ( 'NONE',  ( 5.652879246784663358, -13.88483554231355654, 13.76606078355305840 ) ) ;
#326 = CARTESIAN_POINT ( 'NONE',  ( -5.943843996029785082, -12.66174285062399640, 13.55947855627613485 ) ) ;
#327 = CARTESIAN_POINT ( 'NONE',  ( 6.168687167737973098, -13.04496670635285938, 13.25233794597525261 ) ) ;
#328 = CARTESIAN_POINT ( 'NONE',  ( -4.847797957788720247, -14.47340981153126727, 13.49456014109356339 ) ) ;
#329 = CARTESIAN_POINT ( 'NONE',  ( 5.943806757139635799, -12.66417955553319707, 13.56089245655426190 ) ) ;
#330 = CARTESIAN_POINT ( 'NONE',  ( 4.249999999999998224, 17.32975890952997489, 9.047229582840682127 ) ) ;
#331 = CARTESIAN_POINT ( 'NONE',  ( -6.249999999999998224, 3.541849845807994335, 9.904108596508768514 ) ) ;
#332 = CARTESIAN_POINT ( 'NONE',  ( -4.750000000000000888, -14.01461901493982332, 4.306598751818494719 ) ) ;
#333 = CARTESIAN_POINT ( 'NONE',  ( 4.799368605883691075, -14.30977946353892349, 13.80362220262097495 ) ) ;
#334 = CARTESIAN_POINT ( 'NONE',  ( -4.250000000000002665, 17.94260393606009174, 7.605833133630173215 ) ) ;
#335 = EDGE_CURVE ( 'NONE', #1034, #2005, #2793, .T. ) ;
#336 =( NAMED_UNIT ( * ) PLANE_ANGLE_UNIT ( ) SI_UNIT ( $, .RADIAN. ) );
#337 = CARTESIAN_POINT ( 'NONE',  ( 6.249999999999957367, -11.67312217404612618, 13.66135214254959607 ) ) ;
#338 = CARTESIAN_POINT ( 'NONE',  ( -4.750000000000000888, 19.74041090165453127, 8.482120217026098530 ) ) ;
#339 = CARTESIAN_POINT ( 'NONE',  ( 4.250000000000000000, -9.490105119885406282, -5.605918286800371853 ) ) ;
#340 = ORIENTED_EDGE ( 'NONE', *, *, #1230, .F. ) ;
#341 = VECTOR ( 'NONE', #1429, 1000.000000000000000 ) ;
#342 = CARTESIAN_POINT ( 'NONE',  ( -6.250000000000000888, 3.205395714150423458, 11.36654791461118741 ) ) ;
#343 = CARTESIAN_POINT ( 'NONE',  ( 5.651457261246076946, -13.73164281829389743, 13.87158839740264149 ) ) ;
#344 = CARTESIAN_POINT ( 'NONE',  ( -5.939877348263149059, -12.77669015689087395, 13.62144241372871356 ) ) ;
#345 = CARTESIAN_POINT ( 'NONE',  ( -4.750000000000000888, -12.65710487657099925, 0.8438616778608047930 ) ) ;
#346 = CARTESIAN_POINT ( 'NONE',  ( -4.799366771635297013, -14.30746947917266887, 13.80714838273714840 ) ) ;
#347 = LINE ( 'NONE', #1517, #1355 ) ;
#348 = CARTESIAN_POINT ( 'NONE',  ( -4.750000000000002665, 4.834692357644351013, 11.80543518336537012 ) ) ;
#349 = CARTESIAN_POINT ( 'NONE',  ( 4.750000000000002665, -13.74071459128509787, 2.832203217072660983 ) ) ;
#350 = CARTESIAN_POINT ( 'NONE',  ( -4.749999999983629984, -14.44035672617167876, 13.59748560121771277 ) ) ;
#351 = FACE_OUTER_BOUND ( 'NONE', #570, .T. ) ;
#352 = CARTESIAN_POINT ( 'NONE',  ( 4.750000000074578566, -14.47747691911340340, 13.49152552320740917 ) ) ;
#353 = CARTESIAN_POINT ( 'NONE',  ( -4.750000000000000888, 19.84063232306961311, 8.277890802173253348 ) ) ;
#354 = CARTESIAN_POINT ( 'NONE',  ( 6.250000000001321609, -9.326265806722902951, 12.45609501549828124 ) ) ;
#355 =( NAMED_UNIT ( * ) PLANE_ANGLE_UNIT ( ) SI_UNIT ( $, .RADIAN. ) );
#356 = ORIENTED_EDGE ( 'NONE', *, *, #2641, .F. ) ;
#357 = CARTESIAN_POINT ( 'NONE',  ( -6.250000000000000000, 10.27545681528873800, 12.75328883276653968 ) ) ;
#358 = CARTESIAN_POINT ( 'NONE',  ( 5.544033630570592841, -12.47416624248500305, 13.86720540477562302 ) ) ;
#359 = CARTESIAN_POINT ( 'NONE',  ( -5.727138560875549622, -13.61394908354235866, 13.84862361716345802 ) ) ;
#360 = CARTESIAN_POINT ( 'NONE',  ( 6.250000000000000000, -13.14635990577688673, 12.78358858090371974 ) ) ;
#361 = CARTESIAN_POINT ( 'NONE',  ( -4.848454153262148125, -14.52040686497625188, 13.38350890151749084 ) ) ;
#362 = CYLINDRICAL_SURFACE ( 'NONE', #2136, 1.500000000000000666 ) ;
#363 = CARTESIAN_POINT ( 'NONE',  ( 6.250000000000001776, 16.95242786737119189, 11.32165489017659965 ) ) ;
#364 = CARTESIAN_POINT ( 'NONE',  ( 4.750000000000002665, -10.01169727667614318, 12.75490776631451695 ) ) ;
#365 = PLANE ( 'NONE',  #1801 ) ;
#366 = CARTESIAN_POINT ( 'NONE',  ( -4.750000000000001776, -14.76955917637811311, 7.967194199478781158 ) ) ;
#367 = FACE_BOUND ( 'NONE', #71, .T. ) ;
#368 = VERTEX_POINT ( 'NONE', #2599 ) ;
#369 = CARTESIAN_POINT ( 'NONE',  ( -4.750000000000000888, -12.65710487657100281, 0.8438616778608104552 ) ) ;
#370 = CARTESIAN_POINT ( 'NONE',  ( 4.750000000000333067, -1.072734850958678043, 10.79707015014767713 ) ) ;
#371 = CARTESIAN_POINT ( 'NONE',  ( 6.249999999999998224, -12.41969295685182928, 12.36033119832752369 ) ) ;
#372 = DIRECTION ( 'NONE',  ( 0.0000000000000000000, 0.5180724077136680261, -0.8553367643015018507 ) ) ;
#373 = AXIS2_PLACEMENT_3D ( 'NONE', #405, #1814, #1125 ) ;
#374 = CARTESIAN_POINT ( 'NONE',  ( -4.750000000000000888, 10.47454406829518980, 14.44336653286450378 ) ) ;
#375 = CARTESIAN_POINT ( 'NONE',  ( 5.867529042135524620, -13.32832456983838654, 13.77238222804987089 ) ) ;
#376 = CARTESIAN_POINT ( 'NONE',  ( 6.250000000000000000, -13.12513610933687680, 12.87844292552674830 ) ) ;
#377 = CARTESIAN_POINT ( 'NONE',  ( -4.799365055895073340, -14.47571939380254769, 13.49542897505772565 ) ) ;
#378 = ADVANCED_FACE ( 'NONE', ( #802 ), #2172, .T. ) ;
#379 = CARTESIAN_POINT ( 'NONE',  ( 4.750000000000000000, 19.74455986418033859, 8.473665535612399324 ) ) ;
#380 = CARTESIAN_POINT ( 'NONE',  ( 6.249999999999999112, 5.022944035736073509, 10.29737431033268713 ) ) ;
#381 = CARTESIAN_POINT ( 'NONE',  ( 6.150915987773498905, -13.49752564220624862, 13.16372502821623058 ) ) ;
#382 = CARTESIAN_POINT ( 'NONE',  ( 4.750000000000002665, -11.53034273440833779, 13.54252211357509772 ) ) ;
#383 = CARTESIAN_POINT ( 'NONE',  ( -4.749999999983628207, -14.56557692842477358, 13.27351906847446550 ) ) ;
#384 = CARTESIAN_POINT ( 'NONE',  ( -6.250000000000000888, -13.18413457811862344, 12.86726938973999523 ) ) ;
#385 = ORIENTED_EDGE ( 'NONE', *, *, #176, .F. ) ;
#386 = CARTESIAN_POINT ( 'NONE',  ( 4.250000000000000000, -8.715900501990764937, -4.890216078419009627 ) ) ;
#387 = ORIENTED_EDGE ( 'NONE', *, *, #1187, .F. ) ;
#388 = CARTESIAN_POINT ( 'NONE',  ( -4.250000000000002665, 7.924322105057099108, 10.93549922340674208 ) ) ;
#389 = CARTESIAN_POINT ( 'NONE',  ( 6.250000000000000000, 2.788793007018363745, 9.746834900497013621 ) ) ;
#390 = CARTESIAN_POINT ( 'NONE',  ( -4.848739919965039391, -14.56322140869734838, 13.27270591522860599 ) ) ;
#391 = ADVANCED_BREP_SHAPE_REPRESENTATION ( 'Viper Trigger base', ( #1638, #468 ), #2516 ) ;
#392 = CARTESIAN_POINT ( 'NONE',  ( -6.250000000000000000, 9.236046540101860103, 12.23790373950175336 ) ) ;
#393 = CARTESIAN_POINT ( 'NONE',  ( 5.871206637302245568, -12.95393910860961917, 13.77035748167019236 ) ) ;
#394 = UNCERTAINTY_MEASURE_WITH_UNIT (LENGTH_MEASURE( 1.000000000000000082E-05 ), #2839, 'distance_accuracy_value', 'NONE');
#395 = CARTESIAN_POINT ( 'NONE',  ( -6.249999999999997335, -12.18462018431651117, 3.369382188683188950 ) ) ;
#396 = AXIS2_PLACEMENT_3D ( 'NONE', #1296, #2473, #2227 ) ;
#397 = CARTESIAN_POINT ( 'NONE',  ( -4.749999999983628207, -14.56557692842477181, 13.27351906847446372 ) ) ;
#398 = CARTESIAN_POINT ( 'NONE',  ( 6.240307696296525819, -13.04274813300286695, 12.95061702264666614 ) ) ;
#399 = CARTESIAN_POINT ( 'NONE',  ( 6.249999999999999112, -3.232375557781861808, 9.331107023683328450 ) ) ;
#400 = CARTESIAN_POINT ( 'NONE',  ( 6.044032494822867640, -13.50424961667213530, 13.43364573560751651 ) ) ;
#401 = CARTESIAN_POINT ( 'NONE',  ( -4.750000000000000888, 12.24048564197679489, 15.06833442964745551 ) ) ;
#402 = CARTESIAN_POINT ( 'NONE',  ( -6.249999999999999112, 18.06000711700820816, 8.503355684035510009 ) ) ;
#403 = CARTESIAN_POINT ( 'NONE',  ( -6.239774424332091840, -13.13317086465118066, 12.97321539759359155 ) ) ;
#404 = CARTESIAN_POINT ( 'NONE',  ( 6.250000000000000000, 18.47287348130514673, 7.660198981841209509 ) ) ;
#405 = CARTESIAN_POINT ( 'NONE',  ( 6.250000000000000000, 14.72824193998076581, 11.60742673484823229 ) ) ;
#406 = APPLICATION_PROTOCOL_DEFINITION ( 'draft international standard', 'automotive_design', 1998, #2809 ) ;
#407 = CARTESIAN_POINT ( 'NONE',  ( 6.249999999999999112, -5.299310450101239134, 11.11173182468679954 ) ) ;
#408 = CARTESIAN_POINT ( 'NONE',  ( -5.742217595807495911, -14.21481679263236586, 13.15243252455144507 ) ) ;
#409 = CARTESIAN_POINT ( 'NONE',  ( -6.250000000000000000, 10.01147187541319994, 12.63351384006560529 ) ) ;
#410 = CARTESIAN_POINT ( 'NONE',  ( 5.879039463208621363, -14.06153240001648363, 13.16893735314491209 ) ) ;
#411 = PRODUCT ( 'Viper Trigger base', 'Viper Trigger base', '', ( #1525 ) ) ;
#412 = CARTESIAN_POINT ( 'NONE',  ( 6.250000000000000000, -13.14635990577688673, 12.78358858090371974 ) ) ;
#413 = CARTESIAN_POINT ( 'NONE',  ( 4.750000000000210498, -14.03960259035117630, 4.410592916980542455 ) ) ;
#414 = CARTESIAN_POINT ( 'NONE',  ( 4.250000000000000000, -9.050925464847926705, 10.16302154885577558 ) ) ;
#415 = LINE ( 'NONE', #2957, #2383 ) ;
#416 = CARTESIAN_POINT ( 'NONE',  ( 6.153254577208376652, -12.93022541954158200, 13.26606464952606679 ) ) ;
#417 = CARTESIAN_POINT ( 'NONE',  ( -6.240303835082831263, -13.33212789340880455, 12.84771788551545413 ) ) ;
#418 = CARTESIAN_POINT ( 'NONE',  ( -5.651547361550092852, -13.72838010236614537, 13.87341240364738049 ) ) ;
#419 = CARTESIAN_POINT ( 'NONE',  ( -4.250000000000002665, 0.5998351370697564411, 8.923414466140952683 ) ) ;
#420 = CARTESIAN_POINT ( 'NONE',  ( 6.250000000000666134, 5.601955520885569584, 12.08844584225641405 ) ) ;
#421 = CARTESIAN_POINT ( 'NONE',  ( -4.750000000000001776, 7.176971713443791145, 12.79887934947119810 ) ) ;
#422 = ORIENTED_EDGE ( 'NONE', *, *, #1997, .F. ) ;
#423 = CARTESIAN_POINT ( 'NONE',  ( -6.249999999999842792, -14.84074465640872909, 12.36130326565900894 ) ) ;
#424 = CARTESIAN_POINT ( 'NONE',  ( 4.750000000000000000, -14.64357631992473330, 7.324209812989348478 ) ) ;
#425 = CARTESIAN_POINT ( 'NONE',  ( 4.250000000000000000, -12.86078288138836179, 12.03805939669290304 ) ) ;
#426 = CARTESIAN_POINT ( 'NONE',  ( 6.250000000000000888, 10.37689616956598826, 12.79557960664252114 ) ) ;
#427 = CARTESIAN_POINT ( 'NONE',  ( 6.154200205371330945, -12.89681551829722395, 13.25106243321051558 ) ) ;
#428 = CARTESIAN_POINT ( 'NONE',  ( -6.250000000000000888, -13.14635990577688318, 12.78358858090371974 ) ) ;
#429 = CARTESIAN_POINT ( 'NONE',  ( -5.528628072884964162, -13.77235005000862600, 13.96159647383856317 ) ) ;
#430 = CARTESIAN_POINT ( 'NONE',  ( -4.250000000000001776, -8.058817106499290617, 9.815646202338882631 ) ) ;
#431 = CARTESIAN_POINT ( 'NONE',  ( 6.250000000000000000, -6.348767146278614604, 9.817543299607685015 ) ) ;
#432 = CARTESIAN_POINT ( 'NONE',  ( -6.250000000000000000, 14.86799161653662971, 13.50319652596063946 ) ) ;
#433 = EDGE_LOOP ( 'NONE', ( #219, #630, #1928, #242 ) ) ;
#434 = CARTESIAN_POINT ( 'NONE',  ( -6.249999999999579003, -14.64357827507556031, 7.324219982565606024 ) ) ;
#435 = CARTESIAN_POINT ( 'NONE',  ( 6.249999999999579892, -14.15253665075202605, 4.910257579444788689 ) ) ;
#436 = EDGE_LOOP ( 'NONE', ( #2605, #2731, #113, #2583 ) ) ;
#437 = CARTESIAN_POINT ( 'NONE',  ( 4.249999999999999112, -0.2436140773367302947, 8.847303518101467645 ) ) ;
#438 = CARTESIAN_POINT ( 'NONE',  ( -6.250000000000000000, -13.28829441691881996, 12.85445855347784594 ) ) ;
#439 = CARTESIAN_POINT ( 'NONE',  ( 6.097574762096107825, -12.83317341985351945, 13.37176975952020541 ) ) ;
#440 = VECTOR ( 'NONE', #1843, 1000.000000000000000 ) ;
#441 = CARTESIAN_POINT ( 'NONE',  ( -6.250000000000000888, -13.09385982517868285, 12.86764316752893578 ) ) ;
#442 = CARTESIAN_POINT ( 'NONE',  ( -5.531215283840134056, -14.00661973362246471, 13.78088022020390291 ) ) ;
#443 = AXIS2_PLACEMENT_3D ( 'NONE', #2661, #2207, #2644 ) ;
#444 = LINE ( 'NONE', #1610, #619 ) ;
#445 = CARTESIAN_POINT ( 'NONE',  ( 6.250000000000000000, 11.54676326678701415, 13.23723449370221772 ) ) ;
#446 = CARTESIAN_POINT ( 'NONE',  ( -6.250000000000000000, 14.95159446191370201, 13.45594864063597207 ) ) ;
#447 = CARTESIAN_POINT ( 'NONE',  ( -4.749999999983629984, 0.1539620314231549270, 10.75827667005961885 ) ) ;
#448 = CARTESIAN_POINT ( 'NONE',  ( -6.250000000000000000, -13.46764987606090536, 9.517470359990877427 ) ) ;
#449 = CARTESIAN_POINT ( 'NONE',  ( 4.750000000000000000, 17.37217948041650573, 13.43033671016308261 ) ) ;
#450 = CARTESIAN_POINT ( 'NONE',  ( 4.750000000000000888, -8.886869368544026315, 12.26384964487885298 ) ) ;
#451 = CARTESIAN_POINT ( 'NONE',  ( 4.249999999999998224, 7.884330005251455553, 10.91456260952614876 ) ) ;
#452 = CARTESIAN_POINT ( 'NONE',  ( -6.250000000000000000, -12.75302954561718849, 12.55442698908384713 ) ) ;
#453 = CARTESIAN_POINT ( 'NONE',  ( 5.132859963205424592, -12.90080797581270033, 14.26847675648377844 ) ) ;
#454 = CARTESIAN_POINT ( 'NONE',  ( -6.198043766677542088, -13.06310449718474409, 13.15923920889105148 ) ) ;
#455 = CARTESIAN_POINT ( 'NONE',  ( -5.406762272838709471, -14.24297428416831757, 13.60030667298619278 ) ) ;
#456 = DIRECTION ( 'NONE',  ( -1.000000000000000000, -0.0000000000000000000, -0.0000000000000000000 ) ) ;
#457 = CARTESIAN_POINT ( 'NONE',  ( 6.250000000000001776, 10.27967519179935252, 12.75509221174520746 ) ) ;
#458 = CARTESIAN_POINT ( 'NONE',  ( -6.250000000000000000, 13.48957430714424355, 13.81761562850978464 ) ) ;
#459 = CARTESIAN_POINT ( 'NONE',  ( -4.250000000000000000, 11.21099267591272231, 12.58285362314523859 ) ) ;
#460 = CARTESIAN_POINT ( 'NONE',  ( 4.250000000000000000, -12.86078288138836179, 12.03805939669290304 ) ) ;
#461 = CARTESIAN_POINT ( 'NONE',  ( 6.250000000000000000, 17.33067243844167393, 10.45098784894911859 ) ) ;
#462 = CARTESIAN_POINT ( 'NONE',  ( 4.750000000000000888, 2.542894994731958125, 11.22446919003246713 ) ) ;
#463 = CARTESIAN_POINT ( 'NONE',  ( -6.249999999999991118, -12.68974814576477961, 14.22998252295536226 ) ) ;
#464 = CARTESIAN_POINT ( 'NONE',  ( 5.226880496494760386, -14.24912322630422601, 13.74526932617439456 ) ) ;
#465 = CARTESIAN_POINT ( 'NONE',  ( -6.167482603509516714, -13.26333088975276020, 13.23256298291129340 ) ) ;
#466 = ADVANCED_FACE ( 'NONE', ( #1963 ), #1683, .F. ) ;
#467 =( BOUNDED_CURVE ( )  B_SPLINE_CURVE ( 3, ( #1932, #1765, #1749, #533 ),
 .UNSPECIFIED., .F., .T. ) 
 B_SPLINE_CURVE_WITH_KNOTS ( ( 4, 4 ),
 ( 0.0000000000000000000, 1.570796326794896336 ),
 .UNSPECIFIED. ) 
 CURVE ( )  GEOMETRIC_REPRESENTATION_ITEM ( )  RATIONAL_B_SPLINE_CURVE ( ( 1.000000000000000000, 0.8047378541243650485, 0.8047378541243650485, 1.000000000000000000 ) ) 
 REPRESENTATION_ITEM ( '' )  );
#468 = AXIS2_PLACEMENT_3D ( 'NONE', #599, #2230, #616 ) ;
#469 = CARTESIAN_POINT ( 'NONE',  ( -5.488717340259105626, -14.02440869619950803, 13.80421839216133861 ) ) ;
#470 = LINE ( 'NONE', #2807, #1926 ) ;
#471 = CARTESIAN_POINT ( 'NONE',  ( 6.199961761196878918, -13.51334293802454667, 12.90911308514231948 ) ) ;
#472 = CARTESIAN_POINT ( 'NONE',  ( 6.250000000000000000, 11.36440373528032133, 13.17131504565555922 ) ) ;
#473 = DIRECTION ( 'NONE',  ( -0.0000000000000000000, 0.9009578903993864518, 0.4339065333998636254 ) ) ;
#474 = CARTESIAN_POINT ( 'NONE',  ( 4.750000000074580342, -14.30977946353890573, 13.80362220262100870 ) ) ;
#475 = CARTESIAN_POINT ( 'NONE',  ( -6.250000000000169642, 12.64181258276117958, 15.17835094371693394 ) ) ;
#476 = CARTESIAN_POINT ( 'NONE',  ( 6.250000000000000000, -13.14635990577688140, 12.78358858090371974 ) ) ;
#477 = CARTESIAN_POINT ( 'NONE',  ( 4.250000000000000000, -12.99339614548139288, 9.863265936945584400 ) ) ;
#478 = CARTESIAN_POINT ( 'NONE',  ( 4.750000000000000888, 18.20620895560713137, 12.18557693785135321 ) ) ;
#479 = VERTEX_POINT ( 'NONE', #87 ) ;
#480 = CARTESIAN_POINT ( 'NONE',  ( -4.749999999999998224, -12.66675670129147768, 14.21965540468486999 ) ) ;
#481 = CARTESIAN_POINT ( 'NONE',  ( 4.989659322512885353, -14.15451186020535701, 13.97212310595659801 ) ) ;
#482 = CARTESIAN_POINT ( 'NONE',  ( -6.169362293540173070, -13.53947896299724363, 13.05504208870922511 ) ) ;
#483 = CARTESIAN_POINT ( 'NONE',  ( -5.137068202707554931, -12.58252832222461493, 14.12875456851500111 ) ) ;
#484 = CARTESIAN_POINT ( 'NONE',  ( 4.750000000000000888, -12.98293865270096248, 1.429284610085188145 ) ) ;
#485 = CARTESIAN_POINT ( 'NONE',  ( 6.197777685591126406, -13.40269406519390749, 13.05958548936954955 ) ) ;
#486 = AXIS2_PLACEMENT_3D ( 'NONE', #1688, #2619, #1492 ) ;
#487 = CARTESIAN_POINT ( 'NONE',  ( 4.750000000000000888, 11.59212135630394158, 14.84868536481340051 ) ) ;
#488 = ORIENTED_EDGE ( 'NONE', *, *, #2663, .F. ) ;
#489 = CARTESIAN_POINT ( 'NONE',  ( 4.750000000000105693, -14.30728837507539275, 5.642971913511083848 ) ) ;
#490 = DIRECTION ( 'NONE',  ( 1.000000000000000000, 0.0000000000000000000, 0.0000000000000000000 ) ) ;
#491 = CARTESIAN_POINT ( 'NONE',  ( 4.847688276499486193, -12.56976205263757862, 14.17402830000372482 ) ) ;
#492 = CARTESIAN_POINT ( 'NONE',  ( -4.750000000000000888, 15.00970290592197998, 15.10283912380644900 ) ) ;
#493 = CARTESIAN_POINT ( 'NONE',  ( 6.154757862122814949, -13.64684484274884646, 12.95477666883115653 ) ) ;
#494 = LINE ( 'NONE', #2349, #2380 ) ;
#495 = CARTESIAN_POINT ( 'NONE',  ( 6.250000000000000000, 17.03026760241641924, 11.15596687825618005 ) ) ;
#496 = CARTESIAN_POINT ( 'NONE',  ( -6.249999999999996447, -13.28008650883994690, 12.85077241232994005 ) ) ;
#497 = CARTESIAN_POINT ( 'NONE',  ( 4.989165925847531824, -14.07480218514460546, 14.05351680137772163 ) ) ;
#498 = CARTESIAN_POINT ( 'NONE',  ( -6.198265101305989511, -13.44402728679485115, 13.02192846449361951 ) ) ;
#499 = ORIENTED_EDGE ( 'NONE', *, *, #277, .T. ) ;
#500 = CARTESIAN_POINT ( 'NONE',  ( -4.995826044170915914, -14.54701285213417350, 13.26711052996117779 ) ) ;
#501 = CARTESIAN_POINT ( 'NONE',  ( 4.250000000000000888, -12.28277354733236848, 5.732492138243021174 ) ) ;
#502 = CARTESIAN_POINT ( 'NONE',  ( 6.197337726745189457, -13.21093259403382092, 13.14941011981613705 ) ) ;
#503 = EDGE_CURVE ( 'NONE', #1237, #1034, #2547, .T. ) ;
#504 = PRESENTATION_STYLE_ASSIGNMENT (( #91 ) ) ;
#505 = DIRECTION ( 'NONE',  ( 0.0000000000000000000, 0.0000000000000000000, -1.000000000000000000 ) ) ;
#506 = CARTESIAN_POINT ( 'NONE',  ( -6.249999999999997335, 18.16686782819253665, 8.310107751863416325 ) ) ;
#507 = CARTESIAN_POINT ( 'NONE',  ( -4.249999999999997335, -9.050925464847926705, 10.16302154885577558 ) ) ;
#508 = LINE ( 'NONE', #721, #286 ) ;
#509 = CARTESIAN_POINT ( 'NONE',  ( 4.750000000000000888, 17.83823231794707098, 12.80456671806465963 ) ) ;
#510 = CARTESIAN_POINT ( 'NONE',  ( -4.750000000000000888, -9.326848635977459168, 12.45635675005847531 ) ) ;
#511 = CARTESIAN_POINT ( 'NONE',  ( 5.366197038905466954, -14.36067866015101480, 13.42379824142479450 ) ) ;
#512 = CARTESIAN_POINT ( 'NONE',  ( -6.197636257774204793, -13.37806935354579352, 13.07784546310486462 ) ) ;
#513 = EDGE_LOOP ( 'NONE', ( #2354, #1103, #2457, #953 ) ) ;
#514 = CARTESIAN_POINT ( 'NONE',  ( -5.222330316778123205, -13.43150882775358212, 14.27675696649474624 ) ) ;
#515 = CARTESIAN_POINT ( 'NONE',  ( -6.250000000000000000, 5.748326857532478407, 10.53109235522729747 ) ) ;
#516 = VECTOR ( 'NONE', #2852, 1000.000000000000000 ) ;
#517 = CARTESIAN_POINT ( 'NONE',  ( 4.250000000000000000, -12.89675248179730715, 8.833489977758976153 ) ) ;
#518 =( NAMED_UNIT ( * ) SI_UNIT ( $, .STERADIAN. ) SOLID_ANGLE_UNIT ( ) );
#519 = FACE_OUTER_BOUND ( 'NONE', #2395, .T. ) ;
#520 = CARTESIAN_POINT ( 'NONE',  ( -6.250000000000007105, 18.32600304128929380, 7.961413994173701880 ) ) ;
#521 = CARTESIAN_POINT ( 'NONE',  ( -4.249999999999999112, 9.280012497282459805, 11.69338036412802317 ) ) ;
#522 = ORIENTED_EDGE ( 'NONE', *, *, #2623, .T. ) ;
#523 = EDGE_CURVE ( 'NONE', #2714, #2377, #1315, .T. ) ;
#524 = DIRECTION ( 'NONE',  ( 0.0000000000000000000, 0.9009578903993865628, 0.4339065333998636254 ) ) ;
#525 = CARTESIAN_POINT ( 'NONE',  ( 6.250000000000000000, 14.14537171496403545, 13.80866342686994130 ) ) ;
#526 = CARTESIAN_POINT ( 'NONE',  ( -6.250000000000000000, 4.660360504085432787, 10.20111799848353940 ) ) ;
#527 = CARTESIAN_POINT ( 'NONE',  ( 5.399765883411101974, -13.41492999832747479, 14.18199590851050829 ) ) ;
#528 = CARTESIAN_POINT ( 'NONE',  ( -5.737189620585392724, -12.69573531764298302, 13.82315283479849732 ) ) ;
#529 = ORIENTED_EDGE ( 'NONE', *, *, #2421, .F. ) ;
#530 = CARTESIAN_POINT ( 'NONE',  ( -5.137566114344102708, -14.43283170784727609, 13.47187615515324666 ) ) ;
#531 = CARTESIAN_POINT ( 'NONE',  ( -4.750000000000000888, 9.011523840491291182, 13.81774060132682180 ) ) ;
#532 = DIRECTION ( 'NONE',  ( 0.0000000000000000000, -0.5180724077136680261, 0.8553367643015018507 ) ) ;
#533 = CARTESIAN_POINT ( 'NONE',  ( -6.250000000000000000, -8.949320015015642227, -2.382337365599187073 ) ) ;
#534 = CARTESIAN_POINT ( 'NONE',  ( 4.750000000000000888, -14.76528887111521726, 12.66923861428233344 ) ) ;
#535 = LINE ( 'NONE', #272, #1840 ) ;
#536 = CARTESIAN_POINT ( 'NONE',  ( -6.250000000000000000, 15.82086690729886058, 12.86394447333363189 ) ) ;
#537 = CARTESIAN_POINT ( 'NONE',  ( -6.250000000000000888, -13.24001827984163704, 12.81592055842257949 ) ) ;
#538 = EDGE_LOOP ( 'NONE', ( #1437, #157, #1540, #57 ) ) ;
#539 = CARTESIAN_POINT ( 'NONE',  ( 4.750000000000000888, 14.51569415001301344, 15.26292146345310208 ) ) ;
#540 = CARTESIAN_POINT ( 'NONE',  ( -6.249999999999872102, -11.67327658880986263, 13.66144082657960723 ) ) ;
#541 = CARTESIAN_POINT ( 'NONE',  ( 5.533686020069663591, -14.13353661485035850, 13.62914900750210023 ) ) ;
#542 = CARTESIAN_POINT ( 'NONE',  ( -6.049904060595936883, -13.81662690414575678, 13.12382631370163644 ) ) ;
#543 = CARTESIAN_POINT ( 'NONE',  ( -4.995132379485647256, -14.50491044077581115, 13.37630263186049184 ) ) ;
#544 = CARTESIAN_POINT ( 'NONE',  ( 4.750000000000000000, -11.37409973011874875, 1.620970289431312494 ) ) ;
#545 = CARTESIAN_POINT ( 'NONE',  ( -5.943467506650512711, 19.21650446253730848, 8.219350998594000757 ) ) ;
#546 = FACE_OUTER_BOUND ( 'NONE', #1577, .T. ) ;
#547 = CARTESIAN_POINT ( 'NONE',  ( 4.750000000074577677, -12.56859774698978249, 14.17619455738873135 ) ) ;
#548 = DIRECTION ( 'NONE',  ( 0.0000000000000000000, 0.5180724077136680261, -0.8553367643015018507 ) ) ;
#549 = CARTESIAN_POINT ( 'NONE',  ( 6.250000000000182077, -14.53642590419287650, 13.35135319975588786 ) ) ;
#550 = CARTESIAN_POINT ( 'NONE',  ( 6.250000000000000000, -11.66223910799357100, 11.93756029745667036 ) ) ;
#551 = CARTESIAN_POINT ( 'NONE',  ( -6.250000000000000888, 17.83614423380111091, 12.80784075318911164 ) ) ;
#552 = SURFACE_STYLE_FILL_AREA ( #2442 ) ;
#553 = EDGE_LOOP ( 'NONE', ( #585, #387, #2200, #1938, #1912, #2212, #2772 ) ) ;
#554 = CARTESIAN_POINT ( 'NONE',  ( 4.750000000000001776, 14.87654367894848662, 15.15771501106439878 ) ) ;
#555 = CARTESIAN_POINT ( 'NONE',  ( -6.250000000000000000, -3.322942232533953266, 9.337341052962251808 ) ) ;
#556 = CARTESIAN_POINT ( 'NONE',  ( 5.402383399785172458, -14.05952082694807537, 13.84427206467902494 ) ) ;
#557 = CARTESIAN_POINT ( 'NONE',  ( -5.876130006747049883, -12.74720060004874256, 13.69337607493673303 ) ) ;
#558 = CARTESIAN_POINT ( 'NONE',  ( 6.210345642599329530, -13.07413357957661049, 13.11289147236374042 ) ) ;
#559 = CARTESIAN_POINT ( 'NONE',  ( -4.799370203115741695, -13.78952075336647631, 14.26654653855827348 ) ) ;
#560 = CARTESIAN_POINT ( 'NONE',  ( -4.750000000000000888, -12.35065404716640280, 14.05754333028090919 ) ) ;
#561 = ADVANCED_FACE ( 'NONE', ( #2899 ), #1520, .T. ) ;
#562 = CARTESIAN_POINT ( 'NONE',  ( -5.505599926365333907, 19.57375154662315353, 8.391403261496298782 ) ) ;
#563 = CARTESIAN_POINT ( 'NONE',  ( -4.750000000000001776, -15.01896920760027143, 10.62305943995994184 ) ) ;
#564 = CARTESIAN_POINT ( 'NONE',  ( 4.750000000074577677, -13.45518645564668248, 14.36847388578846640 ) ) ;
#565 = DIRECTION ( 'NONE',  ( 1.000000000000000000, 0.0000000000000000000, 0.0000000000000000000 ) ) ;
#566 = CARTESIAN_POINT ( 'NONE',  ( 6.250000000000000000, -13.20762144553099482, 12.62303440615481698 ) ) ;
#567 = CARTESIAN_POINT ( 'NONE',  ( 6.249999999999916511, -11.91113866990502146, 13.79942943051836046 ) ) ;
#568 = CARTESIAN_POINT ( 'NONE',  ( -6.250000000000000000, 17.73855220512781017, 9.377540137922377284 ) ) ;
#569 = CARTESIAN_POINT ( 'NONE',  ( -6.250000000000000000, -13.14635990577687963, 12.78358858090371797 ) ) ;
#570 = EDGE_LOOP ( 'NONE', ( #26, #2144, #866 ) ) ;
#571 = CARTESIAN_POINT ( 'NONE',  ( -6.250000000000333067, -4.269452216482513052, 10.94454462692945640 ) ) ;
#572 = CARTESIAN_POINT ( 'NONE',  ( 5.665103285168227032, -14.24476089754256058, 13.25050064947689599 ) ) ;
#573 = CARTESIAN_POINT ( 'NONE',  ( -5.932118272516399671, -13.51773789657640457, 13.62334844586438720 ) ) ;
#574 = CARTESIAN_POINT ( 'NONE',  ( 6.239718238925628491, -13.23664128770106352, 12.94487236571316302 ) ) ;
#575 = CARTESIAN_POINT ( 'NONE',  ( -4.749999999983629984, -12.56454153971205479, 14.17417296133659477 ) ) ;
#576 = DIRECTION ( 'NONE',  ( 0.0000000000000000000, 0.4470431880614059716, -0.8945123744297193147 ) ) ;
#577 = CARTESIAN_POINT ( 'NONE',  ( -4.750000000000000888, 9.357960702748176374, 13.99053828739750394 ) ) ;
#578 = CARTESIAN_POINT ( 'NONE',  ( -6.173427955993971317, 18.82846827757769503, 8.032470526550076428 ) ) ;
#579 = LINE ( 'NONE', #1457, #516 ) ;
#580 = CARTESIAN_POINT ( 'NONE',  ( 4.799372750547672872, -12.56859774698976295, 14.17619455738872247 ) ) ;
#581 = CARTESIAN_POINT ( 'NONE',  ( -6.250000000000000000, 18.45183682225441757, 7.703067108312906086 ) ) ;
#582 =( NAMED_UNIT ( * ) PLANE_ANGLE_UNIT ( ) SI_UNIT ( $, .RADIAN. ) );
#583 = CARTESIAN_POINT ( 'NONE',  ( 6.249999999999996447, -13.25551009359593557, 12.83968787315418680 ) ) ;
#584 = DIRECTION ( 'NONE',  ( 0.0000000000000000000, 0.0000000000000000000, -1.000000000000000000 ) ) ;
#585 = ORIENTED_EDGE ( 'NONE', *, *, #1653, .F. ) ;
#586 = ORIENTED_EDGE ( 'NONE', *, *, #1427, .T. ) ;
#587 = CARTESIAN_POINT ( 'NONE',  ( -6.250000000000001776, 6.560199877952226366, 12.49069652043787748 ) ) ;
#588 = CARTESIAN_POINT ( 'NONE',  ( 5.487478516523886185, -13.95504773780413821, 13.87045683647966676 ) ) ;
#589 = CARTESIAN_POINT ( 'NONE',  ( -5.867803921492767749, -13.62357201332447332, 13.66685159976376340 ) ) ;
#590 = CARTESIAN_POINT ( 'NONE',  ( 6.250000000000000000, -13.14635990577688673, 12.78358858090372330 ) ) ;
#591 = CARTESIAN_POINT ( 'NONE',  ( -4.947018793841195361, -12.35718123046710915, 14.04709306643449018 ) ) ;
#592 = CARTESIAN_POINT ( 'NONE',  ( 5.742305727006550953, -12.55038194600274615, 13.74434108295116097 ) ) ;
#593 = CARTESIAN_POINT ( 'NONE',  ( 6.249999999999999112, 17.25912856006658913, 10.62928444318720977 ) ) ;
#594 = CARTESIAN_POINT ( 'NONE',  ( -4.749999999983629984, 11.58278031010024200, 14.83846978498290525 ) ) ;
#595 = CARTESIAN_POINT ( 'NONE',  ( -6.250000000000000888, 14.30855876546521266, 13.76454440467064977 ) ) ;
#596 = CARTESIAN_POINT ( 'NONE',  ( -4.250000000000000888, -12.96529664809690630, 11.61102876654092242 ) ) ;
#597 = CARTESIAN_POINT ( 'NONE',  ( 6.250000000000000000, 14.72824193998076581, 13.25742673484823264 ) ) ;
#598 = CARTESIAN_POINT ( 'NONE',  ( -6.250000000000000000, 18.49403531548180624, 7.617075775743344046 ) ) ;
#599 = CARTESIAN_POINT ( 'NONE',  ( 0.0000000000000000000, 0.0000000000000000000, 0.0000000000000000000 ) ) ;
#600 = CARTESIAN_POINT ( 'NONE',  ( 4.750000000000336620, 3.208237289511045365, 11.36719167455319202 ) ) ;
#601 = CARTESIAN_POINT ( 'NONE',  ( 6.249999999999957367, -12.57150547533418283, 14.17510941216448117 ) ) ;
#602 = FILL_AREA_STYLE_COLOUR ( '', #1506 ) ;
#603 = ADVANCED_FACE ( 'NONE', ( #2454 ), #365, .F. ) ;
#604 = CARTESIAN_POINT ( 'NONE',  ( -4.749999999999833911, 5.598723673251125632, 12.08722786917009095 ) ) ;
#605 = CARTESIAN_POINT ( 'NONE',  ( 5.873337036974436209, -13.95726567743464663, 13.36092657008306439 ) ) ;
#606 = CARTESIAN_POINT ( 'NONE',  ( -4.750000000000105693, -14.45275842828534785, 6.362941519246625433 ) ) ;
#607 = CARTESIAN_POINT ( 'NONE',  ( -4.799374778423005417, -12.88970627622703091, 14.31886131482371383 ) ) ;
#608 = CARTESIAN_POINT ( 'NONE',  ( 4.750000000000000000, 19.74455986418033859, 8.473665535612399324 ) ) ;
#609 = CARTESIAN_POINT ( 'NONE',  ( 6.250000000000000000, 14.31281601788673186, 13.76307022177610762 ) ) ;
#610 = CARTESIAN_POINT ( 'NONE',  ( -4.750000000000000888, 16.58014503318526423, 14.18608440368001311 ) ) ;
#611 = CARTESIAN_POINT ( 'NONE',  ( -6.250000000000000888, 10.37268351836310032, 12.79382591275645531 ) ) ;
#612 = CARTESIAN_POINT ( 'NONE',  ( -6.209973496372370505, -13.12402373849606541, 13.11542744915558423 ) ) ;
#613 = LINE ( 'NONE', #597, #1068 ) ;
#614 = EDGE_LOOP ( 'NONE', ( #809, #522, #2902, #1738, #646, #1423, #762, #1774 ) ) ;
#615 = FACE_OUTER_BOUND ( 'NONE', #793, .T. ) ;
#616 = DIRECTION ( 'NONE',  ( 1.000000000000000000, 0.0000000000000000000, 0.0000000000000000000 ) ) ;
#617 = CARTESIAN_POINT ( 'NONE',  ( 6.250000000000000888, -7.325198817906562354, 11.67169689222298778 ) ) ;
#618 = CARTESIAN_POINT ( 'NONE',  ( -4.749999999983629984, 18.37672129766663787, 12.90925266389275805 ) ) ;
#619 = VECTOR ( 'NONE', #456, 1000.000000000000000 ) ;
#620 = CARTESIAN_POINT ( 'NONE',  ( -4.749999999999999112, 9.074454075173957079, 13.84546517955659972 ) ) ;
#621 = CARTESIAN_POINT ( 'NONE',  ( 5.942460807083216778, -13.99067729915461200, 13.13812573442756815 ) ) ;
#622 = CARTESIAN_POINT ( 'NONE',  ( -4.749999999999999112, -13.30446657720237802, 2.117363948918422167 ) ) ;
#623 = CARTESIAN_POINT ( 'NONE',  ( -4.799363912068257854, -14.56557692842477181, 13.27351906847446372 ) ) ;
#624 = CARTESIAN_POINT ( 'NONE',  ( 4.250000000000000000, -13.08942679075480697, -7.339372430928720270 ) ) ;
#625 = CARTESIAN_POINT ( 'NONE',  ( 6.249999999999999112, 0.5578264737132994089, 9.415403686927319882 ) ) ;
#626 = CARTESIAN_POINT ( 'NONE',  ( 5.934186434764963103, -13.76005432783022364, 13.46637286682704904 ) ) ;
#627 = CARTESIAN_POINT ( 'NONE',  ( -4.750000000000001776, 13.76220367030897052, 15.36350514449581262 ) ) ;
#628 = CARTESIAN_POINT ( 'NONE',  ( -6.250000000000001776, 13.93486164739447908, 13.83930737704901404 ) ) ;
#629 = CARTESIAN_POINT ( 'NONE',  ( -6.239778182045501609, -13.26253912675561963, 12.93020834532364027 ) ) ;
#630 = ORIENTED_EDGE ( 'NONE', *, *, #2623, .F. ) ;
#631 = CARTESIAN_POINT ( 'NONE',  ( 6.250000000000000000, 18.39381735761651981, 7.821298132636565370 ) ) ;
#632 = CARTESIAN_POINT ( 'NONE',  ( -4.250000000000000888, -9.066147267737326487, 10.18542070804862121 ) ) ;
#633 = CARTESIAN_POINT ( 'NONE',  ( 6.250000000000000000, -3.321143347909684351, 9.337209223934246793 ) ) ;
#634 = CARTESIAN_POINT ( 'NONE',  ( -6.171467884274766114, -13.60204462381738466, 12.94089633054696620 ) ) ;
#635 = CARTESIAN_POINT ( 'NONE',  ( -6.250000000000004441, 6.244776052250202270, 12.34913264253342824 ) ) ;
#636 = CARTESIAN_POINT ( 'NONE',  ( 5.868905533318724999, -13.75578706014224117, 13.58001037480256912 ) ) ;
#637 = ORIENTED_EDGE ( 'NONE', *, *, #2754, .F. ) ;
#638 = UNCERTAINTY_MEASURE_WITH_UNIT (LENGTH_MEASURE( 1.000000000000000082E-05 ), #1509, 'distance_accuracy_value', 'NONE');
#639 = CARTESIAN_POINT ( 'NONE',  ( -6.250000000000002665, -13.76651038795954562, 3.398513807300015621 ) ) ;
#640 =( GEOMETRIC_REPRESENTATION_CONTEXT ( 3 ) GLOBAL_UNCERTAINTY_ASSIGNED_CONTEXT ( ( #638 ) ) GLOBAL_UNIT_ASSIGNED_CONTEXT ( ( #1509, #355, #1050 ) ) REPRESENTATION_CONTEXT ( 'NONE', 'WORKASPACE' ) );
#641 = CARTESIAN_POINT ( 'NONE',  ( 6.250000000000000000, -13.44188092798551537, 11.67752450230002381 ) ) ;
#642 = CARTESIAN_POINT ( 'NONE',  ( 4.249999999999998224, 10.71257136066952320, 12.39486483508669501 ) ) ;
#643 = CARTESIAN_POINT ( 'NONE',  ( 6.250000000000000000, 12.90073906065358322, 13.69464041384484077 ) ) ;
#644 = CARTESIAN_POINT ( 'NONE',  ( 6.150136899054601258, -13.23573352930903368, 13.28794801136256254 ) ) ;
#645 = CARTESIAN_POINT ( 'NONE',  ( -6.249999999999999112, -13.14635990577688318, 12.78358858090372330 ) ) ;
#646 = ORIENTED_EDGE ( 'NONE', *, *, #1587, .T. ) ;
#647 = CARTESIAN_POINT ( 'NONE',  ( -5.538680684787902209, -12.64391327907946128, 13.95955523188779601 ) ) ;
#648 = CARTESIAN_POINT ( 'NONE',  ( 6.249999999999976907, 19.72749808581698971, 8.508610061871072716 ) ) ;
#649 = DIRECTION ( 'NONE',  ( 0.0000000000000000000, 0.8553367643015019617, 0.5180724077136676931 ) ) ;
#650 = CARTESIAN_POINT ( 'NONE',  ( 4.750000000000000888, 5.271588050819813631, 11.96816763023568164 ) ) ;
#651 = CARTESIAN_POINT ( 'NONE',  ( -4.995826044170915914, -14.54701285213417350, 13.26711052996117779 ) ) ;
#652 = CARTESIAN_POINT ( 'NONE',  ( -4.750000000000000888, 8.977522565757469764, 13.79590242303795478 ) ) ;
#653 = B_SPLINE_SURFACE_WITH_KNOTS ( 'NONE', 3, 3, ( 
 ( #2749, #172, #1569, #428, #2029, #2528, #1811, #1309, #2984, #186, #645, #1351, #2065, #881, #1556, #2515 ),
 ( #1366, #1797, #865, #2281, #2738, #2471, #1823, #1782, #384, #671, #1109, #2707, #850, #199, #1595, #441 ),
 ( #417, #2256, #2293, #2722, #156, #2502, #629, #1583, #2487, #1341, #1123, #403, #2242, #1135, #1079, #906 ),
 ( #2268, #2040, #2052, #2014, #2959, #659, #2971, #1325, #892, #211, #2693, #612, #1537, #2932, #1094, #2948 ),
 ( #2996, #2582, #1422, #2553, #498, #1619, #512, #1193, #919, #1895, #252, #1177, #454, #1848, #1608, #280 ),
 ( #2142, #2353, #712, #482, #1650, #224, #1407, #947, #1864, #465, #2109, #932, #2338, #1880, #266, #2125 ),
 ( #2818, #2541, #2775, #41, #963, #1390, #740, #2321, #1436, #1664, #697, #2596, #25, #2803, #1379, #2307 ),
 ( #725, #2367, #1209, #236, #684, #56, #1162, #1836, #1148, #2764, #2093, #2078, #9, #2789, #1633, #2567 ),
 ( #1911, #2156, #542, #2847, #2863, #1021, #2831, #1973, #1226, #2893, #782, #297, #1288, #2878, #117, #813 ),
 ( #753, #1742, #84, #2672, #2414, #70, #1273, #312, #573, #797, #1958, #1496, #2657, #344, #1711, #326 ),
 ( #1451, #1257, #990, #1006, #2610, #1694, #100, #589, #1037, #1927, #1466, #1942, #2185, #557, #1725, #2430 ),
 ( #766, #1679, #1514, #1481, #2626, #2399, #2203, #2448, #359, #2218, #2640, #1241, #977, #528, #2384, #2169 ),
 ( #2908, #1054, #1989, #828, #1758, #133, #1149, #418, #2053, #237, #2997, #2079, #2269, #1620, #1837, #907 ),
 ( #2309, #1380, #2960, #225, #1391, #442, #187, #429, #212, #920, #1849, #2973, #2776, #647, #2724, #698 ),
 ( #2554, #1352, #2751, #1609, #200, #469, #2985, #2504, #1163, #1367, #1824, #2542, #2094, #2066, #2739, #685 ),
 ( #2322, #893, #672, #455, #2765, #1571, #867, #882, #1342, #1798, #2294, #1813, #2041, #1111, #660, #1584 ),
 ( #1596, #2282, #2517, #2529, #1124, #1137, #1179, #1913, #2806, #2820, #2833, #27, #2790, #1467, #1635, #313 ),
 ( #1897, #1666, #755, #1408, #2598, #2145, #43, #727, #282, #2127, #514, #58, #1453, #1681, #1438, #72 ),
 ( #2111, #2612, #530, #1652, #2386, #2584, #1696, #300, #950, #992, #2369, #1212, #2568, #483, #979, #1882 ),
 ( #500, #543, #1424, #2355, #965, #1228, #2158, #2627, #253, #1929, #2849, #767, #1865, #2400, #742, #1242 ),
 ( #10, #933, #713, #2339, #268, #1195, #2911, #1760, #2880, #830, #1960, #844, #1532, #1259, #2235, #591 ),
 ( #783, #361, #328, #1056, #799, #2701, #102, #1023, #119, #815, #2465, #1776, #2416, #1991, #2008, #135 ),
 ( #623, #1516, #377, #1712, #346, #1549, #1303, #150, #559, #2926, #2688, #2220, #607, #1073, #2481, #2188 ),
 ( #397, #1744, #1483, #1727, #2450, #2170, #85, #1275, #1007, #1943, #2864, #2643, #2659, #575, #1498, #1039 ) ),
 .UNSPECIFIED., .F., .F., .F.,
 ( 4, 2, 2, 2, 2, 2, 2, 2, 2, 2, 2, 4 ),
 ( 4, 2, 2, 2, 2, 2, 2, 4 ),
 ( 0.0000000000000000000, 0.1250000000000000000, 0.1875000000000000000, 0.2500000000000000000, 0.3750000000000000000, 0.5000000000000000000, 0.6250000000000000000, 0.6875000000000000000, 0.7500000000000000000, 0.8750000000000000000, 0.9375000000000000000, 1.000000000000000000 ),
 ( 0.0000000000000000000, 0.1250000000000000000, 0.2500000000000000000, 0.3750000000000000000, 0.5000000000000000000, 0.6250000000000000000, 0.8750000000000000000, 1.000000000000000000 ),
 .UNSPECIFIED. ) ;
#654 = CARTESIAN_POINT ( 'NONE',  ( -6.249999999999789502, -14.30728989218122749, 5.642979266976151820 ) ) ;
#655 = CARTESIAN_POINT ( 'NONE',  ( 4.750000000000000888, -15.02588135555847337, 10.44820894608248096 ) ) ;
#656 = CARTESIAN_POINT ( 'NONE',  ( 4.750000000000000888, 17.44604390044672471, 13.36308505802808710 ) ) ;
#657 = CARTESIAN_POINT ( 'NONE',  ( 6.250000000000002665, 11.99080452198094981, 13.39779369589425428 ) ) ;
#658 = CARTESIAN_POINT ( 'NONE',  ( 6.152191942117820389, -13.57868687020058474, 13.08081381253567166 ) ) ;
#659 = CARTESIAN_POINT ( 'NONE',  ( -6.210129380968592905, -13.37018226771324159, 13.02563138507025187 ) ) ;
#660 = CARTESIAN_POINT ( 'NONE',  ( -5.413013803313583061, -12.52282636901832014, 13.97816530807785718 ) ) ;
#661 = EDGE_CURVE ( 'NONE', #292, #2152, #1852, .T. ) ;
#662 = CARTESIAN_POINT ( 'NONE',  ( -4.250000000000001776, -7.542042695640579275, 9.645089938434997734 ) ) ;
#663 = CARTESIAN_POINT ( 'NONE',  ( 4.750000000000000888, -3.919568226498014063, 10.90004827768247608 ) ) ;
#664 = CARTESIAN_POINT ( 'NONE',  ( -6.250000000000000000, 12.08940905228042162, 13.43340579534757495 ) ) ;
#665 = CARTESIAN_POINT ( 'NONE',  ( -6.250000000000000000, -13.45866590416033937, 11.55713339778320226 ) ) ;
#666 = CARTESIAN_POINT ( 'NONE',  ( 6.249999999999580780, -12.94626185491886972, 1.351269263440239010 ) ) ;
#667 = CARTESIAN_POINT ( 'NONE',  ( 4.750000000000000888, 10.09394986216510226, 14.30354638430860703 ) ) ;
#668 = CARTESIAN_POINT ( 'NONE',  ( 4.750000000000003553, 15.97556338908051288, 14.59350130957006719 ) ) ;
#669 = CARTESIAN_POINT ( 'NONE',  ( -4.750000000000000888, -12.72804615336321099, 14.24719685866434382 ) ) ;
#670 = CARTESIAN_POINT ( 'NONE',  ( 6.051387938437052583, -12.79333968220557338, 13.44828788606279524 ) ) ;
#671 = CARTESIAN_POINT ( 'NONE',  ( -6.250000000000000888, -13.16958809816665799, 12.87241635443340115 ) ) ;
#672 = CARTESIAN_POINT ( 'NONE',  ( -5.410413913605328418, -14.34075367073488749, 13.41654568680423232 ) ) ;
#673 = CARTESIAN_POINT ( 'NONE',  ( -4.750000000000000888, -11.37409973011874875, 1.620970289431312716 ) ) ;
#674 = CARTESIAN_POINT ( 'NONE',  ( 4.749999999999830358, 10.47916465237674011, 14.44507804267232487 ) ) ;
#675 = CARTESIAN_POINT ( 'NONE',  ( -4.749999999999990230, 14.60455590748575894, 15.24028812878731109 ) ) ;
#676 = CARTESIAN_POINT ( 'NONE',  ( -4.750000000000001776, 11.15036928708278019, 14.68943074196221055 ) ) ;
#677 = CARTESIAN_POINT ( 'NONE',  ( -6.250000000000103917, -14.72175405207360299, 12.82264849010372743 ) ) ;
#678 = CARTESIAN_POINT ( 'NONE',  ( 6.250000000000000000, -12.58073166948414290, 4.761836437946773692 ) ) ;
#679 = CARTESIAN_POINT ( 'NONE',  ( 6.249999999999960920, 15.69965398137387069, 14.75625877071533765 ) ) ;
#680 = CARTESIAN_POINT ( 'NONE',  ( 4.750000000000000888, 5.920487868494258343, 12.21218353194709927 ) ) ;
#681 = CARTESIAN_POINT ( 'NONE',  ( 4.250000000000000888, -4.430814148227645966, 8.944420007642367665 ) ) ;
#682 = CARTESIAN_POINT ( 'NONE',  ( -6.250000000000000000, -13.33206356845986917, 12.87413208000240061 ) ) ;
#683 = CARTESIAN_POINT ( 'NONE',  ( 6.094600274049248867, -13.69036494854825214, 13.16042924815794635 ) ) ;
#684 = CARTESIAN_POINT ( 'NONE',  ( -6.093981081297483726, -13.65877190782759953, 13.19948203196152825 ) ) ;
#685 = CARTESIAN_POINT ( 'NONE',  ( -5.501486312610285090, -12.45718813778876566, 13.88697827882279512 ) ) ;
#686 = CIRCLE ( 'NONE', #373, 1.650000000000000355 ) ;
#687 = CARTESIAN_POINT ( 'NONE',  ( -4.750000000000000888, -12.65710487657100281, 0.8438616778608104552 ) ) ;
#688 = CARTESIAN_POINT ( 'NONE',  ( 6.250000000000082601, 10.28666471537504279, 14.37345102458540502 ) ) ;
#689 = CARTESIAN_POINT ( 'NONE',  ( -6.250000000000017764, 14.29690006621895115, 15.30709610578169766 ) ) ;
#690 = CARTESIAN_POINT ( 'NONE',  ( -4.250000000000000000, 1.856481282200151961, 9.084786724648813205 ) ) ;
#691 = EDGE_CURVE ( 'NONE', #2165, #368, #2187, .T. ) ;
#692 = LINE ( 'NONE', #2990, #440 ) ;
#693 = CARTESIAN_POINT ( 'NONE',  ( 6.250000000000000000, 17.46718112523380384, 10.09295168697469158 ) ) ;
#694 = CARTESIAN_POINT ( 'NONE',  ( 4.750000000000000888, -10.65047506003680056, 13.09991723914071748 ) ) ;
#695 = CARTESIAN_POINT ( 'NONE',  ( 6.250000000000002665, -12.97895660229253423, 12.69282301340274799 ) ) ;
#696 = CARTESIAN_POINT ( 'NONE',  ( 5.140813545287691078, -14.52106652009564947, 13.25379932928356652 ) ) ;
#697 = CARTESIAN_POINT ( 'NONE',  ( -6.150103289155387287, -13.23416543168985093, 13.28821947232983547 ) ) ;
#698 = CARTESIAN_POINT ( 'NONE',  ( -5.544078987682321547, -12.47075444538236511, 13.86525811451417134 ) ) ;
#699 = DIRECTION ( 'NONE',  ( -1.000000000000000000, -0.0000000000000000000, -0.0000000000000000000 ) ) ;
#700 = CARTESIAN_POINT ( 'NONE',  ( 6.250000000000000000, -13.24011457814110315, 12.81565684492261248 ) ) ;
#701 = CARTESIAN_POINT ( 'NONE',  ( 6.250000000000084377, 9.278192144515758244, 13.94590012221156705 ) ) ;
#702 = CARTESIAN_POINT ( 'NONE',  ( 4.250000000000000000, 14.72824193998076581, 11.60742673484823229 ) ) ;
#703 = CARTESIAN_POINT ( 'NONE',  ( 4.846077530801755628, -14.16673161062747255, 13.98553472813146037 ) ) ;
#704 = CARTESIAN_POINT ( 'NONE',  ( -4.750000000000000888, 13.74185097900584118, 15.34250868115092636 ) ) ;
#705 = CARTESIAN_POINT ( 'NONE',  ( -4.250000000000000888, 7.409380301060562779, 10.68251082252374395 ) ) ;
#706 = CARTESIAN_POINT ( 'NONE',  ( -6.250000000000001776, -14.87275898203824909, 12.20609616025178390 ) ) ;
#707 = EDGE_CURVE ( 'NONE', #1511, #2564, #1356, .T. ) ;
#708 = CARTESIAN_POINT ( 'NONE',  ( 6.250000000000085265, 15.99776795926072559, 14.58071005023339950 ) ) ;
#709 = CARTESIAN_POINT ( 'NONE',  ( 4.750000000000003553, 4.820269209272430189, 11.81583730848671898 ) ) ;
#710 = CARTESIAN_POINT ( 'NONE',  ( -6.249999999999996447, -13.25548087347088178, 12.83967385482553603 ) ) ;
#711 = CARTESIAN_POINT ( 'NONE',  ( 5.228234562353307524, -14.30726146617902472, 13.65096964651059430 ) ) ;
#712 = CARTESIAN_POINT ( 'NONE',  ( -6.170316327165214609, -13.57684537925405088, 12.99962345530900976 ) ) ;
#713 = CARTESIAN_POINT ( 'NONE',  ( -4.945181216481003617, -14.46455097706696691, 13.49045736517686223 ) ) ;
#714 = CARTESIAN_POINT ( 'NONE',  ( 4.250000000000000888, -11.64041078406460628, 3.335860936310785174 ) ) ;
#715 = CARTESIAN_POINT ( 'NONE',  ( 6.240305669475996631, -13.33231935841042137, 12.84719497697424195 ) ) ;
#716 = CARTESIAN_POINT ( 'NONE',  ( 6.250000000000000000, 9.690359375965442723, 14.13486523536795936 ) ) ;
#717 = CARTESIAN_POINT ( 'NONE',  ( 6.250000000000000888, -12.18025484479368536, 3.357030899274189295 ) ) ;
#718 = CARTESIAN_POINT ( 'NONE',  ( 4.945123233284125952, -14.46632400251433559, 13.48653836915392468 ) ) ;
#719 = CARTESIAN_POINT ( 'NONE',  ( -6.249999999999979572, 14.65069298189469649, 15.22722063313138463 ) ) ;
#720 = CARTESIAN_POINT ( 'NONE',  ( -4.250000000000000000, -0.2436140773367302947, 8.847303518101467645 ) ) ;
#721 = CARTESIAN_POINT ( 'NONE',  ( 6.250000000000000000, -10.07353761039129303, -3.421603984674083332 ) ) ;
#722 = CARTESIAN_POINT ( 'NONE',  ( 6.250000000000166089, 16.79200525734107075, 14.00961426495563522 ) ) ;
#723 = CARTESIAN_POINT ( 'NONE',  ( -6.249999999999979572, -12.71710386547794158, 14.24227847703322780 ) ) ;
#724 = CARTESIAN_POINT ( 'NONE',  ( 5.413226363453798484, -14.38487401541325639, 13.31462911001550253 ) ) ;
#725 = CARTESIAN_POINT ( 'NONE',  ( -6.098387424148079994, -13.77515117810660250, 13.00065475874449206 ) ) ;
#726 = ORIENTED_EDGE ( 'NONE', *, *, #2083, .F. ) ;
#727 = CARTESIAN_POINT ( 'NONE',  ( -5.222722674695972955, -13.85357126254860027, 14.12665676436933637 ) ) ;
#728 = ADVANCED_FACE ( 'NONE', ( #243 ), #1919, .T. ) ;
#729 = DIRECTION ( 'NONE',  ( -1.000000000000000000, -0.0000000000000000000, -0.0000000000000000000 ) ) ;
#730 = CARTESIAN_POINT ( 'NONE',  ( 6.250000000000000000, -13.23806209769254494, 12.82165747008508383 ) ) ;
#731 = ORIENTED_EDGE ( 'NONE', *, *, #2838, .F. ) ;
#732 = CARTESIAN_POINT ( 'NONE',  ( 4.750000000000000888, -14.96128698795060785, 9.366159950093578601 ) ) ;
#733 = DIRECTION ( 'NONE',  ( 0.0000000000000000000, 0.6788185542002638240, -0.7343060468724629253 ) ) ;
#734 = CARTESIAN_POINT ( 'NONE',  ( -6.250000000000000000, 16.57267268448615027, 11.99782352825213927 ) ) ;
#735 = CARTESIAN_POINT ( 'NONE',  ( -6.249999999999998224, -12.57522566636389882, 4.739409958606332296 ) ) ;
#736 = CARTESIAN_POINT ( 'NONE',  ( 4.250000000000000000, -10.94643134796799799, 1.880006493288146618 ) ) ;
#737 = CARTESIAN_POINT ( 'NONE',  ( 4.749999999999835687, 17.70080251057145304, 13.01316615106988550 ) ) ;
#738 = CARTESIAN_POINT ( 'NONE',  ( -6.250000000000500044, -11.27560719913292608, 13.43494342063888425 ) ) ;
#739 = CARTESIAN_POINT ( 'NONE',  ( 5.369083478017514288, -14.40382545579189078, 13.32347317498260431 ) ) ;
#740 = CARTESIAN_POINT ( 'NONE',  ( -6.150666372622128009, -13.46423700381990862, 13.18920913003749718 ) ) ;
#741 = ORIENTED_EDGE ( 'NONE', *, *, #707, .F. ) ;
#742 = CARTESIAN_POINT ( 'NONE',  ( -4.995008383217295567, -12.46541233333030974, 14.09985330929854364 ) ) ;
#743 = CARTESIAN_POINT ( 'NONE',  ( -6.250000000000000888, -12.32339504803418784, 12.30477755909272908 ) ) ;
#744 = CARTESIAN_POINT ( 'NONE',  ( -4.250000000000002665, -12.72430179584467425, 7.918093813094044364 ) ) ;
#745 = CARTESIAN_POINT ( 'NONE',  ( 6.199971483542510597, -12.94188559596717880, 13.11321353016956159 ) ) ;
#746 = CARTESIAN_POINT ( 'NONE',  ( 6.249999999999785949, -14.87276318902542016, 12.20607455523782470 ) ) ;
#747 = CARTESIAN_POINT ( 'NONE',  ( -4.750000000000005329, 19.68260388641433778, 8.601576991849100295 ) ) ;
#748 = CARTESIAN_POINT ( 'NONE',  ( -4.250000000000000888, 3.427284837092985370, 9.356637056750331638 ) ) ;
#749 = CARTESIAN_POINT ( 'NONE',  ( 6.250000000000000000, -12.65710487657100281, 0.8438616778608104552 ) ) ;
#750 = CARTESIAN_POINT ( 'NONE',  ( 4.750000000000000888, 12.64778707843941952, 15.17988198980190084 ) ) ;
#751 = CARTESIAN_POINT ( 'NONE',  ( -4.750000000000000888, -7.995958085479769828, 11.91180755735610575 ) ) ;
#752 = CARTESIAN_POINT ( 'NONE',  ( 5.499555532031304317, -12.54652385780550716, 13.93838181960948219 ) ) ;
#753 = CARTESIAN_POINT ( 'NONE',  ( -5.943732470691271530, -14.01082940148037892, 13.08201366653992714 ) ) ;
#754 = EDGE_LOOP ( 'NONE', ( #2832, #1640, #281, #2668, #488, #964 ) ) ;
#755 = CARTESIAN_POINT ( 'NONE',  ( -5.231550572835470092, -14.40792437540871873, 13.45670931248234403 ) ) ;
#756 = CARTESIAN_POINT ( 'NONE',  ( -4.750000000000001776, -11.50179479343086442, 13.56319142205576611 ) ) ;
#757 = CARTESIAN_POINT ( 'NONE',  ( -6.202231669405549930, 18.74269215503656483, 7.991160249591620968 ) ) ;
#758 = CARTESIAN_POINT ( 'NONE',  ( -4.250000000000000888, -13.01036106239050483, 10.12421577464426292 ) ) ;
#759 = LINE ( 'NONE', #1624, #875 ) ;
#760 = CARTESIAN_POINT ( 'NONE',  ( -6.250000000000000000, 15.67126969515646806, 12.98371277230429222 ) ) ;
#761 = CARTESIAN_POINT ( 'NONE',  ( 6.250000000000000000, -13.08942679075480697, -7.339372430928720270 ) ) ;
#762 = ORIENTED_EDGE ( 'NONE', *, *, #2421, .T. ) ;
#763 = CARTESIAN_POINT ( 'NONE',  ( 4.750000000000000888, 14.30729706639034937, 15.30548815778755056 ) ) ;
#764 = CARTESIAN_POINT ( 'NONE',  ( -6.249999999999336531, -7.995958085455810327, 11.91180755741466157 ) ) ;
#765 = CARTESIAN_POINT ( 'NONE',  ( 5.399509962462646584, -13.51894560264134881, 14.15989071810327893 ) ) ;
#766 = CARTESIAN_POINT ( 'NONE',  ( -5.742217595807495911, -14.21481679263236586, 13.15243252455144507 ) ) ;
#767 = CARTESIAN_POINT ( 'NONE',  ( -4.989117905489455218, -13.11201276405085991, 14.36124714232502697 ) ) ;
#768 = CARTESIAN_POINT ( 'NONE',  ( -5.235401262730500882, -12.39167277907363385, 13.99187081101797325 ) ) ;
#769 = CARTESIAN_POINT ( 'NONE',  ( -6.250000000000002665, -12.97899214647913446, 12.69284228535378922 ) ) ;
#770 = CARTESIAN_POINT ( 'NONE',  ( -4.250000000000000000, -12.86078288138836179, 12.03805939669290304 ) ) ;
#771 = AXIS2_PLACEMENT_3D ( 'NONE', #61, #105, #981 ) ;
#772 = CARTESIAN_POINT ( 'NONE',  ( 4.799370068706272363, -13.79348280397498883, 14.26468742043997828 ) ) ;
#773 = CARTESIAN_POINT ( 'NONE',  ( 4.249999999999998224, 17.32975890952996068, 9.047229582840698114 ) ) ;
#774 = CARTESIAN_POINT ( 'NONE',  ( 6.250000000000084377, -11.75254064841884372, 13.70709525855009936 ) ) ;
#775 = CARTESIAN_POINT ( 'NONE',  ( -6.250000000000000000, 16.86479775670579073, 11.50698953217474774 ) ) ;
#776 = FACE_OUTER_BOUND ( 'NONE', #754, .T. ) ;
#777 = VERTEX_POINT ( 'NONE', #955 ) ;
#778 = CARTESIAN_POINT ( 'NONE',  ( 6.249999999999999112, 13.43777728367783020, 15.32334991572062854 ) ) ;
#779 = EDGE_CURVE ( 'NONE', #1706, #1570, #535, .T. ) ;
#780 = CARTESIAN_POINT ( 'NONE',  ( -6.250000000000000000, -6.349926622584675329, 9.817844865793441400 ) ) ;
#781 = CARTESIAN_POINT ( 'NONE',  ( 5.542124338348567214, -12.55768383192652138, 13.91540732183550944 ) ) ;
#782 = CARTESIAN_POINT ( 'NONE',  ( -6.043845861579690393, -13.27566764144903821, 13.51521956399251501 ) ) ;
#783 = CARTESIAN_POINT ( 'NONE',  ( -4.848739919965039391, -14.56322140869734838, 13.27270591522860599 ) ) ;
#784 = CARTESIAN_POINT ( 'NONE',  ( -4.750000000000001776, -3.988221440454371880, 10.90737826574335756 ) ) ;
#785 = DIRECTION ( 'NONE',  ( -0.0000000000000000000, 0.9009578903993864518, 0.4339065333998636254 ) ) ;
#786 = CARTESIAN_POINT ( 'NONE',  ( -4.750000000000002665, -14.76235417983818721, 12.76442195220113796 ) ) ;
#787 = CARTESIAN_POINT ( 'NONE',  ( 4.845462410192089564, -13.57054661843569932, 14.34265898458382438 ) ) ;
#788 = CARTESIAN_POINT ( 'NONE',  ( -6.250000000000000000, 18.39381389406672085, 7.821305190596187451 ) ) ;
#789 = CARTESIAN_POINT ( 'NONE',  ( 4.750000000000000888, -14.53642611350363545, 13.35135329247618330 ) ) ;
#790 = CARTESIAN_POINT ( 'NONE',  ( 6.249999999999996447, -13.28012201984344998, 12.85078832435328877 ) ) ;
#791 = CARTESIAN_POINT ( 'NONE',  ( -6.250000000000000000, 16.46751313980115583, 12.15622059423355061 ) ) ;
#792 = CARTESIAN_POINT ( 'NONE',  ( 4.750000000074579454, -12.69197944317343207, 14.24968643065297513 ) ) ;
#793 = EDGE_LOOP ( 'NONE', ( #2443, #1722, #731, #1253 ) ) ;
#794 = CARTESIAN_POINT ( 'NONE',  ( 4.750000000000000888, 14.61375033185907313, 15.23776052009947257 ) ) ;
#795 = CARTESIAN_POINT ( 'NONE',  ( -6.250000000000000000, -12.00116046346412624, 12.12195173373216939 ) ) ;
#796 = CARTESIAN_POINT ( 'NONE',  ( 5.651064120735274976, -13.64606062080226323, 13.91508695301760490 ) ) ;
#797 = CARTESIAN_POINT ( 'NONE',  ( -5.931952440187951758, -13.38002799032822487, 13.67231423428462733 ) ) ;
#798 = CARTESIAN_POINT ( 'NONE',  ( 6.240122685444031703, -13.32210146848255228, 12.87058787219457479 ) ) ;
#799 = CARTESIAN_POINT ( 'NONE',  ( -4.846677062914208634, -14.30536175625967132, 13.80599288593083251 ) ) ;
#800 = CARTESIAN_POINT ( 'NONE',  ( 6.060426544809945248, 19.07385863938118575, 8.150651944743424693 ) ) ;
#801 = FACE_OUTER_BOUND ( 'NONE', #1783, .T. ) ;
#802 = FACE_OUTER_BOUND ( 'NONE', #1896, .T. ) ;
#803 = DIRECTION ( 'NONE',  ( -1.000000000000000000, -0.0000000000000000000, -0.0000000000000000000 ) ) ;
#804 = CARTESIAN_POINT ( 'NONE',  ( 4.750000000074578566, -12.35468592525585940, 14.05981489954085184 ) ) ;
#805 = VECTOR ( 'NONE', #1597, 1000.000000000000114 ) ;
#806 = CARTESIAN_POINT ( 'NONE',  ( -4.250000000000001776, 8.636794521283755799, 11.32205595863899283 ) ) ;
#807 = CARTESIAN_POINT ( 'NONE',  ( 4.750000000000000888, -12.23917451343662144, 13.99461627537140274 ) ) ;
#808 = CARTESIAN_POINT ( 'NONE',  ( -6.250000000000000000, -13.08942679075480697, -7.339372430928720270 ) ) ;
#809 = ORIENTED_EDGE ( 'NONE', *, *, #523, .T. ) ;
#810 = ORIENTED_EDGE ( 'NONE', *, *, #2519, .F. ) ;
#811 = CARTESIAN_POINT ( 'NONE',  ( -4.750000000000001776, 6.560199878799081397, 12.49069651874338760 ) ) ;
#812 = CARTESIAN_POINT ( 'NONE',  ( 5.538835423853345930, -12.64750784279076434, 13.96126120840730245 ) ) ;
#813 = CARTESIAN_POINT ( 'NONE',  ( -6.052480018004822604, -12.74819724202570903, 13.42106185198922219 ) ) ;
#814 = CARTESIAN_POINT ( 'NONE',  ( -4.750000000000000000, -14.30728989121091210, 5.642979267180981751 ) ) ;
#815 = CARTESIAN_POINT ( 'NONE',  ( -4.845450137172497840, -13.56625593997610579, 14.34373950737560754 ) ) ;
#816 = DIRECTION ( 'NONE',  ( 0.0000000000000000000, -0.8553367643015018507, -0.5180724077136678041 ) ) ;
#817 = CARTESIAN_POINT ( 'NONE',  ( -4.947018793841195361, -12.35718123046710915, 14.04709306643449018 ) ) ;
#818 = CARTESIAN_POINT ( 'NONE',  ( -4.750000000000000000, 15.94023132765609851, 14.61529614593648319 ) ) ;
#819 = DIRECTION ( 'NONE',  ( -0.0000000000000000000, 0.8553367643015018507, 0.5180724077136680261 ) ) ;
#820 = CARTESIAN_POINT ( 'NONE',  ( -4.750000000000000000, -14.95427558617045527, 9.017135711354530514 ) ) ;
#821 = EDGE_CURVE ( 'NONE', #777, #1953, #1406, .T. ) ;
#822 = CARTESIAN_POINT ( 'NONE',  ( -6.250000000000000000, 18.39309148752256817, 7.822790545156227182 ) ) ;
#823 = CARTESIAN_POINT ( 'NONE',  ( -4.250000000000002665, 10.23064849094974704, 12.18408474707963229 ) ) ;
#824 = CARTESIAN_POINT ( 'NONE',  ( 4.750000000000000888, -10.95504107828644003, 13.26056500332180832 ) ) ;
#825 = CIRCLE ( 'NONE', #1602, 1.650000000000000355 ) ;
#826 = CARTESIAN_POINT ( 'NONE',  ( -6.249999999999833022, 9.887517037056950286, 14.21641101274853192 ) ) ;
#827 = CARTESIAN_POINT ( 'NONE',  ( 5.728847167319941036, -13.84461554150441565, 13.70700259922725905 ) ) ;
#828 = CARTESIAN_POINT ( 'NONE',  ( -5.658446932307770183, -14.11841050576302870, 13.49489819036820570 ) ) ;
#829 = CARTESIAN_POINT ( 'NONE',  ( -4.749999999999896083, -14.35642794921691490, 5.884697976833936472 ) ) ;
#830 = CARTESIAN_POINT ( 'NONE',  ( -4.940713108010905685, -13.56384919939149825, 14.33402314041179082 ) ) ;
#831 = CARTESIAN_POINT ( 'NONE',  ( 4.250000000000000000, 11.21099267591272231, 12.58285362314523859 ) ) ;
#832 = CARTESIAN_POINT ( 'NONE',  ( 6.250000000000001776, 5.751785585815682111, 10.53228732250908628 ) ) ;
#833 = CARTESIAN_POINT ( 'NONE',  ( -4.749999999983629984, -14.93351842330819146, 12.58526259547155490 ) ) ;
#834 = CARTESIAN_POINT ( 'NONE',  ( -6.250000000000001776, 15.98669033845375509, 12.71546571685766480 ) ) ;
#835 = CARTESIAN_POINT ( 'NONE',  ( -4.750000000000000888, -13.58739603262606011, 2.761700489844070017 ) ) ;
#836 = CARTESIAN_POINT ( 'NONE',  ( 4.750000000000000888, 19.76676640643385952, 8.428413442134720768 ) ) ;
#837 = CARTESIAN_POINT ( 'NONE',  ( -4.250000000000004441, 10.40992847022216594, 12.26502590315350361 ) ) ;
#838 = CARTESIAN_POINT ( 'NONE',  ( 6.250000000000000000, -4.092183839019456038, 9.409660614929560296 ) ) ;
#839 = CARTESIAN_POINT ( 'NONE',  ( 4.750000000000002665, 19.74455986418033859, 8.473665535612399324 ) ) ;
#840 = CARTESIAN_POINT ( 'NONE',  ( -4.750000000000000888, 10.28198983968708546, 14.37167865358570928 ) ) ;
#841 = CARTESIAN_POINT ( 'NONE',  ( 5.867728378264534861, -13.62627923418452447, 13.66536463662717615 ) ) ;
#842 = ORIENTED_EDGE ( 'NONE', *, *, #2519, .T. ) ;
#843 = CARTESIAN_POINT ( 'NONE',  ( 6.250000000000000000, -13.10557351879770493, 12.87358149686042452 ) ) ;
#844 = CARTESIAN_POINT ( 'NONE',  ( -4.941466540132431362, -13.11200524177684557, 14.36962734211701509 ) ) ;
#845 = DIRECTION ( 'NONE',  ( 0.0000000000000000000, 0.7343060468724628143, 0.6788185542002637129 ) ) ;
#846 = CARTESIAN_POINT ( 'NONE',  ( 6.250000000000000888, 16.37067090684005422, 12.28906463997449627 ) ) ;
#847 = CARTESIAN_POINT ( 'NONE',  ( 6.046333718515239042, -12.99363141966756530, 13.52244653488776471 ) ) ;
#848 = CARTESIAN_POINT ( 'NONE',  ( 4.750000000000002665, -15.15636591648934406, 9.882653248492403009 ) ) ;
#849 = CARTESIAN_POINT ( 'NONE',  ( -6.250000000000001776, 13.64773575784166404, 13.84185182146763715 ) ) ;
#850 = CARTESIAN_POINT ( 'NONE',  ( -6.250000000000000888, -13.12484477016659490, 12.87838217765917648 ) ) ;
#851 = ORIENTED_EDGE ( 'NONE', *, *, #1187, .T. ) ;
#852 = CARTESIAN_POINT ( 'NONE',  ( 6.250000000000000000, 18.32606253707961841, 7.961289566955866093 ) ) ;
#853 = CARTESIAN_POINT ( 'NONE',  ( 4.250000000000000888, 0.06747393920920649601, 8.871733615515914551 ) ) ;
#854 = CARTESIAN_POINT ( 'NONE',  ( 6.250000000000000888, -5.976219194093520315, 11.27163200579887814 ) ) ;
#855 = CARTESIAN_POINT ( 'NONE',  ( -5.140792081971392591, -14.51958685999145082, 13.25764275337157549 ) ) ;
#856 = AXIS2_PLACEMENT_3D ( 'NONE', #673, #2727, #649 ) ;
#857 = CARTESIAN_POINT ( 'NONE',  ( -6.250000000000001776, 6.128430570271959255, 10.68339612034532138 ) ) ;
#858 = CARTESIAN_POINT ( 'NONE',  ( 5.729835895164469228, -13.90885978579098570, 13.64883901111390507 ) ) ;
#859 = CARTESIAN_POINT ( 'NONE',  ( -6.249999999999999112, -13.60642293825382509, 2.886285400262226020 ) ) ;
#860 = CARTESIAN_POINT ( 'NONE',  ( 6.250000000000000888, -14.94641512564310482, 11.75053118203832270 ) ) ;
#861 = CARTESIAN_POINT ( 'NONE',  ( 6.250000000000000000, 18.39309148752256817, 7.822790545156227182 ) ) ;
#862 = CARTESIAN_POINT ( 'NONE',  ( 6.250000000000000000, 13.46308003974250234, 13.81736770793427382 ) ) ;
#863 = CARTESIAN_POINT ( 'NONE',  ( 6.151458086594697505, -13.03549718515066225, 13.29870036488667751 ) ) ;
#864 = CARTESIAN_POINT ( 'NONE',  ( -6.250000000000003553, 14.03227638589195436, 13.83114216558284681 ) ) ;
#865 = CARTESIAN_POINT ( 'NONE',  ( -6.250000000000000888, -13.23478486206620808, 12.82764012688497601 ) ) ;
#866 = ORIENTED_EDGE ( 'NONE', *, *, #1730, .T. ) ;
#867 = CARTESIAN_POINT ( 'NONE',  ( -5.401561896330873580, -13.98235090486941168, 13.91901329544657884 ) ) ;
#868 = CARTESIAN_POINT ( 'NONE',  ( 6.250000000000000888, 19.72300640942415484, 8.517876096904652528 ) ) ;
#869 = CARTESIAN_POINT ( 'NONE',  ( -4.250000000000001776, -9.555600955768138505, 10.38391622894368638 ) ) ;
#870 = CARTESIAN_POINT ( 'NONE',  ( 6.250000000000000000, 1.276635002839911825, 9.501443186325795764 ) ) ;
#871 = CARTESIAN_POINT ( 'NONE',  ( -5.370602567902738933, -14.43926945426476927, 13.22991623577762255 ) ) ;
#872 = CLOSED_SHELL ( 'NONE', ( #1285, #2534, #1670, #1788, #466, #241, #603, #1060, #1634, #2308, #2098, #1136, #2717, #192, #997, #2804, #1114, #2122, #2461, #2587, #378, #2240, #561, #728, #1898 ) ) ;
#873 = CARTESIAN_POINT ( 'NONE',  ( -6.250000000000168754, 10.47454406906930835, 14.44336653074806165 ) ) ;
#874 = CARTESIAN_POINT ( 'NONE',  ( -6.250000000000000000, -12.58073295650038048, 4.761841692153239158 ) ) ;
#875 = VECTOR ( 'NONE', #473, 1000.000000000000227 ) ;
#876 = CARTESIAN_POINT ( 'NONE',  ( 4.750000000000952127, -12.81221155463721573, 1.099942569572857298 ) ) ;
#877 = EDGE_CURVE ( 'NONE', #1570, #142, #1459, .T. ) ;
#878 = CARTESIAN_POINT ( 'NONE',  ( 4.750000000000003553, 15.64121432438775727, 14.79094055905569149 ) ) ;
#879 = CARTESIAN_POINT ( 'NONE',  ( 6.249999999999999112, 12.35068007321969397, 13.53031629587326634 ) ) ;
#880 = CARTESIAN_POINT ( 'NONE',  ( 5.933567014247848270, -13.10205728493606081, 13.71079707910296364 ) ) ;
#881 = CARTESIAN_POINT ( 'NONE',  ( -6.250000000000000888, -13.14635990577688318, 12.78358858090372330 ) ) ;
#882 = CARTESIAN_POINT ( 'NONE',  ( -5.400102702361806450, -13.81122544174807665, 14.04022280446294424 ) ) ;
#883 = CARTESIAN_POINT ( 'NONE',  ( 4.750000000000000888, -12.65710487657100281, 0.8438616778608099001 ) ) ;
#884 = CARTESIAN_POINT ( 'NONE',  ( 4.750000000000000888, 7.180406944384860601, 12.80071087119016049 ) ) ;
#885 = CARTESIAN_POINT ( 'NONE',  ( -4.749999999999959144, 15.59726542773109337, 14.81423310768120238 ) ) ;
#886 = CARTESIAN_POINT ( 'NONE',  ( -4.750000000000000888, -14.96128848998214167, 9.366174313972244647 ) ) ;
#887 = CARTESIAN_POINT ( 'NONE',  ( 6.250000000000000000, -11.37409973011871323, 1.620970289431250988 ) ) ;
#888 = CARTESIAN_POINT ( 'NONE',  ( 4.750000000000000888, -5.210944055819157761, 11.09161387508544294 ) ) ;
#889 = CARTESIAN_POINT ( 'NONE',  ( 4.750000000000000888, 17.68315412504814432, 13.04732631279950006 ) ) ;
#890 = CARTESIAN_POINT ( 'NONE',  ( 6.250000000000000000, 16.12654492943394402, 12.57714750621076938 ) ) ;
#891 = CARTESIAN_POINT ( 'NONE',  ( 6.154757862122814949, -13.64684484274884646, 12.95477666883115653 ) ) ;
#892 = CARTESIAN_POINT ( 'NONE',  ( -6.209740441483817541, -13.27887977557785604, 13.07883753867779042 ) ) ;
#893 = CARTESIAN_POINT ( 'NONE',  ( -5.413280931985894995, -14.38340016710096059, 13.31816037375566708 ) ) ;
#894 = B_SPLINE_CURVE_WITH_KNOTS ( 'NONE', 3,
 ( #460, #2743, #2977, #1156, #477, #1432, #262, #1188, #1907, #2606, #1646, #1660, #2592, #2363, #1674, #736 ),
 .UNSPECIFIED., .F., .F.,
 ( 4, 2, 2, 2, 2, 2, 2, 4 ),
 ( 8.845388854693243284E-18, 0.001318902135404529437, 0.002637804270809049768, 0.003956706406213570532, 0.005275608541618090862, 0.007913412812427128920, 0.009232314947831648383, 0.01055121708323616785 ),
 .UNSPECIFIED. ) ;
#895 = FACE_OUTER_BOUND ( 'NONE', #2114, .T. ) ;
#896 = CARTESIAN_POINT ( 'NONE',  ( 6.249999999999745981, 10.47916465314844103, 14.44507804056182465 ) ) ;
#897 = CARTESIAN_POINT ( 'NONE',  ( -4.750000000000042633, 15.69521857781514740, 14.75879233231885301 ) ) ;
#898 = CARTESIAN_POINT ( 'NONE',  ( -4.749999999999999112, 17.28675504560196785, 13.52981604289514195 ) ) ;
#899 = CARTESIAN_POINT ( 'NONE',  ( -6.250000000000000000, -13.02965551856281223, 6.894583299135255139 ) ) ;
#900 = CARTESIAN_POINT ( 'NONE',  ( 6.250000000000000888, -14.45275676106762397, 6.362933186002450725 ) ) ;
#901 = CARTESIAN_POINT ( 'NONE',  ( 4.749999999999959144, 15.69965398045563809, 14.75625876915600365 ) ) ;
#902 = CARTESIAN_POINT ( 'NONE',  ( 4.750000000000002665, -7.441624804359592282, 11.71045392244120897 ) ) ;
#903 = CARTESIAN_POINT ( 'NONE',  ( 4.750000000000000888, 19.14212045323037614, 9.901154748414807472 ) ) ;
#904 = CARTESIAN_POINT ( 'NONE',  ( -6.249999999999960032, -11.98868155818195369, 13.84507648831769977 ) ) ;
#905 = CARTESIAN_POINT ( 'NONE',  ( 6.044801821746350612, -13.60376256891447788, 13.37107729062373629 ) ) ;
#906 = CARTESIAN_POINT ( 'NONE',  ( -6.240309885420350255, -13.04222702913747867, 12.95030919923965840 ) ) ;
#907 = CARTESIAN_POINT ( 'NONE',  ( -5.666918036333627562, -12.51440954641679149, 13.79536466997624800 ) ) ;
#908 = CARTESIAN_POINT ( 'NONE',  ( -4.249999999999995559, -10.99181889237265253, 11.01428882163790490 ) ) ;
#909 = CARTESIAN_POINT ( 'NONE',  ( 6.250000000000000000, 10.81857654540389291, 12.97080850542575270 ) ) ;
#910 = EDGE_CURVE ( 'NONE', #1493, #479, #759, .T. ) ;
#911 = CARTESIAN_POINT ( 'NONE',  ( -6.250000000000042633, 15.00970289615491460, 15.10283910203903446 ) ) ;
#912 = CARTESIAN_POINT ( 'NONE',  ( -4.749999999983629984, -15.15636591648934406, 9.882653248492403009 ) ) ;
#913 = CARTESIAN_POINT ( 'NONE',  ( -6.250000000000002665, -14.73773033725376003, 7.819880196860690802 ) ) ;
#914 = CARTESIAN_POINT ( 'NONE',  ( 6.249999999999998224, 16.23350984864957169, 12.45291631153266287 ) ) ;
#915 = ORIENTED_EDGE ( 'NONE', *, *, #2047, .F. ) ;
#916 = CARTESIAN_POINT ( 'NONE',  ( 4.750000000000001776, 18.58986395464089370, 11.34897008538884933 ) ) ;
#917 = CARTESIAN_POINT ( 'NONE',  ( -6.250000000000000000, -12.66996205092174854, 12.50551734273799376 ) ) ;
#918 = CARTESIAN_POINT ( 'NONE',  ( 4.991723877571314638, -14.35383330790204504, 13.69185372267145340 ) ) ;
#919 = CARTESIAN_POINT ( 'NONE',  ( -6.197314159823278601, -13.29785300948446114, 13.12141385245743663 ) ) ;
#920 = CARTESIAN_POINT ( 'NONE',  ( -5.527941704636024411, -13.49094639685934993, 14.07574979418761174 ) ) ;
#921 = CARTESIAN_POINT ( 'NONE',  ( -4.250000000000000888, -11.64041078406460628, 3.335860936310785174 ) ) ;
#922 = CARTESIAN_POINT ( 'NONE',  ( 6.210451109798139413, -13.40794119862404088, 12.99144882543760460 ) ) ;
#923 = CARTESIAN_POINT ( 'NONE',  ( 6.250000000000123457, 10.76106647831882057, 14.54815489914053472 ) ) ;
#924 = CARTESIAN_POINT ( 'NONE',  ( 4.995107543751259094, -14.50651744536496679, 13.37239620964017917 ) ) ;
#925 = CARTESIAN_POINT ( 'NONE',  ( -4.750000000000000888, 14.19665520342759990, 15.32025134219553486 ) ) ;
#926 = CARTESIAN_POINT ( 'NONE',  ( 6.199961761196878918, -13.51334293802454667, 12.90911308514231948 ) ) ;
#927 = CARTESIAN_POINT ( 'NONE',  ( -4.750000000000000888, -14.73773033483235295, 7.819880197237420560 ) ) ;
#928 = CARTESIAN_POINT ( 'NONE',  ( 4.750000000000000888, 19.47447805748715410, 9.067875288489677388 ) ) ;
#929 = CARTESIAN_POINT ( 'NONE',  ( 4.749999999999998224, 3.687125314495381279, 11.49199917743144361 ) ) ;
#930 = CARTESIAN_POINT ( 'NONE',  ( -4.750000000000000888, -12.67607028590821372, 14.22383454591643925 ) ) ;
#931 = CARTESIAN_POINT ( 'NONE',  ( 5.365827884192309050, -12.61528584392627650, 14.04957455183753723 ) ) ;
#932 = CARTESIAN_POINT ( 'NONE',  ( -6.167975813138109942, -13.11552682538765247, 13.25756498259459271 ) ) ;
#933 = CARTESIAN_POINT ( 'NONE',  ( -4.946409787929973767, -14.51150542884182215, 13.37945285784707394 ) ) ;
#934 = CARTESIAN_POINT ( 'NONE',  ( 4.750000000000001776, -14.98073038100145915, 9.576908060800970901 ) ) ;
#935 = CARTESIAN_POINT ( 'NONE',  ( 6.211571246935355894, -13.46129117200564451, 12.91425387576566308 ) ) ;
#936 = CARTESIAN_POINT ( 'NONE',  ( 6.250000000000001776, 10.01559578042136955, 12.63543828750520603 ) ) ;
#937 = ORIENTED_EDGE ( 'NONE', *, *, #779, .F. ) ;
#938 = CARTESIAN_POINT ( 'NONE',  ( 6.250000000000000000, -13.29107049273397045, 12.85570000187778561 ) ) ;
#939 = CARTESIAN_POINT ( 'NONE',  ( 4.799369337294980831, -14.08776875769859416, 14.06959166534358907 ) ) ;
#940 = CARTESIAN_POINT ( 'NONE',  ( -6.249999999999981348, 14.60455591812629983, 15.24028817087299004 ) ) ;
#941 = CARTESIAN_POINT ( 'NONE',  ( -6.250000000000000888, -11.62542496804722170, 2.035907878456268971 ) ) ;
#942 = CARTESIAN_POINT ( 'NONE',  ( -6.250000000000000000, -12.98192112292369593, 6.657290198473425846 ) ) ;
#943 = CARTESIAN_POINT ( 'NONE',  ( 6.249999999999957367, 17.37217948574313198, 13.43033671501261850 ) ) ;
#944 = CARTESIAN_POINT ( 'NONE',  ( 4.750000000000000888, 7.325209060899087632, 12.88046596456689308 ) ) ;
#945 = CARTESIAN_POINT ( 'NONE',  ( -6.250000000000000000, -13.23389346001087397, 12.82917777278418470 ) ) ;
#946 = CARTESIAN_POINT ( 'NONE',  ( 5.130929035483321243, -14.05543953479819486, 14.02402219268750905 ) ) ;
#947 = CARTESIAN_POINT ( 'NONE',  ( -6.167642421132263131, -13.37092378127178272, 13.19046502983492175 ) ) ;
#948 = VERTEX_POINT ( 'NONE', #1168 ) ;
#949 = AXIS2_PLACEMENT_3D ( 'NONE', #1280, #1045, #2867 ) ;
#950 = CARTESIAN_POINT ( 'NONE',  ( -5.129664089549034856, -13.76658972948898452, 14.21350275484791936 ) ) ;
#951 = CARTESIAN_POINT ( 'NONE',  ( 4.750000000000000888, -14.76134855368686871, 12.76589151995532134 ) ) ;
#952 = CARTESIAN_POINT ( 'NONE',  ( 6.199645665747330447, -12.96314786991220380, 13.12630113927559172 ) ) ;
#953 = ORIENTED_EDGE ( 'NONE', *, *, #1690, .F. ) ;
#954 = CARTESIAN_POINT ( 'NONE',  ( 6.250000000000000000, -13.46764853060346745, 9.517457383341014321 ) ) ;
#955 = CARTESIAN_POINT ( 'NONE',  ( -6.250000000000000000, 14.72824193998076581, 13.25742673484823264 ) ) ;
#956 = CARTESIAN_POINT ( 'NONE',  ( 4.847768002918598107, -14.47517921074017266, 13.49063600975780908 ) ) ;
#957 = CARTESIAN_POINT ( 'NONE',  ( -4.750000000000085265, 16.78799190676054209, 14.01298088141649600 ) ) ;
#958 = CARTESIAN_POINT ( 'NONE',  ( -6.249999999999999112, -12.18025484479364096, 3.357030899274203950 ) ) ;
#959 = DIRECTION ( 'NONE',  ( 1.000000000000000000, 0.0000000000000000000, 0.0000000000000000000 ) ) ;
#960 = CARTESIAN_POINT ( 'NONE',  ( 4.750000000000000888, 18.39464171925844482, 11.78051469700317710 ) ) ;
#961 = CARTESIAN_POINT ( 'NONE',  ( -6.250000000000000000, -12.91880353612212140, 12.65289952109881177 ) ) ;
#962 = CARTESIAN_POINT ( 'NONE',  ( 5.139692964774098094, -14.48047132360111711, 13.35974334192465918 ) ) ;
#963 = CARTESIAN_POINT ( 'NONE',  ( -6.151774548283133193, -13.55318238374378836, 13.11118490149071647 ) ) ;
#964 = ORIENTED_EDGE ( 'NONE', *, *, #2937, .F. ) ;
#965 = CARTESIAN_POINT ( 'NONE',  ( -4.991050324576638886, -14.29162552815606269, 13.79485662738840190 ) ) ;
#966 = CARTESIAN_POINT ( 'NONE',  ( -6.250000000000002665, 8.173294299576559396, 11.63527773501230023 ) ) ;
#967 = CARTESIAN_POINT ( 'NONE',  ( -4.749999999983628207, -14.56557692842477358, 13.27351906847446550 ) ) ;
#968 = CARTESIAN_POINT ( 'NONE',  ( 6.209759029671595876, -13.20276542029506217, 13.10339060748133555 ) ) ;
#969 = AXIS2_PLACEMENT_3D ( 'NONE', #1443, #490, #1642 ) ;
#970 = CARTESIAN_POINT ( 'NONE',  ( 6.250000000000000000, -13.30475434355963316, 12.86184346465465111 ) ) ;
#971 = CARTESIAN_POINT ( 'NONE',  ( -6.250000000000080824, 19.64723441912838808, 8.677362430639105284 ) ) ;
#972 = CARTESIAN_POINT ( 'NONE',  ( -4.250000000000000000, -12.86078288138836179, 12.03805939669290304 ) ) ;
#973 = DIRECTION ( 'NONE',  ( 0.0000000000000000000, 0.0000000000000000000, 1.000000000000000000 ) ) ;
#974 = CARTESIAN_POINT ( 'NONE',  ( 6.250000000000000000, 12.64508379765351442, 13.62037702672189710 ) ) ;
#975 = CARTESIAN_POINT ( 'NONE',  ( -6.249999999999335643, -5.300483856919633752, 11.11198534246798175 ) ) ;
#976 = CARTESIAN_POINT ( 'NONE',  ( 5.222431812954992481, -13.43580811524577179, 14.27613559102456620 ) ) ;
#977 = CARTESIAN_POINT ( 'NONE',  ( -5.731210359565945822, -12.93115440370412728, 13.91578452332076843 ) ) ;
#978 = ORIENTED_EDGE ( 'NONE', *, *, #503, .F. ) ;
#979 = CARTESIAN_POINT ( 'NONE',  ( -5.139539234092856290, -12.47751628343196906, 14.07357810780812102 ) ) ;
#980 = CARTESIAN_POINT ( 'NONE',  ( -4.750000000000000000, -10.63920054754176725, 13.09409380026693803 ) ) ;
#981 = DIRECTION ( 'NONE',  ( 0.0000000000000000000, 0.0000000000000000000, -1.000000000000000000 ) ) ;
#982 = CARTESIAN_POINT ( 'NONE',  ( 4.250000000000000888, -12.94436931106586108, 11.69653533855731276 ) ) ;
#983 = CARTESIAN_POINT ( 'NONE',  ( 6.250000000000002665, -12.57522566636389882, 4.739409958606333184 ) ) ;
#984 = CARTESIAN_POINT ( 'NONE',  ( -6.250000000000001776, 16.10160758159899075, 12.59763458077826037 ) ) ;
#985 = CARTESIAN_POINT ( 'NONE',  ( 5.370632458038660850, -14.44065668055887386, 13.22629559108090547 ) ) ;
#986 = ORIENTED_EDGE ( 'NONE', *, *, #1373, .T. ) ;
#987 = CARTESIAN_POINT ( 'NONE',  ( 6.250000000000001776, 14.02650930112475613, 13.82918006816816714 ) ) ;
#988 = CARTESIAN_POINT ( 'NONE',  ( -4.750000000000166089, -4.269452216466964600, 10.94454462702519315 ) ) ;
#989 = CARTESIAN_POINT ( 'NONE',  ( 5.528281353186149438, -13.39621069099320039, 14.09613827256294094 ) ) ;
#990 = CARTESIAN_POINT ( 'NONE',  ( -5.876675022698035988, -14.02949294038661066, 13.23845161758473310 ) ) ;
#991 = VERTEX_POINT ( 'NONE', #2374 ) ;
#992 = CARTESIAN_POINT ( 'NONE',  ( -5.129496397302885313, -13.55147313190010472, 14.29007469836947308 ) ) ;
#993 = CARTESIAN_POINT ( 'NONE',  ( -5.544078987682321547, -12.47075444538236511, 13.86525811451417134 ) ) ;
#994 = CARTESIAN_POINT ( 'NONE',  ( -6.250000000000001776, 1.305182845557327109, 9.505501777183594569 ) ) ;
#995 = CARTESIAN_POINT ( 'NONE',  ( -4.750000000000000888, -12.65710487657100281, 0.8438616778608104552 ) ) ;
#996 = LINE ( 'NONE', #1701, #288 ) ;
#997 = ADVANCED_FACE ( 'NONE', ( #519 ), #2071, .T. ) ;
#998 = CARTESIAN_POINT ( 'NONE',  ( -6.250000000000000000, -13.47562286744244631, -6.566612261936166206 ) ) ;
#999 = CARTESIAN_POINT ( 'NONE',  ( 4.750000000000000888, -11.98859968720126012, 13.84502797185144907 ) ) ;
#1000 = CARTESIAN_POINT ( 'NONE',  ( -4.750000000000084377, 16.19245677827249708, 14.45620444957094719 ) ) ;
#1001 = CARTESIAN_POINT ( 'NONE',  ( 4.750000000074579454, -14.18138120861187623, 14.12231297675639752 ) ) ;
#1002 = ORIENTED_EDGE ( 'NONE', *, *, #2047, .T. ) ;
#1003 = CARTESIAN_POINT ( 'NONE',  ( 4.750000000000000888, 12.88784560053288253, 15.23957667643850300 ) ) ;
#1004 = CARTESIAN_POINT ( 'NONE',  ( -6.250000000000000000, -1.011109072536740650, 9.297602218168595556 ) ) ;
#1005 = CARTESIAN_POINT ( 'NONE',  ( 5.404958557279097242, -14.18929957758410154, 13.68453890709999321 ) ) ;
#1006 = CARTESIAN_POINT ( 'NONE',  ( -5.873526565355268403, -13.95567163242680131, 13.36336236481854201 ) ) ;
#1007 = CARTESIAN_POINT ( 'NONE',  ( -4.749999999983628207, -13.78952075336647631, 14.26654653855827348 ) ) ;
#1008 = CARTESIAN_POINT ( 'NONE',  ( -4.750000000000000888, -10.98645462274406448, 13.27706471217570083 ) ) ;
#1009 = CARTESIAN_POINT ( 'NONE',  ( -6.250000000000001776, -4.374594768947894785, 9.444769911679083307 ) ) ;
#1010 = FACE_BOUND ( 'NONE', #2445, .T. ) ;
#1011 = CARTESIAN_POINT ( 'NONE',  ( 4.799373238155202337, -12.35468592525585940, 14.05981489954085184 ) ) ;
#1012 = CARTESIAN_POINT ( 'NONE',  ( 4.249999999999997335, 10.40992847022216594, 12.26502590315350361 ) ) ;
#1013 = CARTESIAN_POINT ( 'NONE',  ( 6.249999999999998224, -13.22749224433901283, 12.56608450461059157 ) ) ;
#1014 = CARTESIAN_POINT ( 'NONE',  ( 4.750000000000000888, -12.40249969743674541, 14.08680988424329250 ) ) ;
#1015 = CARTESIAN_POINT ( 'NONE',  ( -6.250000000000000000, 15.36063995336284371, 13.20683685716401534 ) ) ;
#1016 = CARTESIAN_POINT ( 'NONE',  ( 6.250000000000000000, 14.72824193998076581, 11.60742673484823229 ) ) ;
#1017 = ORIENTED_EDGE ( 'NONE', *, *, #877, .F. ) ;
#1018 = CARTESIAN_POINT ( 'NONE',  ( 6.250000000000000000, 13.78328724276418882, 13.84188737623687615 ) ) ;
#1019 = CARTESIAN_POINT ( 'NONE',  ( -4.750000000000000888, 4.594185617831668011, 11.74557965477820964 ) ) ;
#1020 = CARTESIAN_POINT ( 'NONE',  ( 5.499709236931432876, -14.34284717882696647, 13.29520073854735429 ) ) ;
#1021 = CARTESIAN_POINT ( 'NONE',  ( -6.045476270502099680, -13.64679790415065597, 13.33638036777287361 ) ) ;
#1022 = CARTESIAN_POINT ( 'NONE',  ( 6.199156708916371272, -13.49322645314597224, 12.95602100072388829 ) ) ;
#1023 = CARTESIAN_POINT ( 'NONE',  ( -4.845589587178520397, -13.89481934178374978, 14.20880420948581602 ) ) ;
#1024 = CARTESIAN_POINT ( 'NONE',  ( 4.947003416093918027, -12.36117930656257258, 14.04934717630568208 ) ) ;
#1025 = CARTESIAN_POINT ( 'NONE',  ( -4.750000000000001776, 5.912823004699391483, 12.20924455811574383 ) ) ;
#1026 = CARTESIAN_POINT ( 'NONE',  ( -6.250000000000002665, -7.680927283455123877, 10.17303249875919668 ) ) ;
#1027 = CARTESIAN_POINT ( 'NONE',  ( -4.750000000000000888, -15.00353882669309336, 11.16376927617591264 ) ) ;
#1028 = CARTESIAN_POINT ( 'NONE',  ( 4.750000000074578566, -13.79348280397492310, 14.26468742044001026 ) ) ;
#1029 = CARTESIAN_POINT ( 'NONE',  ( -4.750000000000000888, 19.76678495992165807, 8.428375634170082620 ) ) ;
#1030 = CARTESIAN_POINT ( 'NONE',  ( 6.249999999999998224, -13.28383667314199812, 12.39377099476895161 ) ) ;
#1031 = CARTESIAN_POINT ( 'NONE',  ( 4.749999999999990230, -12.66683794544874431, 14.21969181294909923 ) ) ;
#1032 = CARTESIAN_POINT ( 'NONE',  ( 4.750000000074579454, -14.44163820276772192, 13.59489420322129050 ) ) ;
#1033 = B_SPLINE_CURVE_WITH_KNOTS ( 'NONE', 3,
 ( #287, #2601, #1233, #2177 ),
 .UNSPECIFIED., .F., .F.,
 ( 4, 4 ),
 ( 0.03397267134191921112, 0.03553859581285886970 ),
 .UNSPECIFIED. ) ;
#1034 = VERTEX_POINT ( 'NONE', #822 ) ;
#1035 = CARTESIAN_POINT ( 'NONE',  ( -4.750000000000000888, 10.75652436883261664, 14.54650469022415926 ) ) ;
#1036 = CARTESIAN_POINT ( 'NONE',  ( 5.661705185808992624, -12.67665555417019618, 13.88332447581426976 ) ) ;
#1037 = CARTESIAN_POINT ( 'NONE',  ( -5.867434977265326701, -13.55163843769573617, 13.70220987205140872 ) ) ;
#1038 = CARTESIAN_POINT ( 'NONE',  ( -4.750000000000000000, -13.19333761658377036, 1.860806839933264012 ) ) ;
#1039 = CARTESIAN_POINT ( 'NONE',  ( -4.749999999983629984, -12.35065404716602799, 14.05754333028069425 ) ) ;
#1040 = EDGE_CURVE ( 'NONE', #6, #777, #613, .T. ) ;
#1041 = CARTESIAN_POINT ( 'NONE',  ( 5.663923226140004985, 19.46837107450944160, 8.340651416343321856 ) ) ;
#1042 = CARTESIAN_POINT ( 'NONE',  ( 4.750000000000000888, -12.65710487657100281, 0.8438616778608104552 ) ) ;
#1043 = CARTESIAN_POINT ( 'NONE',  ( -4.750000000000000888, 19.13822563391513754, 9.911383645976595602 ) ) ;
#1044 = CARTESIAN_POINT ( 'NONE',  ( -6.249999999999999112, 15.55472707909369845, 13.08671549102248655 ) ) ;
#1045 = DIRECTION ( 'NONE',  ( 1.000000000000000000, 0.0000000000000000000, 0.0000000000000000000 ) ) ;
#1046 = CARTESIAN_POINT ( 'NONE',  ( 4.750000000000000888, 19.81947048889298912, 8.321014008271134799 ) ) ;
#1047 = ORIENTED_EDGE ( 'NONE', *, *, #2143, .F. ) ;
#1048 = CARTESIAN_POINT ( 'NONE',  ( 4.250000000000000000, 9.689979889182264827, 11.91871538254085827 ) ) ;
#1049 = CARTESIAN_POINT ( 'NONE',  ( 6.249999999998673950, -7.995197377241838765, 11.91151959157469165 ) ) ;
#1050 =( NAMED_UNIT ( * ) SI_UNIT ( $, .STERADIAN. ) SOLID_ANGLE_UNIT ( ) );
#1051 = VERTEX_POINT ( 'NONE', #2456 ) ;
#1052 = CARTESIAN_POINT ( 'NONE',  ( -6.250000000000000000, 5.032608462285968365, 10.31074086988596861 ) ) ;
#1053 = CARTESIAN_POINT ( 'NONE',  ( 5.414880120900841476, -12.43620926258440207, 13.92839435113109126 ) ) ;
#1054 = CARTESIAN_POINT ( 'NONE',  ( -5.665159396611704423, -14.24344474874921573, 13.25361173270164628 ) ) ;
#1055 = CARTESIAN_POINT ( 'NONE',  ( -4.750000000000000888, -14.03960396310207237, 4.410598529970950921 ) ) ;
#1056 = CARTESIAN_POINT ( 'NONE',  ( -4.847014449544763792, -14.36599643812995275, 13.70551966295460389 ) ) ;
#1057 = PLANE ( 'NONE',  #1211 ) ;
#1058 = CARTESIAN_POINT ( 'NONE',  ( -5.943843996029785082, -12.66174285062399640, 13.55947855627613485 ) ) ;
#1059 = CARTESIAN_POINT ( 'NONE',  ( 4.750000000000002665, 0.1539620314231549270, 10.75827667005961885 ) ) ;
#1060 = ADVANCED_FACE ( 'NONE', ( #367, #1538 ), #141, .F. ) ;
#1061 = CARTESIAN_POINT ( 'NONE',  ( -6.249999999999997335, 11.98632553644765686, 13.39616320600002020 ) ) ;
#1062 = CARTESIAN_POINT ( 'NONE',  ( -4.250000000000000000, -12.16858698515625292, 5.127683167152346400 ) ) ;
#1063 = LINE ( 'NONE', #386, #1360 ) ;
#1064 = B_SPLINE_CURVE_WITH_KNOTS ( 'NONE', 3,
 ( #1627, #2151, #65, #261, #2087, #246, #35, #985, #1921, #1645, #1613, #1384, #2546, #2315, #230, #1155, #1171, #493, #3, #926, #1417, #1186, #2561, #476 ),
 .UNSPECIFIED., .F., .F.,
 ( 4, 2, 2, 2, 2, 2, 2, 2, 2, 2, 2, 4 ),
 ( 0.0000000000000000000, 0.06250000000000000000, 0.1250000000000000000, 0.2500000000000000000, 0.3125000000000000000, 0.3750000000000000000, 0.5000000000000000000, 0.6250000000000000000, 0.7500000000000000000, 0.8125000000000000000, 0.8750000000000000000, 1.000000000000000000 ),
 .UNSPECIFIED. ) ;
#1065 = LINE ( 'NONE', #369, #2000 ) ;
#1066 = CARTESIAN_POINT ( 'NONE',  ( 6.250000000000000000, 5.035888604806935120, 10.31174069358598544 ) ) ;
#1067 = CARTESIAN_POINT ( 'NONE',  ( 4.250000000000000000, -10.94643134796799799, 1.880006493288146618 ) ) ;
#1068 = VECTOR ( 'NONE', #1522, 1000.000000000000000 ) ;
#1069 = CARTESIAN_POINT ( 'NONE',  ( -4.749999999999999112, 11.12272901728673702, 14.67893309477725516 ) ) ;
#1070 = CARTESIAN_POINT ( 'NONE',  ( 5.880541897417278285, -12.62343318384484370, 13.62657807110915797 ) ) ;
#1071 = ORIENTED_EDGE ( 'NONE', *, *, #2362, .F. ) ;
#1072 = CARTESIAN_POINT ( 'NONE',  ( -6.250000000000000000, -12.32897225438166444, 3.828816598350877065 ) ) ;
#1073 = CARTESIAN_POINT ( 'NONE',  ( -4.799376494163227314, -12.56454153971205479, 14.17417296133659477 ) ) ;
#1074 = CARTESIAN_POINT ( 'NONE',  ( -6.250000000000000000, -11.37409973011871500, 1.620970289431256539 ) ) ;
#1075 = CARTESIAN_POINT ( 'NONE',  ( 6.249999999999999112, 9.177346124714699016, 12.20484233979287936 ) ) ;
#1076 = CARTESIAN_POINT ( 'NONE',  ( 6.091539887381713037, -13.26090569408759734, 13.42513341903380031 ) ) ;
#1077 = CARTESIAN_POINT ( 'NONE',  ( -4.749999999983629984, -14.18553332444782811, 14.12065026706117266 ) ) ;
#1078 = CARTESIAN_POINT ( 'NONE',  ( -6.250000000000000888, 13.08104906396057743, 13.74250070659855716 ) ) ;
#1079 = CARTESIAN_POINT ( 'NONE',  ( -6.240232631216943382, -13.05287227934394245, 12.95695239252876441 ) ) ;
#1080 = CARTESIAN_POINT ( 'NONE',  ( 4.750000000000026645, 19.73649826207480729, 8.490122471475885391 ) ) ;
#1081 = CARTESIAN_POINT ( 'NONE',  ( -4.250000000000000888, 4.804460345950376521, 9.718995656932689187 ) ) ;
#1082 = CARTESIAN_POINT ( 'NONE',  ( 4.750000000000000888, 5.601955520751323192, 12.08844584258774368 ) ) ;
#1083 = B_SPLINE_SURFACE_WITH_KNOTS ( 'NONE', 3, 1, ( 
 ( #2340, #1883 ),
 ( #982, #1621 ),
 ( #1215, #2822 ),
 ( #1916, #1654 ),
 ( #2311, #758 ),
 ( #517, #2600 ),
 ( #2148, #744 ),
 ( #1668, #2372 ),
 ( #2324, #285 ),
 ( #2585, #238 ),
 ( #501, #62 ),
 ( #1684, #2080 ),
 ( #2615, #1381 ),
 ( #1866, #2112 ),
 ( #714, #921 ),
 ( #2095, #11 ),
 ( #2791, #1636 ),
 ( #2569, #2402 ),
 ( #1996, #2226 ),
 ( #1715, #2210 ) ),
 .UNSPECIFIED., .F., .F., .F.,
 ( 4, 2, 2, 2, 2, 2, 2, 2, 2, 4 ),
 ( 2, 2 ),
 ( 0.0000000000000000000, 0.1250000000000000555, 0.2500000000000001110, 0.5000000000000002220, 0.5625000000000001110, 0.6250000000000000000, 0.7500000000000000000, 0.8749999999999998890, 0.9375000000000000000, 1.000000000000000000 ),
 ( 0.0000000000000000000, 1.000000000000000000 ),
 .UNSPECIFIED. ) ;
#1084 = CARTESIAN_POINT ( 'NONE',  ( -4.799363912068257854, -14.56557692842477181, 13.27351906847446372 ) ) ;
#1085 = CARTESIAN_POINT ( 'NONE',  ( -6.249999999999998224, 8.223635769481377977, 11.66324999059424705 ) ) ;
#1086 = CARTESIAN_POINT ( 'NONE',  ( 5.737697555638792579, -14.15287358180844812, 13.30363460489694560 ) ) ;
#1087 = CARTESIAN_POINT ( 'NONE',  ( 6.249999999999999112, -13.21089119875099094, 12.85242869019816325 ) ) ;
#1088 = CARTESIAN_POINT ( 'NONE',  ( 6.250000000000000000, -11.61486102649432972, 2.043461039406545776 ) ) ;
#1089 = CARTESIAN_POINT ( 'NONE',  ( 4.250000000000000888, 9.985645368861700177, 12.06747150109949018 ) ) ;
#1090 = CARTESIAN_POINT ( 'NONE',  ( 6.250000000000000888, -6.243835384088181506, 9.735923888906800272 ) ) ;
#1091 = CARTESIAN_POINT ( 'NONE',  ( 6.150084445442885794, -13.35628380327111131, 13.24912562630982471 ) ) ;
#1092 = CARTESIAN_POINT ( 'NONE',  ( -4.749999999983629984, 6.933321688438152997, 12.55662349228011543 ) ) ;
#1093 = CARTESIAN_POINT ( 'NONE',  ( -6.250000000000000000, 17.25835282051594888, 10.63121513965091047 ) ) ;
#1094 = CARTESIAN_POINT ( 'NONE',  ( -6.211552770353915065, -12.98462489611926962, 13.08381954622760368 ) ) ;
#1095 = ORIENTED_EDGE ( 'NONE', *, *, #1270, .T. ) ;
#1096 = CARTESIAN_POINT ( 'NONE',  ( 4.750000000074579454, -14.56711001467210487, 13.26954825041139152 ) ) ;
#1097 = CARTESIAN_POINT ( 'NONE',  ( -4.250000000000001776, 5.326311118985217696, 9.873942793203173807 ) ) ;
#1098 = CARTESIAN_POINT ( 'NONE',  ( 6.250000000000000000, -1.775464762071944591, 9.276750854227135079 ) ) ;
#1099 = CARTESIAN_POINT ( 'NONE',  ( -5.543939857484792455, -14.35143363114637438, 13.19959427165244392 ) ) ;
#1100 = EDGE_CURVE ( 'NONE', #1861, #1630, #1063, .T. ) ;
#1101 = VECTOR ( 'NONE', #1199, 1000.000000000000114 ) ;
#1102 = CARTESIAN_POINT ( 'NONE',  ( -6.250000000000001776, 7.884434037203821077, 11.47554740167274900 ) ) ;
#1103 = ORIENTED_EDGE ( 'NONE', *, *, #1812, .T. ) ;
#1104 = CARTESIAN_POINT ( 'NONE',  ( 6.249999999999999112, -13.18438559961468570, 12.86715986302686687 ) ) ;
#1105 = CARTESIAN_POINT ( 'NONE',  ( 4.749999999999792166, -13.60642178294321525, 2.886282130669783008 ) ) ;
#1106 = CARTESIAN_POINT ( 'NONE',  ( 4.249999999999995559, 7.409380301060562779, 10.68251082252374395 ) ) ;
#1107 = CARTESIAN_POINT ( 'NONE',  ( 6.250000000000002665, 16.78328433621881288, 11.66191160812235594 ) ) ;
#1108 = CARTESIAN_POINT ( 'NONE',  ( 6.044918044053598116, -13.10554347374228534, 13.53597457469260235 ) ) ;
#1109 = CARTESIAN_POINT ( 'NONE',  ( -6.249999999999999112, -13.16210814390666606, 12.87440523242362467 ) ) ;
#1110 = B_SPLINE_SURFACE_WITH_KNOTS ( 'NONE', 3, 1, ( 
 ( #1297, #2423 ),
 ( #1248, #2475 ),
 ( #108, #2175 ),
 ( #2195, #2920 ),
 ( #1012, #837 ),
 ( #128, #823 ),
 ( #1524, #2869 ),
 ( #1048, #1751 ),
 ( #1717, #2886 ),
 ( #1734, #806 ),
 ( #1984, #2681 ),
 ( #76, #388 ),
 ( #2054, #2506 ),
 ( #201, #1585 ),
 ( #2017, #160 ),
 ( #1800, #1097 ),
 ( #2283, #1081 ),
 ( #2490, #1138 ),
 ( #1559, #2543 ),
 ( #1368, #2067 ),
 ( #2934, #2986 ),
 ( #2752, #419 ),
 ( #853, #1785 ),
 ( #2530, #2296 ),
 ( #1112, #2974 ),
 ( #2259, #2709 ),
 ( #175, #1343 ),
 ( #2950, #1353 ),
 ( #213, #2031 ),
 ( #188, #662 ),
 ( #2518, #430 ),
 ( #1329, #632 ),
 ( #2740, #869 ),
 ( #1825, #908 ),
 ( #1838, #2962 ),
 ( #2766, #2271 ) ),
 .UNSPECIFIED., .F., .F., .F.,
 ( 4, 2, 2, 2, 2, 2, 2, 2, 2, 2, 2, 2, 2, 2, 2, 2, 2, 4 ),
 ( 2, 2 ),
 ( 0.0000000000000000000, 0.03124999999999963918, 0.04687499999999958367, 0.06249999999999952816, 0.1249999999999994171, 0.1562499999999995004, 0.1874999999999995837, 0.2499999999999996669, 0.3124999999999997780, 0.3749999999999998335, 0.4374999999999998890, 0.4999999999999998890, 0.6249999999999998890, 0.6874999999999998890, 0.7500000000000000000, 0.8125000000000000000, 0.8750000000000001110, 1.000000000000000000 ),
 ( 0.0000000000000000000, 1.000000000000000000 ),
 .UNSPECIFIED. ) ;
#1111 = CARTESIAN_POINT ( 'NONE',  ( -5.409739086383260620, -12.61867307688642548, 14.02778786365267116 ) ) ;
#1112 = CARTESIAN_POINT ( 'NONE',  ( 4.250000000000000000, -2.638396306550559345, 8.771658466696356626 ) ) ;
#1113 = CARTESIAN_POINT ( 'NONE',  ( 6.250000000000000000, 7.197376924055624237, 11.13211766456891461 ) ) ;
#1114 = ADVANCED_FACE ( 'NONE', ( #1310 ), #1615, .T. ) ;
#1115 = CARTESIAN_POINT ( 'NONE',  ( -4.750000000000042633, 15.38219617405527728, 14.92909920271854318 ) ) ;
#1116 = ORIENTED_EDGE ( 'NONE', *, *, #1955, .T. ) ;
#1117 = CARTESIAN_POINT ( 'NONE',  ( -4.749999999999975131, -14.56459022978633833, 13.27757842593630677 ) ) ;
#1118 = CIRCLE ( 'NONE', #1161, 1.500000000000000222 ) ;
#1119 = CARTESIAN_POINT ( 'NONE',  ( 6.250000000000212275, -14.92549911904763249, 11.90098315389589523 ) ) ;
#1120 = CARTESIAN_POINT ( 'NONE',  ( 4.750000000000000888, 12.65739097117886303, 15.19174919066487739 ) ) ;
#1121 = CARTESIAN_POINT ( 'NONE',  ( 6.250000000000000000, 10.20103888937792469, 12.72105557059143699 ) ) ;
#1122 = CARTESIAN_POINT ( 'NONE',  ( 6.049824776721044017, -13.81760309809468090, 13.12189261971004228 ) ) ;
#1123 = CARTESIAN_POINT ( 'NONE',  ( -6.239707520211839054, -13.17785670106407458, 12.96578300298731712 ) ) ;
#1124 = CARTESIAN_POINT ( 'NONE',  ( -5.361257613336522176, -14.20322892951430127, 13.70427894714246619 ) ) ;
#1125 = DIRECTION ( 'NONE',  ( 0.0000000000000000000, 0.0000000000000000000, -1.000000000000000000 ) ) ;
#1126 = CARTESIAN_POINT ( 'NONE',  ( 6.250000000000000000, 8.227383827776270309, 11.66534017815430957 ) ) ;
#1127 = CARTESIAN_POINT ( 'NONE',  ( -6.250000000000085265, 13.91051101878113805, 15.34490482778005926 ) ) ;
#1128 = CARTESIAN_POINT ( 'NONE',  ( -4.750000000000000888, -14.49342584564146108, 13.44941705821213418 ) ) ;
#1129 = CARTESIAN_POINT ( 'NONE',  ( 6.250000000000000000, -12.32897113195863170, 3.828812923180538785 ) ) ;
#1130 = CARTESIAN_POINT ( 'NONE',  ( 6.250000000000000888, 19.27293697895070679, 9.559855571881991310 ) ) ;
#1131 = CARTESIAN_POINT ( 'NONE',  ( 4.750000000000000000, 6.982013289363220743, 12.69545743289571860 ) ) ;
#1132 = CARTESIAN_POINT ( 'NONE',  ( 4.750000000000002665, 18.29466941337047459, 12.06460333428090514 ) ) ;
#1133 = CARTESIAN_POINT ( 'NONE',  ( -6.250000000000000000, -13.12738851347425495, 12.77351566891033841 ) ) ;
#1134 = CARTESIAN_POINT ( 'NONE',  ( 6.043821980370850611, -13.44957539162303561, 13.46002688528484548 ) ) ;
#1135 = CARTESIAN_POINT ( 'NONE',  ( -6.240107827672930263, -13.06495589931044066, 12.96203533180774414 ) ) ;
#1136 = ADVANCED_FACE ( 'NONE', ( #2219 ), #2390, .T. ) ;
#1137 = CARTESIAN_POINT ( 'NONE',  ( -5.358728948137880366, -14.07139001249414356, 13.86683785000043834 ) ) ;
#1138 = CARTESIAN_POINT ( 'NONE',  ( -4.250000000000001776, 3.757517900887561435, 9.447816475098068878 ) ) ;
#1139 = CARTESIAN_POINT ( 'NONE',  ( 6.249999999999997335, 11.27324747486530931, 13.13830370181800511 ) ) ;
#1140 = CARTESIAN_POINT ( 'NONE',  ( -4.750000000000019540, 14.29690006017362514, 15.30709607432661734 ) ) ;
#1141 = CARTESIAN_POINT ( 'NONE',  ( 6.250000000000000000, 14.72824193998076581, 11.60742673484823229 ) ) ;
#1142 = CARTESIAN_POINT ( 'NONE',  ( -6.250000000000001776, -14.92549600778429131, 11.90100388653531382 ) ) ;
#1143 = CARTESIAN_POINT ( 'NONE',  ( 6.250000000000000000, 15.67436395167268870, 12.98131472502352679 ) ) ;
#1144 = CARTESIAN_POINT ( 'NONE',  ( 4.750000000000000000, -0.5393166106021543005, 10.82298457932999014 ) ) ;
#1145 = CARTESIAN_POINT ( 'NONE',  ( 4.250000000000000888, 8.819851198589995889, 11.42046517815255768 ) ) ;
#1146 = CARTESIAN_POINT ( 'NONE',  ( -4.750000000000000888, -12.66786356999427454, 14.22014575969309114 ) ) ;
#1147 = CARTESIAN_POINT ( 'NONE',  ( 5.224675698718719730, -14.11367987905232546, 13.91691133637927891 ) ) ;
#1148 = CARTESIAN_POINT ( 'NONE',  ( -6.091483533486959701, -13.41097849889049520, 13.37724803502650417 ) ) ;
#1149 = CARTESIAN_POINT ( 'NONE',  ( -5.653057640189166122, -13.88205921021630473, 13.76837866896329210 ) ) ;
#1150 = EDGE_CURVE ( 'NONE', #1970, #479, #692, .T. ) ;
#1151 = CARTESIAN_POINT ( 'NONE',  ( 4.750000000000000888, -14.35860793446396855, 5.883956588543571620 ) ) ;
#1152 = CARTESIAN_POINT ( 'NONE',  ( 6.239882413943859341, -13.10430150884705647, 12.97261205609140866 ) ) ;
#1153 = CARTESIAN_POINT ( 'NONE',  ( 6.250000000000000000, 9.928271433347353181, 12.59401172058375806 ) ) ;
#1154 = CARTESIAN_POINT ( 'NONE',  ( -6.250000000000169642, 12.88140362027882091, 15.23814733217563067 ) ) ;
#1155 = CARTESIAN_POINT ( 'NONE',  ( 6.052420480312322937, -13.85736656716716553, 13.02678445329796730 ) ) ;
#1156 = CARTESIAN_POINT ( 'NONE',  ( 4.250000000000000000, -13.02102200659845899, 10.29794167876276134 ) ) ;
#1157 = CARTESIAN_POINT ( 'NONE',  ( 6.250000000000000000, 16.46930321350626514, 12.15364104310266136 ) ) ;
#1158 = CARTESIAN_POINT ( 'NONE',  ( 6.250000000000000000, 14.72824193998076581, 13.25742673484823264 ) ) ;
#1159 = CARTESIAN_POINT ( 'NONE',  ( 6.250000000000000000, -13.14635990577688140, 12.78358858090371974 ) ) ;
#1160 = CARTESIAN_POINT ( 'NONE',  ( 5.131659940913452012, -14.13395024996177085, 13.94466225139796300 ) ) ;
#1161 = AXIS2_PLACEMENT_3D ( 'NONE', #2667, #1969, #1528 ) ;
#1162 = CARTESIAN_POINT ( 'NONE',  ( -6.092333025381440059, -13.54824881082297594, 13.29981110720868109 ) ) ;
#1163 = CARTESIAN_POINT ( 'NONE',  ( -5.485699433512518652, -13.69308007931825166, 14.03681812603588241 ) ) ;
#1164 =( BOUNDED_SURFACE ( )  B_SPLINE_SURFACE ( 3, 2, ( 
 ( #669, #2336, #2565 ),
 ( #2351, #723, #682 ),
 ( #2551, #2091, #2319 ),
 ( #7, #463, #234 ),
 ( #221, #1593, #2526 ),
 ( #930, #2787, #250 ),
 ( #1175, #2107, #438 ),
 ( #1146, #1834, #1190 ),
 ( #480, #1388, #496 ),
 ( #1364, #2123, #710 ),
 ( #23, #2076, #945 ),
 ( #1878, #2291, #1648 ),
 ( #2539, #209, #1133 ),
 ( #2063, #39, #1606 ),
 ( #2982, #2580, #961 ),
 ( #264, #904, #452 ),
 ( #1377, #2994, #917 ),
 ( #2773, #1494, #2829 ),
 ( #115, #540, #295 ),
 ( #82, #738, #795 ),
 ( #1893, #1662, #2638 ),
 ( #1449, #2861, #2594 ),
 ( #510, #2816, #54 ),
 ( #751, #764, #1940 ),
 ( #2876, #2139, #1723 ),
 ( #1207, #2201, #780 ),
 ( #2654, #975, #1434 ),
 ( #988, #571, #310 ),
 ( #2183, #1224, #1479 ),
 ( #1709, #2411, #555 ),
 ( #1692, #1239, #1909 ),
 ( #1956, #1676, #2381 ),
 ( #2167, #1464, #1004 ),
 ( #2845, #2397, #2428 ),
 ( #2365, #278, #324 ),
 ( #1255, #98, #2608 ),
 ( #2154, #342, #1924 ),
 ( #2624, #1271, #526 ),
 ( #1019, #68, #1052 ),
 ( #2509, #2923, #2670 ),
 ( #604, #2698, #857 ),
 ( #1971, #635, #2685 ),
 ( #811, #587, #1512 ),
 ( #421, #1987, #1102 ),
 ( #1789, #1345, #1085 ),
 ( #2216, #2891, #2262 ),
 ( #2274, #2478, #392 ),
 ( #652, #2906, #2446 ),
 ( #620, #2462, #1316 ),
 ( #1740, #2953, #131 ),
 ( #179, #2248, #409 ),
 ( #2020, #163, #357 ),
 ( #1286, #826, #1529 ),
 ( #840, #2938, #1756 ),
 ( #374, #873, #1772 ),
 ( #1035, #2712, #2034 ),
 ( #1300, #2232, #1804 ),
 ( #2730, #1562, #146 ),
 ( #1069, #2494, #1334 ),
 ( #1576, #2003, #1545 ),
 ( #1612, #203, #664 ),
 ( #190, #2797, #215 ),
 ( #1383, #2545, #1626 ),
 ( #1357, #475, #2532 ),
 ( #2, #1154, #2782 ),
 ( #2560, #2069, #458 ),
 ( #1588, #2314, #1856 ),
 ( #704, #2086, #229 ),
 ( #245, #1127, #2755 ),
 ( #925, #2768, #1398 ),
 ( #1140, #689, #1170 ),
 ( #2330, #2285, #2056 ),
 ( #2102, #17, #1872 ),
 ( #675, #940, #2988 ),
 ( #2299, #719, #2964 ),
 ( #1644, #2576, #2976 ),
 ( #492, #911, #1816 ),
 ( #2521, #1416, #1841 ),
 ( #1115, #2044, #1827 ),
 ( #885, #2742, #432 ),
 ( #897, #1599, #446 ),
 ( #1370, #78, #1937 ),
 ( #1000, #2133, #1015 ),
 ( #1430, #2407, #760 ),
 ( #957, #1889, #536 ),
 ( #1687, #290, #50 ),
 ( #1201, #1219, #984 ),
 ( #1475, #2618, #1704 ),
 ( #306, #1185, #2872 ),
 ( #2375, #260, #791 ),
 ( #320, #551, #734 ),
 ( #2393, #2163, #775 ),
 ( #2360, #2634, #1720 ),
 ( #1658, #1905, #1251 ),
 ( #1235, #2118, #2651 ),
 ( #2150, #34, #568 ),
 ( #2179, #93, #2590 ),
 ( #2856, #1951, #2347 ),
 ( #2812, #273, #506 ),
 ( #1920, #971, #2825 ),
 ( #747, #1672, #520 ),
 ( #2603, #1444, #64 ),
 ( #2841, #1460, #2198 ),
 ( #1267, #2425, #1491 ),
 ( #338, #111, #788 ),
 ( #1768, #143, #90 ),
 ( #1029, #1505, #2665 ),
 ( #2440, #1966, #581 ),
 ( #2648, #1934, #2854 ),
 ( #353, #1282, #598 ) ),
 .UNSPECIFIED., .F., .F., .F. ) 
 B_SPLINE_SURFACE_WITH_KNOTS ( ( 4, 2, 2, 2, 2, 2, 2, 2, 2, 2, 2, 2, 2, 2, 2, 2, 2, 2, 2, 2, 2, 2, 2, 2, 2, 2, 2, 2, 2, 2, 2, 2, 2, 2, 2, 2, 2, 2, 2, 2, 2, 2, 2, 2, 2, 2, 2, 2, 2, 2, 2, 2, 2, 2, 4 ),
 ( 3, 3 ),
 ( 0.01152608143025313919, 0.01156207192801658734, 0.01158006717689831142, 0.01158906480133917345, 0.01159806242578003549, 0.01167004342130693179, 0.01181400541236072611, 0.01210192939446831303, 0.01238985337657589995, 0.01267777735868348687, 0.01382947328711383282, 0.01613286514397452645, 0.01843625700083521834, 0.02073964885769591371, 0.02189134478612626139, 0.02304304071455660560, 0.02534643257141729750, 0.02764982442827799286, 0.02995321628513868475, 0.03110491221356902897, 0.03225660814199937665, 0.03340830407042972433, 0.03455999999886007201, 0.03571169592729041969, 0.03599961990939801182, 0.03628754389150559700, 0.03686339185572076738, 0.03743923981993593775, 0.03772716380204352293, 0.03801508778415110812, 0.03859093574836627849, 0.03916678371258145580, 0.03974263167679663311, 0.04003055565890421830, 0.04031847964101180348, 0.04046244163206559608, 0.04053442262759249237, 0.04060640362311938867, 0.04089432760522697385, 0.04118225158733455904, 0.04147017556944214423, 0.04204602353365731460, 0.04262187149787249191, 0.04290979547998008403, 0.04319771946208766922, 0.04377356742630283959, 0.04492526335473318727, 0.04607695928316353495, 0.04722865521159388263, 0.04780450317580905994, 0.04809242715791664513, 0.04812841765568009328, 0.04816440815344354143, 0.04823638914897043772, 0.04838035114002423032 ),
 ( 0.0000000000000000000, 1.000000000000000000 ),
 .UNSPECIFIED. ) 
 GEOMETRIC_REPRESENTATION_ITEM ( )  RATIONAL_B_SPLINE_SURFACE ( (
 ( 1.000000000000000000, 0.7071067811865475727, 1.000000000000000000),
 ( 1.000000000000000000, 0.7071067811865475727, 1.000000000000000000),
 ( 1.000000000000000000, 0.7071067811865477948, 1.000000000000000000),
 ( 1.000000000000000000, 0.7071067811865477948, 1.000000000000000000),
 ( 1.000000000000000000, 0.7071067811865481278, 1.000000000000000000),
 ( 1.000000000000000000, 0.7071067811865481278, 1.000000000000000000),
 ( 1.000000000000000000, 0.7071067811865475727, 1.000000000000000000),
 ( 1.000000000000000000, 0.7071067811865475727, 1.000000000000000000),
 ( 1.000000000000000000, 0.7071067811865475727, 1.000000000000000000),
 ( 1.000000000000000000, 0.7071067811865475727, 1.000000000000000000),
 ( 1.000000000000000000, 0.7071067811865476838, 1.000000000000000000),
 ( 1.000000000000000000, 0.7071067811865476838, 1.000000000000000000),
 ( 1.000000000000000000, 0.7071067811865476838, 1.000000000000000000),
 ( 1.000000000000000000, 0.7071067811865476838, 1.000000000000000000),
 ( 1.000000000000000000, 0.7071067811865475727, 1.000000000000000000),
 ( 1.000000000000000000, 0.7071067811865475727, 1.000000000000000000),
 ( 1.000000000000000000, 0.7071067811865475727, 1.000000000000000000),
 ( 1.000000000000000000, 0.7071067811865475727, 1.000000000000000000),
 ( 1.000000000000000000, 0.7071067811865477948, 1.000000000000000000),
 ( 1.000000000000000000, 0.7071067811865477948, 1.000000000000000000),
 ( 1.000000000000000000, 0.7071067811865477948, 1.000000000000000000),
 ( 1.000000000000000000, 0.7071067811865477948, 1.000000000000000000),
 ( 1.000000000000000000, 0.7071067811865475727, 1.000000000000000000),
 ( 1.000000000000000000, 0.7071067811865475727, 1.000000000000000000),
 ( 1.000000000000000000, 0.7071067811865474617, 1.000000000000000000),
 ( 1.000000000000000000, 0.7071067811865474617, 1.000000000000000000),
 ( 1.000000000000000000, 0.7071067811865475727, 1.000000000000000000),
 ( 1.000000000000000000, 0.7071067811865475727, 1.000000000000000000),
 ( 1.000000000000000000, 0.7071067811865475727, 1.000000000000000000),
 ( 1.000000000000000000, 0.7071067811865475727, 1.000000000000000000),
 ( 1.000000000000000000, 0.7071067811865475727, 1.000000000000000000),
 ( 1.000000000000000000, 0.7071067811865475727, 1.000000000000000000),
 ( 1.000000000000000000, 0.7071067811865475727, 1.000000000000000000),
 ( 1.000000000000000000, 0.7071067811865475727, 1.000000000000000000),
 ( 1.000000000000000000, 0.7071067811865476838, 1.000000000000000000),
 ( 1.000000000000000000, 0.7071067811865476838, 1.000000000000000000),
 ( 1.000000000000000000, 0.7071067811865475727, 1.000000000000000000),
 ( 1.000000000000000000, 0.7071067811865475727, 1.000000000000000000),
 ( 1.000000000000000000, 0.7071067811865471286, 1.000000000000000000),
 ( 1.000000000000000000, 0.7071067811865471286, 1.000000000000000000),
 ( 1.000000000000000000, 0.7071067811865469066, 1.000000000000000000),
 ( 1.000000000000000000, 0.7071067811865469066, 1.000000000000000000),
 ( 1.000000000000000000, 0.7071067811865473507, 1.000000000000000000),
 ( 1.000000000000000000, 0.7071067811865473507, 1.000000000000000000),
 ( 1.000000000000000000, 0.7071067811865476838, 1.000000000000000000),
 ( 1.000000000000000000, 0.7071067811865476838, 1.000000000000000000),
 ( 1.000000000000000000, 0.7071067811865475727, 1.000000000000000000),
 ( 1.000000000000000000, 0.7071067811865475727, 1.000000000000000000),
 ( 1.000000000000000000, 0.7071067811865481278, 1.000000000000000000),
 ( 1.000000000000000000, 0.7071067811865481278, 1.000000000000000000),
 ( 1.000000000000000000, 0.7071067811865475727, 1.000000000000000000),
 ( 1.000000000000000000, 0.7071067811865475727, 1.000000000000000000),
 ( 1.000000000000000000, 0.7071067811865475727, 1.000000000000000000),
 ( 1.000000000000000000, 0.7071067811865475727, 1.000000000000000000),
 ( 1.000000000000000000, 0.7071067811865477948, 1.000000000000000000),
 ( 1.000000000000000000, 0.7071067811865477948, 1.000000000000000000),
 ( 1.000000000000000000, 0.7071067811865475727, 1.000000000000000000),
 ( 1.000000000000000000, 0.7071067811865475727, 1.000000000000000000),
 ( 1.000000000000000000, 0.7071067811865476838, 1.000000000000000000),
 ( 1.000000000000000000, 0.7071067811865476838, 1.000000000000000000),
 ( 1.000000000000000000, 0.7071067811865479058, 1.000000000000000000),
 ( 1.000000000000000000, 0.7071067811865479058, 1.000000000000000000),
 ( 1.000000000000000000, 0.7071067811865475727, 1.000000000000000000),
 ( 1.000000000000000000, 0.7071067811865475727, 1.000000000000000000),
 ( 1.000000000000000000, 0.7071067811865476838, 1.000000000000000000),
 ( 1.000000000000000000, 0.7071067811865476838, 1.000000000000000000),
 ( 1.000000000000000000, 0.7071067811865475727, 1.000000000000000000),
 ( 1.000000000000000000, 0.7071067811865475727, 1.000000000000000000),
 ( 1.000000000000000000, 0.7071067811865474617, 1.000000000000000000),
 ( 1.000000000000000000, 0.7071067811865474617, 1.000000000000000000),
 ( 1.000000000000000000, 0.7071067811865476838, 1.000000000000000000),
 ( 1.000000000000000000, 0.7071067811865476838, 1.000000000000000000),
 ( 1.000000000000000000, 0.7071067811865471286, 1.000000000000000000),
 ( 1.000000000000000000, 0.7071067811865471286, 1.000000000000000000),
 ( 1.000000000000000000, 0.7071067811865475727, 1.000000000000000000),
 ( 1.000000000000000000, 0.7071067811865475727, 1.000000000000000000),
 ( 1.000000000000000000, 0.7071067811865475727, 1.000000000000000000),
 ( 1.000000000000000000, 0.7071067811865475727, 1.000000000000000000),
 ( 1.000000000000000000, 0.7071067811865473507, 1.000000000000000000),
 ( 1.000000000000000000, 0.7071067811865473507, 1.000000000000000000),
 ( 1.000000000000000000, 0.7071067811865475727, 1.000000000000000000),
 ( 1.000000000000000000, 0.7071067811865475727, 1.000000000000000000),
 ( 1.000000000000000000, 0.7071067811865477948, 1.000000000000000000),
 ( 1.000000000000000000, 0.7071067811865477948, 1.000000000000000000),
 ( 1.000000000000000000, 0.7071067811865475727, 1.000000000000000000),
 ( 1.000000000000000000, 0.7071067811865475727, 1.000000000000000000),
 ( 1.000000000000000000, 0.7071067811865473507, 1.000000000000000000),
 ( 1.000000000000000000, 0.7071067811865473507, 1.000000000000000000),
 ( 1.000000000000000000, 0.7071067811865475727, 1.000000000000000000),
 ( 1.000000000000000000, 0.7071067811865475727, 1.000000000000000000),
 ( 1.000000000000000000, 0.7071067811865475727, 1.000000000000000000),
 ( 1.000000000000000000, 0.7071067811865475727, 1.000000000000000000),
 ( 1.000000000000000000, 0.7071067811865473507, 1.000000000000000000),
 ( 1.000000000000000000, 0.7071067811865473507, 1.000000000000000000),
 ( 1.000000000000000000, 0.7071067811865475727, 1.000000000000000000),
 ( 1.000000000000000000, 0.7071067811865475727, 1.000000000000000000),
 ( 1.000000000000000000, 0.7071067811865475727, 1.000000000000000000),
 ( 1.000000000000000000, 0.7071067811865475727, 1.000000000000000000),
 ( 1.000000000000000000, 0.7071067811865476838, 1.000000000000000000),
 ( 1.000000000000000000, 0.7071067811865476838, 1.000000000000000000),
 ( 1.000000000000000000, 0.7071067811865469066, 1.000000000000000000),
 ( 1.000000000000000000, 0.7071067811865469066, 1.000000000000000000),
 ( 1.000000000000000000, 0.7071067811865475727, 1.000000000000000000),
 ( 1.000000000000000000, 0.7071067811865475727, 1.000000000000000000),
 ( 1.000000000000000000, 0.7071067811865475727, 1.000000000000000000),
 ( 1.000000000000000000, 0.7071067811865475727, 1.000000000000000000),
 ( 1.000000000000000000, 0.7071067811865474617, 1.000000000000000000),
 ( 1.000000000000000000, 0.7071067811865474617, 1.000000000000000000),
 ( 1.000000000000000000, 0.7071067811865476838, 1.000000000000000000),
 ( 1.000000000000000000, 0.7071067811865476838, 1.000000000000000000) ) ) 
 REPRESENTATION_ITEM ( '' )  SURFACE ( )  );
#1165 = CARTESIAN_POINT ( 'NONE',  ( 4.750000000000000888, -13.56649909307810553, 2.773093365786747810 ) ) ;
#1166 = CARTESIAN_POINT ( 'NONE',  ( 6.199661678795652442, -13.50525046084765357, 12.93252465883771229 ) ) ;
#1167 = CARTESIAN_POINT ( 'NONE',  ( 6.250000000000001776, 11.63794746414331627, 13.27018448552946239 ) ) ;
#1168 = CARTESIAN_POINT ( 'NONE',  ( 4.750000000074579454, -14.56711001467210487, 13.26954825041139152 ) ) ;
#1169 = CARTESIAN_POINT ( 'NONE',  ( 4.750000000074578566, -13.11478253092805346, 14.38273315341674419 ) ) ;
#1170 = CARTESIAN_POINT ( 'NONE',  ( -6.249999999999997335, 14.06966688960985223, 13.82331651635051983 ) ) ;
#1171 = CARTESIAN_POINT ( 'NONE',  ( 6.098406251765336350, -13.77580640693098424, 12.99888725430059822 ) ) ;
#1172 = CARTESIAN_POINT ( 'NONE',  ( -6.250000000000000000, -13.22748946347418375, 12.56609258071454072 ) ) ;
#1173 = CARTESIAN_POINT ( 'NONE',  ( 6.250000000000000000, 15.36398874557347760, 13.20460328625959789 ) ) ;
#1174 = CARTESIAN_POINT ( 'NONE',  ( 4.750000000000000000, 1.775717055204552919, 11.09006241513157853 ) ) ;
#1175 = CARTESIAN_POINT ( 'NONE',  ( -4.750000000000000888, -12.67333471393690658, 14.22260495050865892 ) ) ;
#1176 = CARTESIAN_POINT ( 'NONE',  ( 5.134717692991012328, -14.33036666691759820, 13.67153294118602425 ) ) ;
#1177 = CARTESIAN_POINT ( 'NONE',  ( -6.197612274028827528, -13.12108623190477097, 13.16282424330989365 ) ) ;
#1178 = ORIENTED_EDGE ( 'NONE', *, *, #60, .T. ) ;
#1179 = CARTESIAN_POINT ( 'NONE',  ( -5.357731077542934983, -13.99610080168146098, 13.94009775789361605 ) ) ;
#1180 = CARTESIAN_POINT ( 'NONE',  ( 4.750000000000000888, -13.73161535725258453, 3.282370780686473477 ) ) ;
#1181 = CARTESIAN_POINT ( 'NONE',  ( 6.197370471354055610, -13.32703336759010959, 13.10784747670616923 ) ) ;
#1182 = CARTESIAN_POINT ( 'NONE',  ( 6.249999999999998224, -13.17044042838826634, 7.606944001465812732 ) ) ;
#1183 = CARTESIAN_POINT ( 'NONE',  ( 6.250000000000000888, -11.83039072190242358, 2.468609855859277058 ) ) ;
#1184 = CARTESIAN_POINT ( 'NONE',  ( 4.941559598307202705, -13.11626997042039910, 14.37035595614929484 ) ) ;
#1185 = CARTESIAN_POINT ( 'NONE',  ( -6.250000000000082601, 17.45581929366055718, 13.32982333907069972 ) ) ;
#1186 = CARTESIAN_POINT ( 'NONE',  ( 6.240305669475996631, -13.33231935841042137, 12.84719497697424195 ) ) ;
#1187 = EDGE_CURVE ( 'NONE', #299, #2474, #894, .T. ) ;
#1188 = CARTESIAN_POINT ( 'NONE',  ( 4.250000000000000888, -12.68064733667596578, 7.701982374757385230 ) ) ;
#1189 = CARTESIAN_POINT ( 'NONE',  ( 6.250000000000000000, 17.87402640382808983, 9.017757350099451230 ) ) ;
#1190 = CARTESIAN_POINT ( 'NONE',  ( -6.250000000000000000, -13.28282327297618792, 12.85199936266227816 ) ) ;
#1191 = CARTESIAN_POINT ( 'NONE',  ( 5.231097241820934052, -12.59612705811012745, 14.10322605696186749 ) ) ;
#1192 = STYLED_ITEM ( 'NONE', ( #504 ), #391 ) ;
#1193 = CARTESIAN_POINT ( 'NONE',  ( -6.197386692219698290, -13.32603127747765726, 13.10838366594316717 ) ) ;
#1194 = ORIENTED_EDGE ( 'NONE', *, *, #2323, .F. ) ;
#1195 = CARTESIAN_POINT ( 'NONE',  ( -4.941990918967364976, -14.15683440548531280, 13.98165898405123642 ) ) ;
#1196 = CARTESIAN_POINT ( 'NONE',  ( 4.250000000000000000, -12.86078288138836179, 12.03805939669290304 ) ) ;
#1197 = CARTESIAN_POINT ( 'NONE',  ( 4.750000000000000888, -14.01695749921632128, 4.315914472834903926 ) ) ;
#1198 = CARTESIAN_POINT ( 'NONE',  ( 6.209721971938382268, -13.22895256776043560, 13.09663727033014347 ) ) ;
#1199 = DIRECTION ( 'NONE',  ( 0.0000000000000000000, 0.4470431880614059716, -0.8945123744297193147 ) ) ;
#1200 = CARTESIAN_POINT ( 'NONE',  ( -4.250000000000000000, 14.72824193998076581, 11.60742673484823229 ) ) ;
#1201 = CARTESIAN_POINT ( 'NONE',  ( -4.750000000000043521, 17.18003055363473308, 13.64115532138877818 ) ) ;
#1202 = CARTESIAN_POINT ( 'NONE',  ( -4.249999999999999112, -6.519674653624505822, 9.352938966628972395 ) ) ;
#1203 = B_SPLINE_CURVE_WITH_KNOTS ( 'NONE', 3,
 ( #2719, #2452, #2513, #2690, #593, #363, #1107, #2038, #846, #890, #1567, #2944, #2913, #1292, #1518, #609, #152, #2467, #1778, #2223, #862, #2500, #643, #879, #657, #1581, #1534, #426, #1121, #168, #1993, #1075, #1349, #2279, #196, #2703, #1821, #832, #380, #2237, #2010, #2928, #625, #1552, #2483, #2025, #399, #1321, #2252, #1090, #2747, #1404, #1631, #1862, #1420, #2801, #2762, #2305, #695, #1159 ),
 .UNSPECIFIED., .F., .F.,
 ( 4, 2, 2, 2, 2, 2, 2, 2, 2, 2, 2, 2, 2, 2, 2, 2, 2, 2, 2, 2, 2, 2, 2, 2, 2, 2, 2, 2, 2, 4 ),
 ( 0.0000000000000000000, 0.002270816682968577246, 0.003406225024452867386, 0.004541633365937157961, 0.005109337536679307151, 0.005677041707421455474, 0.006812450048905754722, 0.007380154219647907382, 0.007664006305018984146, 0.007947858390390059175, 0.008515562561132212702, 0.009083266731874364494, 0.01021867507335866981, 0.01135408341484297513, 0.01192178758558512693, 0.01248949175632728045, 0.01362490009781158751, 0.01476030843929589630, 0.01589571678078020162, 0.01816653346374881225, 0.02043735014671741942, 0.02270816682968603006, 0.02497898351265464070, 0.02611439185413894429, 0.02724980019562324787, 0.03179143356156045874, 0.03406225024452907285, 0.03519765858601338337, 0.03576536275675553517, 0.03633306692749769390 ),
 .UNSPECIFIED. ) ;
#1204 = DIRECTION ( 'NONE',  ( -1.000000000000000000, -0.0000000000000000000, -0.0000000000000000000 ) ) ;
#1205 = PRODUCT_DEFINITION ( 'UNKNOWN', '', #2750, #1933 ) ;
#1206 = CARTESIAN_POINT ( 'NONE',  ( 6.250000000000000000, 13.20740463643075380, 13.77178600094936911 ) ) ;
#1207 = CARTESIAN_POINT ( 'NONE',  ( -4.750000000000000888, -5.977286572461983027, 11.27190939012098347 ) ) ;
#1208 = CARTESIAN_POINT ( 'NONE',  ( 5.222321194502271169, -13.75643061696741043, 14.17741057997124443 ) ) ;
#1209 = CARTESIAN_POINT ( 'NONE',  ( -6.096371818811942234, -13.74006625142593840, 13.08345402207411823 ) ) ;
#1210 = ORIENTED_EDGE ( 'NONE', *, *, #779, .T. ) ;
#1211 = AXIS2_PLACEMENT_3D ( 'NONE', #1551, #1992, #845 ) ;
#1212 = CARTESIAN_POINT ( 'NONE',  ( -5.130851302070681186, -13.11054773043452215, 14.32640043785697159 ) ) ;
#1213 = CARTESIAN_POINT ( 'NONE',  ( -4.750000000000000888, 10.06666498337996885, 14.29285633888556006 ) ) ;
#1214 = CARTESIAN_POINT ( 'NONE',  ( 5.628679656440358947, -10.07353761039129303, -3.421603984674083776 ) ) ;
#1215 = CARTESIAN_POINT ( 'NONE',  ( 4.250000000000000000, -12.99203846657261252, 11.32917617853473402 ) ) ;
#1216 = VECTOR ( 'NONE', #1261, 1000.000000000000000 ) ;
#1217 = LINE ( 'NONE', #998, #1101 ) ;
#1218 = DIRECTION ( 'NONE',  ( 0.0000000000000000000, 0.0000000000000000000, -1.000000000000000000 ) ) ;
#1219 = CARTESIAN_POINT ( 'NONE',  ( -6.250000000000126121, 17.18003055021855729, 13.64115531827155081 ) ) ;
#1220 = CARTESIAN_POINT ( 'NONE',  ( -4.250000000000002665, 7.884330005251455553, 10.91456260952614876 ) ) ;
#1221 = ORIENTED_EDGE ( 'NONE', *, *, #1327, .T. ) ;
#1222 = CYLINDRICAL_SURFACE ( 'NONE', #2961, 1.650000000000000355 ) ;
#1223 = CARTESIAN_POINT ( 'NONE',  ( 4.750000000000001776, 14.65947381824110174, 15.22465960531437545 ) ) ;
#1224 = CARTESIAN_POINT ( 'NONE',  ( -6.249999999999664269, -3.921049344235849610, 10.90022169209436065 ) ) ;
#1225 = CARTESIAN_POINT ( 'NONE',  ( 5.410267944475309676, -14.34242014701585610, 13.41297790125154421 ) ) ;
#1226 = CARTESIAN_POINT ( 'NONE',  ( -6.043843553712660466, -13.44745613238249327, 13.46095961670785357 ) ) ;
#1227 = ORIENTED_EDGE ( 'NONE', *, *, #1955, .F. ) ;
#1228 = CARTESIAN_POINT ( 'NONE',  ( -4.989759631721699229, -14.15161386542760802, 13.97527424769511839 ) ) ;
#1229 = CARTESIAN_POINT ( 'NONE',  ( -4.750000000000002665, -6.675521037041533212, 11.46077436413892059 ) ) ;
#1230 = EDGE_CURVE ( 'NONE', #1680, #1446, #2120, .T. ) ;
#1231 = CARTESIAN_POINT ( 'NONE',  ( -4.948083755393875904, 19.74455986418034570, 8.473665535612402877 ) ) ;
#1232 = CARTESIAN_POINT ( 'NONE',  ( -4.750000000000000000, -14.88435604685806446, 12.23991132060712950 ) ) ;
#1233 = CARTESIAN_POINT ( 'NONE',  ( 4.250000000000000000, 17.71293018417783571, 8.075447957377916097 ) ) ;
#1234 = CARTESIAN_POINT ( 'NONE',  ( 6.249999999999994671, -12.68492074776360568, 14.22780185051707136 ) ) ;
#1235 = CARTESIAN_POINT ( 'NONE',  ( -4.750000000000000888, 18.86812140556503792, 10.62902785166360431 ) ) ;
#1236 = CARTESIAN_POINT ( 'NONE',  ( -6.211799413757241872, -13.46803771852582621, 12.89463556323680038 ) ) ;
#1237 = VERTEX_POINT ( 'NONE', #1447 ) ;
#1238 = CARTESIAN_POINT ( 'NONE',  ( 4.750000000000000888, 13.29452482148077763, 15.30543971593614572 ) ) ;
#1239 = CARTESIAN_POINT ( 'NONE',  ( -6.250000000000000888, -2.857445616481711692, 10.81183141961804495 ) ) ;
#1240 = CARTESIAN_POINT ( 'NONE',  ( 5.658217030363832833, -14.12028556348797181, 13.49191554020246642 ) ) ;
#1241 = CARTESIAN_POINT ( 'NONE',  ( -5.728759192540107570, -13.09856993900855393, 13.94927983305277408 ) ) ;
#1242 = CARTESIAN_POINT ( 'NONE',  ( -4.995883549236694421, -12.36106607206361652, 14.04087329018314456 ) ) ;
#1243 = CARTESIAN_POINT ( 'NONE',  ( -5.880582178236520186, -12.62078785263026859, 13.62504903516630073 ) ) ;
#1244 = CARTESIAN_POINT ( 'NONE',  ( -6.249999999999999112, -12.48857250184867596, 12.39948194671060833 ) ) ;
#1245 = CARTESIAN_POINT ( 'NONE',  ( -4.250000000000000888, -12.33767750475241165, 5.988161759319887700 ) ) ;
#1246 = EDGE_CURVE ( 'NONE', #991, #1335, #508, .T. ) ;
#1247 = CARTESIAN_POINT ( 'NONE',  ( 4.848746496945245177, -14.56475173879098861, 13.26874161526801466 ) ) ;
#1248 = CARTESIAN_POINT ( 'NONE',  ( 4.250000000000002665, 10.99349662601319544, 12.50231611147443900 ) ) ;
#1249 = FILL_AREA_STYLE_COLOUR ( '', #2656 ) ;
#1250 = CARTESIAN_POINT ( 'NONE',  ( 6.250000000000000000, -13.23391703818620613, 12.82918945661753973 ) ) ;
#1251 = CARTESIAN_POINT ( 'NONE',  ( -6.250000000000000000, 17.32994307967184611, 10.45285182058244722 ) ) ;
#1252 = CARTESIAN_POINT ( 'NONE',  ( -6.250000000000000000, -2.164108934521051353, 10.79288424740463803 ) ) ;
#1253 = ORIENTED_EDGE ( 'NONE', *, *, #1917, .F. ) ;
#1254 = CARTESIAN_POINT ( 'NONE',  ( 4.749999999999980460, 14.20738322165335354, 15.31898592446616902 ) ) ;
#1255 = CARTESIAN_POINT ( 'NONE',  ( -4.750000000000995648, 2.501490550513105759, 11.21975192851239100 ) ) ;
#1256 = CARTESIAN_POINT ( 'NONE',  ( 5.485801114235226983, -13.40275805157621214, 14.12640095010212882 ) ) ;
#1257 = CARTESIAN_POINT ( 'NONE',  ( -5.879084161238484540, -14.06042866773369404, 13.17151220222138797 ) ) ;
#1258 = CARTESIAN_POINT ( 'NONE',  ( 6.167618477832360391, -13.37218313756342880, 13.18978979724239053 ) ) ;
#1259 = CARTESIAN_POINT ( 'NONE',  ( -4.944911016230919110, -12.56987382300289902, 14.16319980394340128 ) ) ;
#1260 = CARTESIAN_POINT ( 'NONE',  ( 4.250000000000001776, 10.96111370378457117, 12.49032490529792128 ) ) ;
#1261 = DIRECTION ( 'NONE',  ( 1.000000000000000000, 0.0000000000000000000, 0.0000000000000000000 ) ) ;
#1262 = CARTESIAN_POINT ( 'NONE',  ( -6.250000000000000888, 5.019813751255598255, 10.29642581604689333 ) ) ;
#1263 = CARTESIAN_POINT ( 'NONE',  ( -4.750000000000000888, -14.13483180660338512, 4.829135527657252958 ) ) ;
#1264 = CARTESIAN_POINT ( 'NONE',  ( 4.942958650112825758, -14.29978074227534535, 13.79659574300828773 ) ) ;
#1265 = CARTESIAN_POINT ( 'NONE',  ( -4.250000000000001776, 17.51732205853057778, 8.559619861825282783 ) ) ;
#1266 = CARTESIAN_POINT ( 'NONE',  ( 6.250000000000166978, -11.27536376485001135, 13.43480771462647994 ) ) ;
#1267 = CARTESIAN_POINT ( 'NONE',  ( -4.750000000000000888, 19.73649153114737587, 8.490136236388549307 ) ) ;
#1268 = CARTESIAN_POINT ( 'NONE',  ( 4.750000000074579454, -13.24624228510180934, 14.49678821201814394 ) ) ;
#1269 = ORIENTED_EDGE ( 'NONE', *, *, #335, .F. ) ;
#1270 = EDGE_CURVE ( 'NONE', #2723, #142, #2378, .T. ) ;
#1271 = CARTESIAN_POINT ( 'NONE',  ( -6.250000000000000888, 4.248960519427326332, 11.64385276852769735 ) ) ;
#1272 = CARTESIAN_POINT ( 'NONE',  ( 5.650938047013626786, -13.46792802258479682, 13.97915729235717741 ) ) ;
#1273 = CARTESIAN_POINT ( 'NONE',  ( -5.933558442885774831, -13.70451897560278809, 13.51342403614583887 ) ) ;
#1274 = CARTESIAN_POINT ( 'NONE',  ( 6.250000000000000000, -13.09412239171948400, 12.86779861167467409 ) ) ;
#1275 = CARTESIAN_POINT ( 'NONE',  ( -4.749999999983627319, -13.89613073536161814, 14.21062027517024262 ) ) ;
#1276 = LINE ( 'NONE', #1793, #1695 ) ;
#1277 = CARTESIAN_POINT ( 'NONE',  ( -4.750000000000000888, -5.532800612891357162, 11.17440120501539624 ) ) ;
#1278 = CARTESIAN_POINT ( 'NONE',  ( -4.749999999983629984, -10.01169727667614318, 12.75490776631451695 ) ) ;
#1279 = CARTESIAN_POINT ( 'NONE',  ( -4.749999999983629984, -14.17999196567526532, 14.12286929738688812 ) ) ;
#1280 = CARTESIAN_POINT ( 'NONE',  ( 4.250000000000000000, -2.164108934521051353, 10.79288424740463803 ) ) ;
#1281 = CARTESIAN_POINT ( 'NONE',  ( 4.749999999999984901, 19.72749808586928921, 8.508610061896536791 ) ) ;
#1282 = CARTESIAN_POINT ( 'NONE',  ( -6.250000000000000000, 19.84063232306961311, 8.277890802173251572 ) ) ;
#1283 = CARTESIAN_POINT ( 'NONE',  ( 4.750000000000332179, -9.326265806698765815, 12.45609501555727938 ) ) ;
#1284 = ORIENTED_EDGE ( 'NONE', *, *, #2505, .F. ) ;
#1285 = ADVANCED_FACE ( 'NONE', ( #293 ), #1222, .F. ) ;
#1286 = CARTESIAN_POINT ( 'NONE',  ( -4.750000000000000888, 9.887517035854033409, 14.21641101580466504 ) ) ;
#1287 = CARTESIAN_POINT ( 'NONE',  ( 5.664951522884832613, -12.59378976282401474, 13.84154185950359306 ) ) ;
#1288 = CARTESIAN_POINT ( 'NONE',  ( -6.046179390414710753, -12.99137335029291762, 13.52191667283891796 ) ) ;
#1289 = CARTESIAN_POINT ( 'NONE',  ( 6.250000000000000000, -13.14635990577688673, 12.78358858090372330 ) ) ;
#1290 = DIRECTION ( 'NONE',  ( 0.0000000000000000000, -0.7343060468724628143, -0.6788185542002637129 ) ) ;
#1291 = FACE_OUTER_BOUND ( 'NONE', #2889, .T. ) ;
#1292 = CARTESIAN_POINT ( 'NONE',  ( 6.250000000000002665, 14.74642624926905121, 13.57100792426551727 ) ) ;
#1293 = CARTESIAN_POINT ( 'NONE',  ( 4.750000000000002665, -14.93351842330819146, 12.58526259547155490 ) ) ;
#1294 = DIRECTION ( 'NONE',  ( -0.0000000000000000000, 0.8945123744297193147, 0.4470431880614059716 ) ) ;
#1295 = CARTESIAN_POINT ( 'NONE',  ( -4.750000000000002665, -14.46079962919020545, 6.396908504066071366 ) ) ;
#1296 = CARTESIAN_POINT ( 'NONE',  ( 6.250000000000000000, -13.08942679075480697, -7.339372430928720270 ) ) ;
#1297 = CARTESIAN_POINT ( 'NONE',  ( 4.250000000000000000, 11.21099267591272408, 12.58285362314524036 ) ) ;
#1298 = CARTESIAN_POINT ( 'NONE',  ( 6.250000000000000000, 3.541311031783696883, 9.903635013956058941 ) ) ;
#1299 = FACE_BOUND ( 'NONE', #2181, .T. ) ;
#1300 = CARTESIAN_POINT ( 'NONE',  ( -4.750000000000126121, 10.84938537696931604, 14.58013697903653494 ) ) ;
#1301 = CARTESIAN_POINT ( 'NONE',  ( 5.876255838603267279, -12.75001187081116782, 13.69465186048731553 ) ) ;
#1302 = CARTESIAN_POINT ( 'NONE',  ( 6.250000000000000000, -13.14635990577688673, 12.78358858090372330 ) ) ;
#1303 = CARTESIAN_POINT ( 'NONE',  ( -4.799368487375518022, -14.08464647874099818, 14.07243094431080799 ) ) ;
#1304 = CARTESIAN_POINT ( 'NONE',  ( 5.414809454139767553, 19.60780462780982347, 8.407803422443597796 ) ) ;
#1305 = CARTESIAN_POINT ( 'NONE',  ( -6.199980805910175086, -12.94085638574179420, 13.11260737915608843 ) ) ;
#1306 = CARTESIAN_POINT ( 'NONE',  ( 5.932090377304170659, -13.52035117581772994, 13.62219114085923266 ) ) ;
#1307 = CARTESIAN_POINT ( 'NONE',  ( -4.750000000000003553, 17.41614997776175500, 13.38097139346511000 ) ) ;
#1308 = DIRECTION ( 'NONE',  ( 0.0000000000000000000, -0.4470431880614059716, 0.8945123744297193147 ) ) ;
#1309 = CARTESIAN_POINT ( 'NONE',  ( -6.250000000000000888, -13.14635990577688318, 12.78358858090372330 ) ) ;
#1310 = FACE_OUTER_BOUND ( 'NONE', #2228, .T. ) ;
#1311 = CARTESIAN_POINT ( 'NONE',  ( -4.250000000000000000, 17.70181864744494149, 8.098167760235744694 ) ) ;
#1312 = CARTESIAN_POINT ( 'NONE',  ( 6.250000000000000888, 2.504266258778689913, 11.22028468544831270 ) ) ;
#1313 = DIRECTION ( 'NONE',  ( 0.0000000000000000000, 0.5180724077136680261, -0.8553367643015018507 ) ) ;
#1314 = AXIS2_PLACEMENT_3D ( 'NONE', #1016, #2394, #1952 ) ;
#1315 = B_SPLINE_CURVE_WITH_KNOTS ( 'NONE', 3,
 ( #155, #2678, #2470, #1279, #350, #383 ),
 .UNSPECIFIED., .F., .F.,
 ( 4, 1, 1, 4 ),
 ( 0.0000000000000000000, 0.3972461234696295085, 0.6363851921448060445, 1.000000000000000000 ),
 .UNSPECIFIED. ) ;
#1316 = CARTESIAN_POINT ( 'NONE',  ( -6.249999999999997335, 9.750778012401873696, 12.50651435543192136 ) ) ;
#1317 = CARTESIAN_POINT ( 'NONE',  ( 5.869054105847327563, -13.10119678434841539, 13.79502852717646988 ) ) ;
#1318 = CARTESIAN_POINT ( 'NONE',  ( 6.249999999999999112, -13.20469475660339675, 12.85661633302527207 ) ) ;
#1319 = CARTESIAN_POINT ( 'NONE',  ( 4.750000000000000888, -15.02870203088594359, 11.00834633088757997 ) ) ;
#1320 = CARTESIAN_POINT ( 'NONE',  ( 5.370680496791025327, -12.42515886086240329, 13.94620826677834025 ) ) ;
#1321 = CARTESIAN_POINT ( 'NONE',  ( 6.249999999999999112, -3.995186569757178674, 9.398793931877435170 ) ) ;
#1322 = CARTESIAN_POINT ( 'NONE',  ( 6.092254066638597365, -13.54979688460693588, 13.29860288383102684 ) ) ;
#1323 = CARTESIAN_POINT ( 'NONE',  ( -4.750000000000001776, 11.51117264791462702, 14.82281110713954675 ) ) ;
#1324 = CARTESIAN_POINT ( 'NONE',  ( -6.250000000000000000, 18.39309148752256817, 7.822790545156227182 ) ) ;
#1325 = CARTESIAN_POINT ( 'NONE',  ( -6.209796906979155651, -13.30356255946318633, 13.06747194824482960 ) ) ;
#1326 = ORIENTED_EDGE ( 'NONE', *, *, #335, .T. ) ;
#1327 = EDGE_CURVE ( 'NONE', #2669, #299, #494, .T. ) ;
#1328 = CARTESIAN_POINT ( 'NONE',  ( 6.250000000000000000, 18.49395511428886252, 7.617239208295730535 ) ) ;
#1329 = CARTESIAN_POINT ( 'NONE',  ( 4.250000000000000888, -9.066147267737326487, 10.18542070804862121 ) ) ;
#1330 = CARTESIAN_POINT ( 'NONE',  ( 6.250000000000000000, 0.5172105545367440271, 9.410787397330638626 ) ) ;
#1331 = B_SPLINE_SURFACE_WITH_KNOTS ( 'NONE', 3, 1, ( 
 ( #839, #1770 ),
 ( #2711, #2697 ),
 ( #2019, #618 ),
 ( #2477, #2247 ),
 ( #1787, #2493 ),
 ( #2676, #594 ),
 ( #1600, #2012 ),
 ( #1519, #1092 ),
 ( #2533, #216 ),
 ( #1059, #447 ),
 ( #2453, #2989 ),
 ( #2224, #170 ),
 ( #364, #1278 ),
 ( #382, #122 ),
 ( #1994, #154 ),
 ( #2898, #1077 ),
 ( #1293, #833 ),
 ( #848, #912 ),
 ( #2930, #138 ),
 ( #349, #2769 ),
 ( #2254, #2027 ),
 ( #2208, #2756 ) ),
 .UNSPECIFIED., .F., .F., .F.,
 ( 4, 1, 1, 1, 1, 1, 1, 1, 1, 1, 1, 1, 1, 1, 1, 1, 1, 1, 1, 4 ),
 ( 2, 2 ),
 ( 0.0000000000000000000, 0.1070846453061966436, 0.1454946408888545817, 0.1696343808006998410, 0.2345781602942774435, 0.2698040857044215479, 0.3242878457914737944, 0.3769154750119932951, 0.4425931062172942521, 0.5503268129869756109, 0.6253283832138523124, 0.6401031770268231780, 0.6980747511166832675, 0.7254859733599789973, 0.7380974841608621828, 0.7575859658820767173, 0.8178642746131923325, 0.8900654350654905178, 0.9827111395689721585, 1.000000000000000000 ),
 ( 0.0000000000000000000, 1.000000000000000000 ),
 .UNSPECIFIED. ) ;
#1332 = CARTESIAN_POINT ( 'NONE',  ( -5.880460923283264307, -14.08387048540693343, 13.10722831186179782 ) ) ;
#1333 = B_SPLINE_CURVE_WITH_KNOTS ( 'NONE', 3,
 ( #2679, #786, #1232, #1521, #1027, #563, #2420, #820, #366, #1295, #140, #1263, #332, #835, #106, #995 ),
 .UNSPECIFIED., .F., .F.,
 ( 4, 2, 2, 2, 2, 2, 2, 4 ),
 ( 0.0000000000000000000, 0.001615022766991948498, 0.002422534150487922529, 0.003230045533983896995, 0.006460091067967793990, 0.008075113834959743789, 0.009690136601951690118, 0.01292018213593559145 ),
 .UNSPECIFIED. ) ;
#1334 = CARTESIAN_POINT ( 'NONE',  ( -6.249999999999997335, 11.63346604414166485, 13.26856156282588906 ) ) ;
#1335 = VERTEX_POINT ( 'NONE', #2137 ) ;
#1336 = CARTESIAN_POINT ( 'NONE',  ( 6.250000000000000000, -13.14635990577688673, 12.78358858090372330 ) ) ;
#1337 = CARTESIAN_POINT ( 'NONE',  ( 6.249999999999163336, -13.76650914710628726, 3.398509734284973494 ) ) ;
#1338 = CARTESIAN_POINT ( 'NONE',  ( 4.750000000000000888, 14.57935828555866387, 15.25270218618979357 ) ) ;
#1339 = CARTESIAN_POINT ( 'NONE',  ( -6.154791855429262881, -12.86609563845838977, 13.23230212318494559 ) ) ;
#1340 = CARTESIAN_POINT ( 'NONE',  ( 5.932003517181930086, -13.38280372528702955, 13.67159832589686097 ) ) ;
#1341 = CARTESIAN_POINT ( 'NONE',  ( -6.239698542793046698, -13.19285172929383521, 12.96187089857758146 ) ) ;
#1342 = CARTESIAN_POINT ( 'NONE',  ( -5.399669546670002873, -13.71513704815512646, 14.08964413867541055 ) ) ;
#1343 = CARTESIAN_POINT ( 'NONE',  ( -4.250000000000001776, -4.846045645933263479, 9.002878500380738558 ) ) ;
#1344 = CARTESIAN_POINT ( 'NONE',  ( 6.250000000000000888, -3.919568226489148266, 10.90004827777592489 ) ) ;
#1345 = CARTESIAN_POINT ( 'NONE',  ( -6.249999999999999112, 7.493065493548394684, 12.97333284755247362 ) ) ;
#1346 = CARTESIAN_POINT ( 'NONE',  ( -4.749999999999895195, -14.84074465490481032, 12.36130326529048951 ) ) ;
#1347 = CARTESIAN_POINT ( 'NONE',  ( 6.250000000000418332, -13.30446570687950469, 2.117361905493746477 ) ) ;
#1348 = CARTESIAN_POINT ( 'NONE',  ( 4.249999999999999112, -11.93731448505359616, 11.49940048270338089 ) ) ;
#1349 = CARTESIAN_POINT ( 'NONE',  ( 6.249999999999999112, 8.844993211943561917, 12.01327436463799714 ) ) ;
#1350 = CARTESIAN_POINT ( 'NONE',  ( 6.047709864353994824, -13.76090066277047441, 13.21231965232748884 ) ) ;
#1351 = CARTESIAN_POINT ( 'NONE',  ( -6.250000000000000000, -13.14635990577688496, 12.78358858090372152 ) ) ;
#1352 = CARTESIAN_POINT ( 'NONE',  ( -5.499764562095404763, -14.34142080055730695, 13.29860519385203332 ) ) ;
#1353 = CARTESIAN_POINT ( 'NONE',  ( -4.250000000000000888, -5.945597522580416516, 9.212832891136462976 ) ) ;
#1354 = CARTESIAN_POINT ( 'NONE',  ( 6.250000000000000888, 6.563412284473763236, 12.49218786187188535 ) ) ;
#1355 = VECTOR ( 'NONE', #1977, 999.9999999999998863 ) ;
#1356 = CIRCLE ( 'NONE', #47, 3.650000000000000355 ) ;
#1357 = CARTESIAN_POINT ( 'NONE',  ( -4.750000000000000888, 12.64181258039251965, 15.17835095207796847 ) ) ;
#1358 = EDGE_CURVE ( 'NONE', #1885, #2243, #1891, .T. ) ;
#1359 = CARTESIAN_POINT ( 'NONE',  ( -6.250000000000000000, -13.28383275350762105, 12.39378383852543486 ) ) ;
#1360 = VECTOR ( 'NONE', #174, 1000.000000000000227 ) ;
#1361 = CARTESIAN_POINT ( 'NONE',  ( 6.250000000000000000, -12.83809932822863864, 5.945529175955805101 ) ) ;
#1362 = CARTESIAN_POINT ( 'NONE',  ( 4.749999999999998224, 12.28630891973765493, 15.08253309833670031 ) ) ;
#1363 = CARTESIAN_POINT ( 'NONE',  ( 4.250000000000000000, 5.951159060393990785, 10.08337177393871009 ) ) ;
#1364 = CARTESIAN_POINT ( 'NONE',  ( -4.749999999999998224, -12.61135884856372513, 14.19466769396229111 ) ) ;
#1365 = CARTESIAN_POINT ( 'NONE',  ( 5.932378343536262477, -13.58667743160359365, 13.58960103668242070 ) ) ;
#1366 = CARTESIAN_POINT ( 'NONE',  ( -6.250000000000000888, -13.24001827984163704, 12.81592055842257949 ) ) ;
#1367 = CARTESIAN_POINT ( 'NONE',  ( -5.485464100425079259, -13.49934059675380560, 14.10575691028642709 ) ) ;
#1368 = CARTESIAN_POINT ( 'NONE',  ( 4.249999999999999112, 2.179750538789006598, 9.135795142550424686 ) ) ;
#1369 = CARTESIAN_POINT ( 'NONE',  ( 4.750000000000000888, 11.03740955160147941, 14.64810626776384161 ) ) ;
#1370 = CARTESIAN_POINT ( 'NONE',  ( -4.749999999999917399, 15.99349366756195501, 14.58337854191960581 ) ) ;
#1371 = CARTESIAN_POINT ( 'NONE',  ( -4.750000000000000888, 19.42309232133744956, 9.185110683265554243 ) ) ;
#1372 = CARTESIAN_POINT ( 'NONE',  ( -6.250000000000000000, -13.31703586019502694, 12.27695753056939942 ) ) ;
#1373 = EDGE_CURVE ( 'NONE', #2152, #1706, #1418, .T. ) ;
#1374 = CARTESIAN_POINT ( 'NONE',  ( 6.250000000000000000, 14.87178655484408907, 13.50108261539715215 ) ) ;
#1375 = CARTESIAN_POINT ( 'NONE',  ( 4.750000000000001776, -10.99650753994684038, 13.28248987744416887 ) ) ;
#1376 = CARTESIAN_POINT ( 'NONE',  ( 4.250000000000000000, 0.2808091570405076842, 8.891516399277252347 ) ) ;
#1377 = CARTESIAN_POINT ( 'NONE',  ( -4.750000000000084377, -11.91124053827023843, 13.79948923258578120 ) ) ;
#1378 = CARTESIAN_POINT ( 'NONE',  ( 5.131025447714018028, -13.11481956838262519, 14.32710099611298560 ) ) ;
#1379 = CARTESIAN_POINT ( 'NONE',  ( -6.154185487476625305, -12.89538084404917839, 13.25032994779688700 ) ) ;
#1380 = CARTESIAN_POINT ( 'NONE',  ( -5.542331552457218535, -14.31821825281728344, 13.28789872413653050 ) ) ;
#1381 = CARTESIAN_POINT ( 'NONE',  ( -4.250000000000001776, -12.02192917710935127, 4.590189666689517445 ) ) ;
#1382 = CARTESIAN_POINT ( 'NONE',  ( 6.249999999999913847, 11.99096293882507069, 14.98522099798282170 ) ) ;
#1383 = CARTESIAN_POINT ( 'NONE',  ( -4.750000000000000888, 12.19409550511412021, 15.05151369568111619 ) ) ;
#1384 = CARTESIAN_POINT ( 'NONE',  ( 5.666818412348182399, -14.27478123469428617, 13.16955881777565907 ) ) ;
#1385 = CARTESIAN_POINT ( 'NONE',  ( -6.250000000000000000, -13.52485134498271968, 10.47569682052320417 ) ) ;
#1386 = CARTESIAN_POINT ( 'NONE',  ( 6.249999999999667821, 19.14239141526664767, 9.905973888475980260 ) ) ;
#1387 = CARTESIAN_POINT ( 'NONE',  ( 4.750000000000000000, -6.707884730178567345, 11.47114703376144185 ) ) ;
#1388 = CARTESIAN_POINT ( 'NONE',  ( -6.249999999999994671, -12.66675670931421394, 14.21965538689844522 ) ) ;
#1389 = CARTESIAN_POINT ( 'NONE',  ( 5.226071512405347619, -12.90303657321616804, 14.23634146651769683 ) ) ;
#1390 = CARTESIAN_POINT ( 'NONE',  ( -6.150978601469689444, -13.49639551866140152, 13.16475856715981507 ) ) ;
#1391 = CARTESIAN_POINT ( 'NONE',  ( -5.533923883753488759, -14.13134691901843532, 13.63222710325745446 ) ) ;
#1392 = CARTESIAN_POINT ( 'NONE',  ( 4.749999999999999112, -14.13669313405226546, 4.837393981131825171 ) ) ;
#1393 = CARTESIAN_POINT ( 'NONE',  ( 6.239771294069116792, -13.26297970056385012, 12.92987264292339589 ) ) ;
#1394 = CARTESIAN_POINT ( 'NONE',  ( 6.249999999999957367, 10.85390173798212032, 14.58177173886333655 ) ) ;
#1395 = ORIENTED_EDGE ( 'NONE', *, *, #2343, .F. ) ;
#1396 = CARTESIAN_POINT ( 'NONE',  ( 6.250000000000007105, -12.71776198974522742, 14.24254616118154537 ) ) ;
#1397 = CARTESIAN_POINT ( 'NONE',  ( 4.940943834312172100, -13.89362433728724433, 14.19792550591144575 ) ) ;
#1398 = CARTESIAN_POINT ( 'NONE',  ( -6.250000000000000000, 14.02123113554603684, 13.82980838106569621 ) ) ;
#1399 = CARTESIAN_POINT ( 'NONE',  ( 6.250000000000000000, 18.39309148752256817, 7.822790545156227182 ) ) ;
#1400 = CARTESIAN_POINT ( 'NONE',  ( -6.250000000000000000, -13.37519568601401154, 12.03960875034626810 ) ) ;
#1401 = CARTESIAN_POINT ( 'NONE',  ( 6.250000000000000000, 18.16705340805780367, 8.309687346445260303 ) ) ;
#1402 = AXIS2_PLACEMENT_3D ( 'NONE', #315, #1915, #532 ) ;
#1403 = CARTESIAN_POINT ( 'NONE',  ( 4.750000000000000888, -3.274316464229017676, 10.83732247643705549 ) ) ;
#1404 = CARTESIAN_POINT ( 'NONE',  ( 6.250000000000000888, -9.778509773425277274, 11.01584604879123930 ) ) ;
#1405 = CARTESIAN_POINT ( 'NONE',  ( 5.235328983438396477, -14.49388923256811523, 13.24450348930276000 ) ) ;
#1406 = CIRCLE ( 'NONE', #969, 1.650000000000000355 ) ;
#1407 = CARTESIAN_POINT ( 'NONE',  ( -6.168015097844870454, -13.43553155667757260, 13.15198323665684654 ) ) ;
#1408 = CARTESIAN_POINT ( 'NONE',  ( -5.228424385542115971, -14.30513452469536873, 13.65457416927185008 ) ) ;
#1409 = CARTESIAN_POINT ( 'NONE',  ( 4.750000000000000888, -12.79350116744519283, 1.075488529244889024 ) ) ;
#1410 = CARTESIAN_POINT ( 'NONE',  ( 6.239703972858561265, -13.22251281852068949, 12.95132191458032089 ) ) ;
#1411 = CARTESIAN_POINT ( 'NONE',  ( 6.250000000000084377, 8.982006625729361815, 13.79821265421095866 ) ) ;
#1412 = EDGE_CURVE ( 'NONE', #2669, #2165, #2836, .T. ) ;
#1413 = CARTESIAN_POINT ( 'NONE',  ( 6.250000000000000000, -11.92106519364062045, 2.698248650040033780 ) ) ;
#1414 = CARTESIAN_POINT ( 'NONE',  ( 6.250000000000000000, -13.34306912587146243, 12.87904516042983438 ) ) ;
#1415 = CARTESIAN_POINT ( 'NONE',  ( 4.750000000074577677, -14.08776875769854442, 14.06959166534363526 ) ) ;
#1416 = CARTESIAN_POINT ( 'NONE',  ( -6.249999999999960032, 15.26681894784029048, 14.98747186278298926 ) ) ;
#1417 = CARTESIAN_POINT ( 'NONE',  ( 6.211805452841120179, -13.46837010920476807, 12.89373037927922994 ) ) ;
#1418 = LINE ( 'NONE', #1431, #149 ) ;
#1419 = CARTESIAN_POINT ( 'NONE',  ( 6.249999999999833911, 18.72617830537884487, 11.00247681074710471 ) ) ;
#1420 = CARTESIAN_POINT ( 'NONE',  ( 6.250000000000000888, -11.82485673091129286, 12.02541507609861604 ) ) ;
#1421 = CARTESIAN_POINT ( 'NONE',  ( 4.988232030073184831, -13.56589200674158135, 14.32451900143799328 ) ) ;
#1422 = CARTESIAN_POINT ( 'NONE',  ( -6.199180420306185546, -13.49271858240222599, 12.95700537211950731 ) ) ;
#1423 = ORIENTED_EDGE ( 'NONE', *, *, #19, .T. ) ;
#1424 = CARTESIAN_POINT ( 'NONE',  ( -4.993646376779387275, -14.45809376982471406, 13.48690628400427727 ) ) ;
#1425 = FACE_OUTER_BOUND ( 'NONE', #2857, .T. ) ;
#1426 = CARTESIAN_POINT ( 'NONE',  ( 6.198089492154165825, -13.06425881226474317, 13.15948775782839419 ) ) ;
#1427 = EDGE_CURVE ( 'NONE', #948, #292, #1064, .T. ) ;
#1428 = CARTESIAN_POINT ( 'NONE',  ( 6.249999999999999112, -14.64710452180769451, 13.05094184101050914 ) ) ;
#1429 = DIRECTION ( 'NONE',  ( -1.000000000000000000, -0.0000000000000000000, -0.0000000000000000000 ) ) ;
#1430 = CARTESIAN_POINT ( 'NONE',  ( -4.749999999999917399, 16.58963141353617488, 14.17091552909919550 ) ) ;
#1431 = CARTESIAN_POINT ( 'NONE',  ( 6.250000000000000000, -8.790532463939040753, -2.644495373103581404 ) ) ;
#1432 = CARTESIAN_POINT ( 'NONE',  ( 4.250000000000000000, -12.89961252336520481, 8.995587012003468885 ) ) ;
#1433 = CARTESIAN_POINT ( 'NONE',  ( 6.250000000000000000, 14.61576712159521740, 13.63536981178926233 ) ) ;
#1434 = CARTESIAN_POINT ( 'NONE',  ( -6.250000000000000000, -5.609543411472537322, 9.642525100908986957 ) ) ;
#1435 = CARTESIAN_POINT ( 'NONE',  ( 5.137177991219852302, -12.58656432115553159, 14.13073971425969511 ) ) ;
#1436 = CARTESIAN_POINT ( 'NONE',  ( -6.150097078936173745, -13.35482940709177235, 13.24976198869063637 ) ) ;
#1437 = ORIENTED_EDGE ( 'NONE', *, *, #1358, .T. ) ;
#1438 = CARTESIAN_POINT ( 'NONE',  ( -5.233813658753115661, -12.48961336001773681, 14.04762873818647506 ) ) ;
#1439 = CARTESIAN_POINT ( 'NONE',  ( -5.414919621912732239, -12.43260045866718499, 13.92634406990515217 ) ) ;
#1440 = CARTESIAN_POINT ( 'NONE',  ( -6.250000000000000888, 7.837806522422352984, 11.45087434945057936 ) ) ;
#1441 = CARTESIAN_POINT ( 'NONE',  ( 4.750000000000000888, -12.72609897315554761, 0.9577717827455756172 ) ) ;
#1442 = CARTESIAN_POINT ( 'NONE',  ( 6.250000000000000000, -13.16565051853295110, 12.73593563632619130 ) ) ;
#1443 = CARTESIAN_POINT ( 'NONE',  ( -6.250000000000000000, 14.72824193998076581, 11.60742673484823229 ) ) ;
#1444 = CARTESIAN_POINT ( 'NONE',  ( -6.250000000000007994, 19.72298844557436226, 8.517913185677578269 ) ) ;
#1445 = CARTESIAN_POINT ( 'NONE',  ( -4.250000000000000888, 9.985645368861700177, 12.06747150109949018 ) ) ;
#1446 = VERTEX_POINT ( 'NONE', #1399 ) ;
#1447 = CARTESIAN_POINT ( 'NONE',  ( -6.250000000000000000, -13.14635990577687963, 12.78358858090371797 ) ) ;
#1448 = CARTESIAN_POINT ( 'NONE',  ( 6.250000000000000000, 13.01796366580982145, 13.72574772846178526 ) ) ;
#1449 = CARTESIAN_POINT ( 'NONE',  ( -4.750000000000000888, -9.985206563357639453, 12.76002932398838574 ) ) ;
#1450 = CARTESIAN_POINT ( 'NONE',  ( 5.501442897793562103, -12.46067004989550853, 13.88896208316584513 ) ) ;
#1451 = CARTESIAN_POINT ( 'NONE',  ( -5.880460923283264307, -14.08387048540693343, 13.10722831186179782 ) ) ;
#1452 = ORIENTED_EDGE ( 'NONE', *, *, #2221, .F. ) ;
#1453 = CARTESIAN_POINT ( 'NONE',  ( -5.225832779300952247, -12.89888362386092702, 14.23501483387391175 ) ) ;
#1454 = CARTESIAN_POINT ( 'NONE',  ( -4.749999999999997335, 6.965619924792153306, 12.68718709153372792 ) ) ;
#1455 = VECTOR ( 'NONE', #2814, 1000.000000000000000 ) ;
#1456 = CARTESIAN_POINT ( 'NONE',  ( 6.250000000000000000, -9.607871435328229737, -2.991125656131627508 ) ) ;
#1457 = CARTESIAN_POINT ( 'NONE',  ( -6.250000000000000000, -13.08942679075480697, -7.339372430928720270 ) ) ;
#1458 = CARTESIAN_POINT ( 'NONE',  ( 6.249999999999999112, -14.72175922007058091, 12.82263155019234091 ) ) ;
#1459 = LINE ( 'NONE', #1854, #341 ) ;
#1460 = CARTESIAN_POINT ( 'NONE',  ( -6.250000000000000888, 19.72748385765855161, 8.508639349924267847 ) ) ;
#1461 = CARTESIAN_POINT ( 'NONE',  ( 4.750000000074579454, -14.56711001467210487, 13.26954825041139152 ) ) ;
#1462 = ORIENTED_EDGE ( 'NONE', *, *, #910, .F. ) ;
#1463 = CARTESIAN_POINT ( 'NONE',  ( 6.250000000000000000, 14.21506609675319943, 13.79146733704056160 ) ) ;
#1464 = CARTESIAN_POINT ( 'NONE',  ( -6.250000000000000888, -1.074926010067443372, 10.79698149361647097 ) ) ;
#1465 = CARTESIAN_POINT ( 'NONE',  ( 5.401389993666276368, -13.98542317421895476, 13.91636478527402687 ) ) ;
#1466 = CARTESIAN_POINT ( 'NONE',  ( -5.867426554192959109, -13.32527326727328898, 13.77288337727360634 ) ) ;
#1467 = CARTESIAN_POINT ( 'NONE',  ( -5.365680463574093118, -12.61144888208773374, 14.04772243389270159 ) ) ;
#1468 = CARTESIAN_POINT ( 'NONE',  ( -4.750000000000001776, -12.01200394305968722, 13.85824747037197469 ) ) ;
#1469 = CARTESIAN_POINT ( 'NONE',  ( -6.250000000000000888, -11.48934867653319181, 11.84601978887951290 ) ) ;
#1470 = CARTESIAN_POINT ( 'NONE',  ( -4.250000000000000000, -11.81804168930444199, 3.870982409456171780 ) ) ;
#1471 = CARTESIAN_POINT ( 'NONE',  ( 4.750000000074578566, -12.46123407232581037, 14.11979369766965320 ) ) ;
#1472 = CARTESIAN_POINT ( 'NONE',  ( -4.250000000000000000, 11.21099267591272231, 12.58285362314523859 ) ) ;
#1473 =( LENGTH_UNIT ( ) NAMED_UNIT ( * ) SI_UNIT ( .MILLI., .METRE. ) );
#1474 = CARTESIAN_POINT ( 'NONE',  ( 4.750000000000000000, -11.67312217401634378, 13.66135214260203057 ) ) ;
#1475 = CARTESIAN_POINT ( 'NONE',  ( -4.749999999999960032, 17.36887515870499143, 13.43419448592913312 ) ) ;
#1476 = SURFACE_SIDE_STYLE ('',( #552 ) ) ;
#1477 = ORIENTED_EDGE ( 'NONE', *, *, #37, .F. ) ;
#1478 = CARTESIAN_POINT ( 'NONE',  ( 6.250000000000001776, 13.88014842569425156, 13.84228449545176254 ) ) ;
#1479 = CARTESIAN_POINT ( 'NONE',  ( -6.250000000000000000, -4.093804887703432094, 9.409850307887719367 ) ) ;
#1480 = CARTESIAN_POINT ( 'NONE',  ( 5.490205694828653726, -12.91479574213564874, 14.10032254920530015 ) ) ;
#1481 = CARTESIAN_POINT ( 'NONE',  ( -5.734199670748103550, -14.06812224540872691, 13.45329305878235004 ) ) ;
#1482 = CARTESIAN_POINT ( 'NONE',  ( 6.198225855841070775, -13.44472697447640464, 13.02106915004739385 ) ) ;
#1483 = CARTESIAN_POINT ( 'NONE',  ( -4.749999999983628207, -14.47571939380254769, 13.49542897505772565 ) ) ;
#1484 = CARTESIAN_POINT ( 'NONE',  ( -4.750000000000001776, 10.42724959236158710, 14.42683955353670555 ) ) ;
#1485 = CARTESIAN_POINT ( 'NONE',  ( -5.880175940952678815, 19.28604524023408118, 8.252842239529748269 ) ) ;
#1486 = CARTESIAN_POINT ( 'NONE',  ( -4.249999999999997335, -11.36297945871884174, 2.651934226378471759 ) ) ;
#1487 = CARTESIAN_POINT ( 'NONE',  ( 4.799370556313799163, -13.57104972800927811, 14.34481085593341554 ) ) ;
#1488 = CARTESIAN_POINT ( 'NONE',  ( 4.249999999999998224, 17.50824209376858320, 8.583225133479208679 ) ) ;
#1489 = CARTESIAN_POINT ( 'NONE',  ( 6.249999999999948486, -14.56459134820494405, 13.27757564484756969 ) ) ;
#1490 = CARTESIAN_POINT ( 'NONE',  ( 6.250000000000000000, -12.50322494944854235, 12.40844415999482209 ) ) ;
#1491 = CARTESIAN_POINT ( 'NONE',  ( -6.250000000000000000, 18.38855257191174530, 7.832060710925630609 ) ) ;
#1492 = DIRECTION ( 'NONE',  ( 0.0000000000000000000, 0.0000000000000000000, -1.000000000000000000 ) ) ;
#1493 = VERTEX_POINT ( 'NONE', #2331 ) ;
#1494 = CARTESIAN_POINT ( 'NONE',  ( -6.249999999999873879, -11.75267743838820778, 13.70717440178331259 ) ) ;
#1495 = CARTESIAN_POINT ( 'NONE',  ( 5.656576983602035646, -14.06969943585307625, 13.56691309718280181 ) ) ;
#1496 = CARTESIAN_POINT ( 'NONE',  ( -5.933383990978939870, -13.09925604831815882, 13.71052728697158685 ) ) ;
#1497 = CARTESIAN_POINT ( 'NONE',  ( 6.239711540052845784, -13.17841499874685240, 12.96568587198310318 ) ) ;
#1498 = CARTESIAN_POINT ( 'NONE',  ( -4.749999999983629984, -12.45719137581196279, 14.11761711532676777 ) ) ;
#1499 = CARTESIAN_POINT ( 'NONE',  ( 6.250000000000000000, -13.14635990577688140, 12.78358858090371974 ) ) ;
#1500 = CARTESIAN_POINT ( 'NONE',  ( -4.750000000000000888, 7.988869116612480781, 13.25159406153249542 ) ) ;
#1501 = CARTESIAN_POINT ( 'NONE',  ( -4.750000000000000888, 15.60546961076358130, 14.81089583437174717 ) ) ;
#1502 = CARTESIAN_POINT ( 'NONE',  ( -6.250000000000002665, 8.841209471802851994, 12.01111548558695041 ) ) ;
#1503 = CARTESIAN_POINT ( 'NONE',  ( -4.750000000000000888, -12.35065404716640280, 14.05754333028090919 ) ) ;
#1504 = CARTESIAN_POINT ( 'NONE',  ( 4.940842263993147299, -13.45348598216405556, 14.35632872586300657 ) ) ;
#1505 = CARTESIAN_POINT ( 'NONE',  ( -6.250000000000000888, 19.76678495992166518, 8.428375634170103936 ) ) ;
#1506 = COLOUR_RGB ( '',0.7921568627450980005, 0.8196078431372548767, 0.9333333333333333481 ) ;
#1507 = EDGE_CURVE ( 'NONE', #127, #1237, #1755, .T. ) ;
#1508 = CARTESIAN_POINT ( 'NONE',  ( 6.250000000000000000, -12.66985511502570638, 12.50545456539883915 ) ) ;
#1509 =( LENGTH_UNIT ( ) NAMED_UNIT ( * ) SI_UNIT ( .MILLI., .METRE. ) );
#1510 = VERTEX_POINT ( 'NONE', #808 ) ;
#1511 = VERTEX_POINT ( 'NONE', #321 ) ;
#1512 = CARTESIAN_POINT ( 'NONE',  ( -6.250000000000001776, 7.193671375174361060, 11.13039352676010019 ) ) ;
#1513 = CARTESIAN_POINT ( 'NONE',  ( 5.492807532207422128, -14.20759361638950580, 13.56491990018272276 ) ) ;
#1514 = CARTESIAN_POINT ( 'NONE',  ( -5.737841718093241283, -14.15143626208182503, 13.30660066904228600 ) ) ;
#1515 = CARTESIAN_POINT ( 'NONE',  ( 6.250000000000000000, -13.14635990577688673, 12.78358858090372330 ) ) ;
#1516 = CARTESIAN_POINT ( 'NONE',  ( -4.799476523373679804, -14.52264639183071893, 13.38458786424394908 ) ) ;
#1517 = CARTESIAN_POINT ( 'NONE',  ( -6.250000000000000000, -12.96646423106239610, 4.249961680492777560 ) ) ;
#1518 = CARTESIAN_POINT ( 'NONE',  ( 6.249999999999999112, 14.57652737772806972, 13.65974941597882975 ) ) ;
#1519 = CARTESIAN_POINT ( 'NONE',  ( 4.750000000000002665, 6.933321688438152997, 12.55662349228011543 ) ) ;
#1520 = PLANE ( 'NONE',  #2858 ) ;
#1521 = CARTESIAN_POINT ( 'NONE',  ( -4.749999999999999112, -14.98417704624190350, 11.43599903586505917 ) ) ;
#1522 = DIRECTION ( 'NONE',  ( -1.000000000000000000, -0.0000000000000000000, -0.0000000000000000000 ) ) ;
#1523 = ORIENTED_EDGE ( 'NONE', *, *, #2273, .F. ) ;
#1524 = CARTESIAN_POINT ( 'NONE',  ( 4.250000000000000888, 10.14371103388593554, 12.14288231729886292 ) ) ;
#1525 = PRODUCT_CONTEXT ( 'NONE', #2135, 'mechanical' ) ;
#1526 = CARTESIAN_POINT ( 'NONE',  ( 6.249999999999998224, -4.474062980629267550, 9.458156501761330048 ) ) ;
#1527 = CARTESIAN_POINT ( 'NONE',  ( 4.749999999999959144, -11.91113866987232761, 13.79942943057451643 ) ) ;
#1528 = DIRECTION ( 'NONE',  ( 0.0000000000000000000, -0.8553367643015021837, -0.5180724077136676931 ) ) ;
#1529 = CARTESIAN_POINT ( 'NONE',  ( -6.250000000000000000, 10.45406332757476697, 12.82739503574368989 ) ) ;
#1530 = CARTESIAN_POINT ( 'NONE',  ( 5.869758621316241154, -13.81318530513813414, 13.53020519115264975 ) ) ;
#1531 = CARTESIAN_POINT ( 'NONE',  ( -6.249999999999998224, -11.82535275292633870, 2.477552361186126983 ) ) ;
#1532 = CARTESIAN_POINT ( 'NONE',  ( -4.942468133855475898, -12.89286465909475332, 14.30701799024870624 ) ) ;
#1533 = CARTESIAN_POINT ( 'NONE',  ( 5.138031674576422958, 19.70151974855101784, 8.452937166874130881 ) ) ;
#1534 = CARTESIAN_POINT ( 'NONE',  ( 6.250000000000000000, 10.90924547608276107, 13.00865997394362772 ) ) ;
#1535 = CARTESIAN_POINT ( 'NONE',  ( -4.750000000000002665, 16.10373030811300410, 14.51251282590850700 ) ) ;
#1536 = CARTESIAN_POINT ( 'NONE',  ( -6.249999999999996447, 16.78202174688857795, 11.66429252150683737 ) ) ;
#1537 = CARTESIAN_POINT ( 'NONE',  ( -6.210310105114723811, -13.07312201188546652, 13.11267543696784976 ) ) ;
#1538 = FACE_OUTER_BOUND ( 'NONE', #2611, .T. ) ;
#1539 = VECTOR ( 'NONE', #2405, 1000.000000000000000 ) ;
#1540 = ORIENTED_EDGE ( 'NONE', *, *, #1246, .F. ) ;
#1541 = FACE_OUTER_BOUND ( 'NONE', #2015, .T. ) ;
#1542 = SHAPE_DEFINITION_REPRESENTATION ( #1547, #391 ) ;
#1543 = CARTESIAN_POINT ( 'NONE',  ( 6.250000000000000000, -1.008761684610590903, 9.297697624373387981 ) ) ;
#1544 = CARTESIAN_POINT ( 'NONE',  ( -6.154744520786499251, -13.64632642552598085, 12.95618293178934088 ) ) ;
#1545 = CARTESIAN_POINT ( 'NONE',  ( -6.249999999999997335, 11.90693910960414392, 13.36750845284967504 ) ) ;
#1546 = CARTESIAN_POINT ( 'NONE',  ( 5.871974373144095871, -13.91391104883456009, 13.42066196560022462 ) ) ;
#1547 = PRODUCT_DEFINITION_SHAPE ( 'NONE', 'NONE',  #1205 ) ;
#1548 = CARTESIAN_POINT ( 'NONE',  ( 6.249999999999999112, -13.19144195703524503, 12.86398191943962210 ) ) ;
#1549 = CARTESIAN_POINT ( 'NONE',  ( -4.799367915462111611, -14.16573888739426401, 13.99008853836839528 ) ) ;
#1550 = EDGE_CURVE ( 'NONE', #127, #2243, #1118, .T. ) ;
#1551 = CARTESIAN_POINT ( 'NONE',  ( 6.250000000000000000, -10.07353761039129303, -3.421603984674083332 ) ) ;
#1552 = CARTESIAN_POINT ( 'NONE',  ( 6.249999999999999112, -0.9492561990827201868, 9.300604686598655135 ) ) ;
#1553 = CARTESIAN_POINT ( 'NONE',  ( 5.936161679952048686, -13.85381658482493528, 13.36677360928224800 ) ) ;
#1554 = CARTESIAN_POINT ( 'NONE',  ( -4.750000000000000888, 13.37388284362058322, 15.32796216303844616 ) ) ;
#1555 = CARTESIAN_POINT ( 'NONE',  ( -6.249999999999999112, 14.74254350236365063, 13.57307096215187059 ) ) ;
#1556 = CARTESIAN_POINT ( 'NONE',  ( -6.250000000000000888, -13.14635990577688318, 12.78358858090372330 ) ) ;
#1557 = ORIENTED_EDGE ( 'NONE', *, *, #2641, .T. ) ;
#1558 = CARTESIAN_POINT ( 'NONE',  ( 6.250000000000000000, 18.42016939884603843, 7.767598415704806136 ) ) ;
#1559 = CARTESIAN_POINT ( 'NONE',  ( 4.250000000000000000, 3.232070798333824602, 9.332183747210530456 ) ) ;
#1560 = CARTESIAN_POINT ( 'NONE',  ( 6.250000000000000888, -3.213098072050151188, 10.83366428639636858 ) ) ;
#1561 = CARTESIAN_POINT ( 'NONE',  ( -4.250000000000000000, -10.94643134796799799, 1.880006493288146618 ) ) ;
#1562 = CARTESIAN_POINT ( 'NONE',  ( -6.249999999999833022, 11.03294332584881232, 14.64649389475675179 ) ) ;
#1563 = CARTESIAN_POINT ( 'NONE',  ( 5.740445468548292851, -12.62126648062831435, 13.78586247067472925 ) ) ;
#1564 = CARTESIAN_POINT ( 'NONE',  ( -6.249999999999790390, -12.94626228585401684, 1.351270065356797279 ) ) ;
#1565 = CARTESIAN_POINT ( 'NONE',  ( 4.750000000000053291, -14.92549911644575111, 11.90098315344627444 ) ) ;
#1566 = CARTESIAN_POINT ( 'NONE',  ( 4.249999999999999112, 1.856481282200151961, 9.084786724648813205 ) ) ;
#1567 = CARTESIAN_POINT ( 'NONE',  ( 6.249999999999997335, 15.98951010669204997, 12.71281169481274453 ) ) ;
#1568 = CARTESIAN_POINT ( 'NONE',  ( 5.943806757139635799, -12.66417955553319707, 13.56089245655426190 ) ) ;
#1569 = CARTESIAN_POINT ( 'NONE',  ( -6.250000000000000888, -13.14635990577688318, 12.78358858090371974 ) ) ;
#1570 = VERTEX_POINT ( 'NONE', #2426 ) ;
#1571 = CARTESIAN_POINT ( 'NONE',  ( -5.402587934608142461, -14.05674142251985437, 13.84716205275654133 ) ) ;
#1572 = B_SPLINE_CURVE_WITH_KNOTS ( 'NONE', 3,
 ( #425, #1348, #195, #414, #1820, #2746, #183, #2525, #681, #2304, #1592, #437, #1376, #2290, #1566, #2265, #2761, #1363, #208, #2037, #1106, #451, #220, #1145, #2075, #1089, #2482, #642, #1260, #831 ),
 .UNSPECIFIED., .F., .F.,
 ( 4, 2, 2, 2, 2, 2, 2, 2, 2, 2, 2, 2, 2, 2, 4 ),
 ( 1.734723475976807094E-18, 0.003178153127523437090, 0.006356306255046872446, 0.007945382818808589473, 0.009534459382570305633, 0.01271261251009373622, 0.01430168907385545064, 0.01589076563761716854, 0.01906891876514059392, 0.02065799532890230661, 0.02145253361078316989, 0.02224707189266402624, 0.02383614845642573893, 0.02463068673830659527, 0.02542522502018744468 ),
 .UNSPECIFIED. ) ;
#1573 = LINE ( 'NONE', #883, #805 ) ;
#1574 = CARTESIAN_POINT ( 'NONE',  ( 4.750000000000000888, -7.325198817758735714, 11.67169689272144595 ) ) ;
#1575 = CARTESIAN_POINT ( 'NONE',  ( -4.749999999983628207, -14.56557692842477358, 13.27351906847446550 ) ) ;
#1576 = CARTESIAN_POINT ( 'NONE',  ( -4.749999999999999112, 11.39737519042959768, 14.77830443822748130 ) ) ;
#1577 = EDGE_LOOP ( 'NONE', ( #986, #1210, #2819, #2289, #1665, #2090 ) ) ;
#1578 = CARTESIAN_POINT ( 'NONE',  ( -6.249999999999946709, -14.64710082454142892, 13.05095258045638040 ) ) ;
#1579 = CARTESIAN_POINT ( 'NONE',  ( 6.250000000000000000, -13.52536634635069923, 10.95553311408562003 ) ) ;
#1580 = CARTESIAN_POINT ( 'NONE',  ( 4.750000000000000888, 19.42519318000550754, 9.180059876254945905 ) ) ;
#1581 = CARTESIAN_POINT ( 'NONE',  ( 6.250000000000002665, 11.27029047276660556, 13.13721757667398293 ) ) ;
#1582 = CARTESIAN_POINT ( 'NONE',  ( 6.151705350878273748, -13.55413605648681497, 13.10999935412717399 ) ) ;
#1583 = CARTESIAN_POINT ( 'NONE',  ( -6.239722001955218644, -13.23614970190520346, 12.94513511588821864 ) ) ;
#1584 = CARTESIAN_POINT ( 'NONE',  ( -5.414919621912732239, -12.43260045866718499, 13.92634406990515217 ) ) ;
#1585 = CARTESIAN_POINT ( 'NONE',  ( -4.250000000000001776, 6.893019151296253533, 10.44420203651332457 ) ) ;
#1586 = CARTESIAN_POINT ( 'NONE',  ( 6.249999999999336531, 0.3594618237528290350, 10.90321021843528015 ) ) ;
#1587 = EDGE_CURVE ( 'NONE', #948, #322, #2298, .T. ) ;
#1588 = CARTESIAN_POINT ( 'NONE',  ( -4.750000000000000888, 13.43029022096910552, 15.32255852515712391 ) ) ;
#1589 = CARTESIAN_POINT ( 'NONE',  ( -6.250000000000000000, -13.26067054109815757, 8.083316405731400422 ) ) ;
#1590 = CARTESIAN_POINT ( 'NONE',  ( 6.250000000000000888, -12.65710487657099925, 0.8438616778608047930 ) ) ;
#1591 = CARTESIAN_POINT ( 'NONE',  ( 4.750000000000000888, 10.45766339357756891, 14.43805793052665898 ) ) ;
#1592 = CARTESIAN_POINT ( 'NONE',  ( 4.250000000000000000, -1.815929009240425662, 8.767247310965116114 ) ) ;
#1593 = CARTESIAN_POINT ( 'NONE',  ( -6.250000000000003553, -12.68427700182216178, 14.22752333213979092 ) ) ;
#1594 = CARTESIAN_POINT ( 'NONE',  ( 6.093877641413428137, -13.65997131649825214, 13.19797342796422157 ) ) ;
#1595 = CARTESIAN_POINT ( 'NONE',  ( -6.250000000000000888, -13.09923686633166895, 12.87100164093586940 ) ) ;
#1596 = CARTESIAN_POINT ( 'NONE',  ( -5.370602567902738933, -14.43926945426476927, 13.22991623577762255 ) ) ;
#1597 = DIRECTION ( 'NONE',  ( -0.0000000000000000000, -0.5180724077136680261, 0.8553367643015018507 ) ) ;
#1598 = CARTESIAN_POINT ( 'NONE',  ( 6.249999999999997335, 11.00015316631003870, 13.03844729490443832 ) ) ;
#1599 = CARTESIAN_POINT ( 'NONE',  ( -6.249999999999916511, 15.69521857872826409, 14.75879233387161094 ) ) ;
#1600 = CARTESIAN_POINT ( 'NONE',  ( 4.750000000000002665, 9.057388789964491593, 13.94144524403998808 ) ) ;
#1601 = CARTESIAN_POINT ( 'NONE',  ( -4.750000000000000888, -15.02870152929633285, 11.00836455498463273 ) ) ;
#1602 = AXIS2_PLACEMENT_3D ( 'NONE', #1141, #2914, #2469 ) ;
#1603 = CARTESIAN_POINT ( 'NONE',  ( 4.750000000000000000, 17.18393561333198960, 13.63710322316147483 ) ) ;
#1604 = ORIENTED_EDGE ( 'NONE', *, *, #1327, .F. ) ;
#1605 = CARTESIAN_POINT ( 'NONE',  ( 4.750000000000000000, 14.00297351931497758, 15.34152450902496057 ) ) ;
#1606 = CARTESIAN_POINT ( 'NONE',  ( -6.250000000000000000, -13.00151079551229572, 12.70246102532606081 ) ) ;
#1607 = CARTESIAN_POINT ( 'NONE',  ( 5.223824966801228875, -14.03631954295113538, 13.99424827963590978 ) ) ;
#1608 = CARTESIAN_POINT ( 'NONE',  ( -6.199637536622826239, -12.96209310692298899, 13.12576422532436027 ) ) ;
#1609 = CARTESIAN_POINT ( 'NONE',  ( -5.493036330188385996, -14.20558879183653289, 13.56819819148092598 ) ) ;
#1610 = CARTESIAN_POINT ( 'NONE',  ( 6.250000000000000000, -10.94643134796799799, 1.880006493288146618 ) ) ;
#1611 = CARTESIAN_POINT ( 'NONE',  ( 6.250000000000082601, 11.59212135490176898, 14.84868536891002400 ) ) ;
#1612 = CARTESIAN_POINT ( 'NONE',  ( -4.750000000000000888, 11.58732951556606139, 14.84698188686056319 ) ) ;
#1613 = CARTESIAN_POINT ( 'NONE',  ( 5.543976087607223491, -14.35271947336044107, 13.19621715865283385 ) ) ;
#1614 = CARTESIAN_POINT ( 'NONE',  ( -6.250000000000000000, -13.52536587893027509, 10.95554843462877948 ) ) ;
#1615 = B_SPLINE_SURFACE_WITH_KNOTS ( 'NONE', 3, 3, ( 
 ( #1096, #2949, #352, #1855, #474, #2174, #1415, #107, #1028, #89, #564, #1169, #2194, #547, #1471, #804 ),
 ( #2329, #16, #2885, #2346, #333, #259, #939, #33, #772, #1487, #2403, #2101, #317, #580, #1700, #1011 ),
 ( #1247, #2796, #956, #1947, #2781, #703, #2868, #1871, #2117, #787, #1716, #1625, #2085, #491, #1733, #2647 ),
 ( #2422, #2664, #718, #2559, #1264, #1643, #2631, #1397, #1965, #2575, #1504, #1184, #1, #244, #1888, #2853 ),
 ( #2439, #924, #2830, #918, #2320, #481, #497, #2306, #222, #1421, #2552, #1632, #2581, #1649, #2352, #40 ),
 ( #696, #962, #2140, #1176, #2995, #1160, #946, #1894, #2124, #2788, #1663, #1378, #453, #1435, #2817, #2595 ),
 ( #1405, #265, #55, #711, #464, #1147, #1607, #2540, #1208, #2566, #976, #2802, #1389, #1191, #1910, #279 ),
 ( #2337, #739, #511, #251, #2774, #1618, #2077, #2366, #2108, #235, #2092, #1847, #8, #931, #24, #1879 ),
 ( #1863, #724, #1225, #2862, #1005, #556, #1465, #2429, #2655, #765, #527, #2217, #2846, #2447, #132, #1053 ),
 ( #2155, #1020, #1972, #1513, #2625, #83, #588, #99, #1988, #2892, #1256, #1693, #1480, #2609, #752, #1450 ),
 ( #2168, #1710, #69, #1724, #541, #2671, #2398, #1677, #2382, #1941, #989, #1925, #296, #812, #781, #358 ),
 ( #2639, #572, #311, #1240, #1495, #2412, #325, #343, #796, #1272, #2202, #116, #2184, #1036, #1287, #1957 ),
 ( #2877, #1741, #1086, #2021, #2004, #858, #827, #1757, #2713, #2939, #1790, #147, #1773, #2249, #1563, #2924 ),
 ( #2686, #410, #2907, #605, #1546, #1530, #636, #841, #2495, #2463, #375, #1317, #393, #1301, #2233, #1070 ),
 ( #164, #621, #2699, #2479, #1553, #626, #2051, #1365, #1306, #1340, #2267, #880, #2527, #2501, #2929, #1568 ),
 ( #185, #169, #1122, #1350, #2484, #2238, #905, #400, #1134, #1835, #2763, #1108, #847, #2737, #670, #210 ),
 ( #1795, #2292, #1810, #683, #1594, #2958, #1322, #2039, #153, #2468, #1076, #1779, #2514, #2720, #439, #2064 ),
 ( #891, #2253, #2983, #658, #1582, #381, #2011, #2704, #1091, #2026, #644, #2945, #863, #416, #427, #2280 ),
 ( #197, #2970, #1822, #2748, #1884, #2879, #2325, #1258, #2186, #270, #1669, #239, #327, #1655, #2586, #1959 ),
 ( #471, #1166, #1022, #2570, #1482, #485, #2096, #1181, #2808, #2642, #502, #12, #1426, #1726, #952, #745 ),
 ( #2556, #935, #2113, #2130, #922, #1851, #46, #1867, #255, #1198, #968, #1902, #558, #2415, #2792, #101 ),
 ( #715, #2081, #798, #2341, #2658, #2357, #1393, #574, #1410, #2823, #1497, #227, #1152, #2999, #2778, #29 ),
 ( #700, #730, #1622, #1637, #2431, #1087, #1318, #1548, #1104, #2497, #2449, #1990, #376, #843, #2007, #1274 ),
 ( #590, #1515, #2204, #412, #2925, #360, #1289, #2022, #1336, #118, #1302, #2234, #1775, #2263, #2464, #2894 ) ),
 .UNSPECIFIED., .F., .F., .F.,
 ( 4, 2, 2, 2, 2, 2, 2, 2, 2, 2, 2, 4 ),
 ( 4, 2, 2, 2, 2, 2, 2, 4 ),
 ( 0.0000000000000000000, 0.06250000000000000000, 0.1250000000000000000, 0.2500000000000000000, 0.3125000000000000000, 0.3750000000000000000, 0.5000000000000000000, 0.6250000000000000000, 0.7500000000000000000, 0.8125000000000000000, 0.8750000000000000000, 1.000000000000000000 ),
 ( 0.0000000000000000000, 0.1250000000000000000, 0.2500000000000000000, 0.3750000000000000000, 0.5000000000000000000, 0.6250000000000000000, 0.8750000000000000000, 1.000000000000000000 ),
 .UNSPECIFIED. ) ;
#1616 = CARTESIAN_POINT ( 'NONE',  ( 6.250000000000333067, 18.86876170703027356, 10.62734712912947721 ) ) ;
#1617 = CARTESIAN_POINT ( 'NONE',  ( 4.750000000000000000, -12.35468592525588960, 14.05981489954086960 ) ) ;
#1618 = CARTESIAN_POINT ( 'NONE',  ( 5.358529972382815032, -14.07419895041952884, 13.86390019251564709 ) ) ;
#1619 = CARTESIAN_POINT ( 'NONE',  ( -6.197813290932293384, -13.40186958988750909, 13.06033163585766665 ) ) ;
#1620 = CARTESIAN_POINT ( 'NONE',  ( -5.661549661302226255, -12.67328252588731985, 13.88174871477722405 ) ) ;
#1621 = CARTESIAN_POINT ( 'NONE',  ( -4.250000000000000888, -12.94436931106586108, 11.69653533855731276 ) ) ;
#1622 = CARTESIAN_POINT ( 'NONE',  ( 6.249999999999999112, -13.23491493510196548, 12.82739033421571584 ) ) ;
#1623 = CARTESIAN_POINT ( 'NONE',  ( 6.250000000000000000, 10.45833492494984895, 12.82913674660124315 ) ) ;
#1624 = CARTESIAN_POINT ( 'NONE',  ( -4.250000000000000000, -13.08942679075480697, -7.339372430928720270 ) ) ;
#1625 = CARTESIAN_POINT ( 'NONE',  ( 4.845895031908070472, -13.11521869621524061, 14.38040798455153357 ) ) ;
#1626 = CARTESIAN_POINT ( 'NONE',  ( -6.250000000000000000, 12.64043749262745919, 13.61892975003078909 ) ) ;
#1627 = CARTESIAN_POINT ( 'NONE',  ( 4.750000000074579454, -14.56711001467210487, 13.26954825041139152 ) ) ;
#1628 = CARTESIAN_POINT ( 'NONE',  ( -4.750000000000106581, -14.76528351963323260, 12.66925825982399623 ) ) ;
#1629 = CARTESIAN_POINT ( 'NONE',  ( 6.250000000000039968, 17.18393560800536690, 13.63710321831193895 ) ) ;
#1630 = VERTEX_POINT ( 'NONE', #339 ) ;
#1631 = CARTESIAN_POINT ( 'NONE',  ( 6.250000000000000000, -10.46928233837032529, 11.32885256648230765 ) ) ;
#1632 = CARTESIAN_POINT ( 'NONE',  ( 4.989232658423357059, -13.11628740268229798, 14.36197116274105845 ) ) ;
#1633 = CARTESIAN_POINT ( 'NONE',  ( -6.097551401259649673, -12.83137142653153440, 13.37084866665534122 ) ) ;
#1634 = ADVANCED_FACE ( 'NONE', ( #112 ), #1705, .F. ) ;
#1635 = CARTESIAN_POINT ( 'NONE',  ( -5.368875500716826288, -12.51377726881325536, 13.99700392827207551 ) ) ;
#1636 = CARTESIAN_POINT ( 'NONE',  ( -4.250000000000001776, -11.31933926627706199, 2.575827719318079190 ) ) ;
#1637 = CARTESIAN_POINT ( 'NONE',  ( 6.249999999999999112, -13.22687439530711728, 12.83816248135458871 ) ) ;
#1638 = MANIFOLD_SOLID_BREP ( 'Shell1', #872 ) ;
#1639 = CARTESIAN_POINT ( 'NONE',  ( 4.750000000000000888, 8.982006624857289623, 13.79821265587644774 ) ) ;
#1640 = ORIENTED_EDGE ( 'NONE', *, *, #176, .T. ) ;
#1641 = CARTESIAN_POINT ( 'NONE',  ( 6.250000000000838440, -14.03960259287399737, 4.410592916299704846 ) ) ;
#1642 = DIRECTION ( 'NONE',  ( 0.0000000000000000000, 0.0000000000000000000, -1.000000000000000000 ) ) ;
#1643 = CARTESIAN_POINT ( 'NONE',  ( 4.941908881024633438, -14.15972435992337175, 13.97850484713747576 ) ) ;
#1644 = CARTESIAN_POINT ( 'NONE',  ( -4.750000000000000888, 14.86953014597803069, 15.16040136244812686 ) ) ;
#1645 = CARTESIAN_POINT ( 'NONE',  ( 5.501387719521481756, -14.37693639987006655, 13.20450042361930265 ) ) ;
#1646 = CARTESIAN_POINT ( 'NONE',  ( 4.250000000000000000, -12.16858698515625292, 5.127683167152346400 ) ) ;
#1647 = CARTESIAN_POINT ( 'NONE',  ( 6.250000000000000000, 16.03573609070826222, 12.66381187758163840 ) ) ;
#1648 = CARTESIAN_POINT ( 'NONE',  ( -6.250000000000000000, -13.16960974184301314, 12.79662782165278756 ) ) ;
#1649 = CARTESIAN_POINT ( 'NONE',  ( 4.993386947330064274, -12.57667246238188064, 14.15838601114353779 ) ) ;
#1650 = CARTESIAN_POINT ( 'NONE',  ( -6.168952825002292251, -13.51690204552989805, 13.08139494544951376 ) ) ;
#1651 = ORIENTED_EDGE ( 'NONE', *, *, #2972, .F. ) ;
#1652 = CARTESIAN_POINT ( 'NONE',  ( -5.134879751131514070, -14.32822237249731145, 13.67520506009853065 ) ) ;
#1653 = EDGE_CURVE ( 'NONE', #2474, #1861, #94, .T. ) ;
#1654 = CARTESIAN_POINT ( 'NONE',  ( -4.249999999999999112, -13.02506303984563019, 10.54325113553086979 ) ) ;
#1655 = CARTESIAN_POINT ( 'NONE',  ( 6.170207442154222122, -12.94915591093520746, 13.22314140491422307 ) ) ;
#1656 = CARTESIAN_POINT ( 'NONE',  ( 6.250000000000000000, -13.52485104810933514, 10.47568228548407809 ) ) ;
#1657 = CARTESIAN_POINT ( 'NONE',  ( 6.250000000000000000, -13.52339541020374547, 10.41363521091369471 ) ) ;
#1658 = CARTESIAN_POINT ( 'NONE',  ( -4.750000000000000888, 18.72540769971681129, 11.00445338682883190 ) ) ;
#1659 = CARTESIAN_POINT ( 'NONE',  ( -4.250000000000000888, -8.057432811790738114, 9.793167445778996338 ) ) ;
#1660 = CARTESIAN_POINT ( 'NONE',  ( 4.250000000000000888, -11.81804168930444199, 3.870982409456171780 ) ) ;
#1661 = CARTESIAN_POINT ( 'NONE',  ( 6.250000000000165201, 18.20620896733395000, 12.18557694482237608 ) ) ;
#1662 = CARTESIAN_POINT ( 'NONE',  ( -6.249999999999496403, -10.95535858745243374, 13.26073611144209963 ) ) ;
#1663 = CARTESIAN_POINT ( 'NONE',  ( 5.129732448815597756, -13.44391719915777372, 14.31203161776751465 ) ) ;
#1664 = CARTESIAN_POINT ( 'NONE',  ( -6.150035917836183863, -13.27519859357339804, 13.27803259543563463 ) ) ;
#1665 = ORIENTED_EDGE ( 'NONE', *, *, #2083, .T. ) ;
#1666 = CARTESIAN_POINT ( 'NONE',  ( -5.234043356624273891, -14.45308942031650368, 13.35107927856978982 ) ) ;
#1667 = CARTESIAN_POINT ( 'NONE',  ( -6.249999999999998224, -1.708586564682096798, 9.277748230659994988 ) ) ;
#1668 = CARTESIAN_POINT ( 'NONE',  ( 4.250000000000000000, -12.48002697917808845, 6.697549009249761376 ) ) ;
#1669 = CARTESIAN_POINT ( 'NONE',  ( 6.167568081035209815, -13.22741507488322377, 13.24164452072608000 ) ) ;
#1670 = ADVANCED_FACE ( 'NONE', ( #776, #1299 ), #2842, .F. ) ;
#1671 = CARTESIAN_POINT ( 'NONE',  ( 6.249999999999999112, -13.52710259403160009, 10.89013447547123015 ) ) ;
#1672 = CARTESIAN_POINT ( 'NONE',  ( -6.250000000000007994, 19.68260388599099286, 8.601576991644753534 ) ) ;
#1673 = CARTESIAN_POINT ( 'NONE',  ( -4.250000000000000000, 4.452895694980832708, 9.600639424786416853 ) ) ;
#1674 = CARTESIAN_POINT ( 'NONE',  ( 4.250000000000000000, -11.17563948747116598, 2.258428786147598011 ) ) ;
#1675 = CARTESIAN_POINT ( 'NONE',  ( 4.750000000000000888, 13.43777728540841210, 15.32334988780108809 ) ) ;
#1676 = CARTESIAN_POINT ( 'NONE',  ( -6.250000000000000888, -1.788825207859489952, 10.77785498423947885 ) ) ;
#1677 = CARTESIAN_POINT ( 'NONE',  ( 5.528537858720229181, -13.77582098229042273, 13.95963733083189950 ) ) ;
#1678 = VECTOR ( 'NONE', #1290, 1000.000000000000227 ) ;
#1679 = CARTESIAN_POINT ( 'NONE',  ( -5.740642931180295783, -14.18688977668244888, 13.22792640377454632 ) ) ;
#1680 = VERTEX_POINT ( 'NONE', #761 ) ;
#1681 = CARTESIAN_POINT ( 'NONE',  ( -5.230967743718158758, -12.59215313975429140, 14.10128500872497526 ) ) ;
#1682 = CARTESIAN_POINT ( 'NONE',  ( -4.848765838217869550, -12.35197521801831222, 14.05542808648326591 ) ) ;
#1683 = PLANE ( 'NONE',  #1402 ) ;
#1684 = CARTESIAN_POINT ( 'NONE',  ( 4.250000000000001776, -12.12995830741413705, 5.036250141118299162 ) ) ;
#1685 = CARTESIAN_POINT ( 'NONE',  ( 4.749999999999947597, -14.87276319162730154, 12.20607455568744015 ) ) ;
#1686 = CARTESIAN_POINT ( 'NONE',  ( 6.250000000000000888, -11.62542496804721992, 2.035907878456268971 ) ) ;
#1687 = CARTESIAN_POINT ( 'NONE',  ( -4.749999999999959144, 17.08232057933806658, 13.73902598247727802 ) ) ;
#1688 = CARTESIAN_POINT ( 'NONE',  ( -6.250000000000000000, 14.72824193998076581, 11.60742673484823229 ) ) ;
#1689 = ORIENTED_EDGE ( 'NONE', *, *, #1246, .T. ) ;
#1690 = EDGE_CURVE ( 'NONE', #1953, #777, #97, .T. ) ;
#1691 = CARTESIAN_POINT ( 'NONE',  ( 6.250000000000000888, 14.46214419136997797, 15.27511168757644100 ) ) ;
#1692 = CARTESIAN_POINT ( 'NONE',  ( -4.750000000000000888, -2.857445616490539742, 10.81183141934038083 ) ) ;
#1693 = CARTESIAN_POINT ( 'NONE',  ( 5.487623225079190092, -13.10692737429304344, 14.14566578286368959 ) ) ;
#1694 = CARTESIAN_POINT ( 'NONE',  ( -5.869934618199052601, -13.81105719231464946, 13.53225789640823606 ) ) ;
#1695 = VECTOR ( 'NONE', #576, 1000.000000000000114 ) ;
#1696 = CARTESIAN_POINT ( 'NONE',  ( -5.131055137481187245, -14.05222068693448279, 14.02687594490391909 ) ) ;
#1697 = CARTESIAN_POINT ( 'NONE',  ( -4.749999999999999112, -9.587954730062739017, 12.57194153489814248 ) ) ;
#1698 = CARTESIAN_POINT ( 'NONE',  ( 6.250000000000000000, -13.14635990577688140, 12.78358858090371974 ) ) ;
#1699 = CARTESIAN_POINT ( 'NONE',  ( -4.250000000000000888, -12.68064733667596578, 7.701982374757385230 ) ) ;
#1700 = CARTESIAN_POINT ( 'NONE',  ( 4.799496868051653209, -12.46096747149601569, 14.11964362086263591 ) ) ;
#1701 = CARTESIAN_POINT ( 'NONE',  ( 6.250000000000000000, -9.490105119885424045, -5.605918286800384287 ) ) ;
#1702 = LINE ( 'NONE', #1735, #1539 ) ;
#1703 = CARTESIAN_POINT ( 'NONE',  ( 4.750000000000000888, -12.66850012677283033, 14.22042969518485478 ) ) ;
#1704 = CARTESIAN_POINT ( 'NONE',  ( -6.250000000000001776, 16.23120388152067406, 12.45560586288648608 ) ) ;
#1705 = CYLINDRICAL_SURFACE ( 'NONE', #1314, 1.650000000000000355 ) ;
#1706 = VERTEX_POINT ( 'NONE', #2873 ) ;
#1707 = CARTESIAN_POINT ( 'NONE',  ( 6.250000000000000000, 13.59043572490339535, 13.82993356620603187 ) ) ;
#1708 = B_SPLINE_CURVE_WITH_KNOTS ( 'NONE', 3,
 ( #608, #2943, #120, #1533, #2222, #1304, #2009, #1041, #2206, #2881, #800, #1728, #2236, #861 ),
 .UNSPECIFIED., .F., .F.,
 ( 4, 2, 2, 2, 2, 2, 4 ),
 ( 0.0000000000000000000, 0.0002929082015855667969, 0.0005858164031711335937, 0.0008787246047567003364, 0.001171632806342267187, 0.001757449209513398938, 0.002343265612684530905 ),
 .UNSPECIFIED. ) ;
#1709 = CARTESIAN_POINT ( 'NONE',  ( -4.750000000000168754, -3.214750468789167037, 10.83378546674736143 ) ) ;
#1710 = CARTESIAN_POINT ( 'NONE',  ( 5.542276763119687644, -14.31961796549184740, 13.28456381975371237 ) ) ;
#1711 = CARTESIAN_POINT ( 'NONE',  ( -5.942320163252286847, -12.71606745048733167, 13.59205694264234943 ) ) ;
#1712 = CARTESIAN_POINT ( 'NONE',  ( -4.799366199721887938, -14.36818916731724372, 13.70655858345332057 ) ) ;
#1713 = CARTESIAN_POINT ( 'NONE',  ( -4.750000000000000888, 0.2790506955439253090, 10.90274636740991632 ) ) ;
#1714 = CARTESIAN_POINT ( 'NONE',  ( -5.144916366437724875, 19.70869717705454960, 8.456393857973553807 ) ) ;
#1715 = CARTESIAN_POINT ( 'NONE',  ( 4.250000000000000000, -10.94643134796794826, 1.880006493288066238 ) ) ;
#1716 = CARTESIAN_POINT ( 'NONE',  ( 4.845517448646098124, -13.45493825986313396, 14.36625131446607817 ) ) ;
#1717 = CARTESIAN_POINT ( 'NONE',  ( 4.250000000000000000, 9.293219933078770367, 11.69268545943312887 ) ) ;
#1718 = CARTESIAN_POINT ( 'NONE',  ( 6.250000000000000000, -14.49342356033672097, 13.44942226994925072 ) ) ;
#1719 = CARTESIAN_POINT ( 'NONE',  ( 4.750000000000000888, -12.57150545758320170, 14.17510944722211441 ) ) ;
#1720 = CARTESIAN_POINT ( 'NONE',  ( -6.250000000000000000, 17.02922584690448460, 11.15825839295587585 ) ) ;
#1721 = DIRECTION ( 'NONE',  ( 1.000000000000000000, 0.0000000000000000000, 0.0000000000000000000 ) ) ;
#1722 = ORIENTED_EDGE ( 'NONE', *, *, #1150, .F. ) ;
#1723 = CARTESIAN_POINT ( 'NONE',  ( -6.250000000000000000, -7.806550920747048039, 10.24991842968255895 ) ) ;
#1724 = CARTESIAN_POINT ( 'NONE',  ( 5.535334376427837988, -14.18691247123624066, 13.54750192186358326 ) ) ;
#1725 = CARTESIAN_POINT ( 'NONE',  ( -5.878875086044500264, -12.68071717074622740, 13.66075475708958997 ) ) ;
#1726 = CARTESIAN_POINT ( 'NONE',  ( 6.199108967746379761, -12.98738247972061721, 13.13690463610826598 ) ) ;
#1727 = CARTESIAN_POINT ( 'NONE',  ( -4.749999999983628207, -14.36818916731724372, 13.70655858345332057 ) ) ;
#1728 = CARTESIAN_POINT ( 'NONE',  ( 6.210197826143304844, 18.74889454848738879, 7.994147358167624340 ) ) ;
#1729 = CARTESIAN_POINT ( 'NONE',  ( -4.750000000000000888, -4.374517369268146716, 10.95839978237189705 ) ) ;
#1730 = EDGE_CURVE ( 'NONE', #1237, #2377, #126, .T. ) ;
#1731 = CARTESIAN_POINT ( 'NONE',  ( -6.250000000000001776, 6.806811139229868246, 10.95757104197267573 ) ) ;
#1732 = CARTESIAN_POINT ( 'NONE',  ( -4.250000000000000000, -12.83266796895830808, 8.562618737996801954 ) ) ;
#1733 = CARTESIAN_POINT ( 'NONE',  ( 4.848415902452172688, -12.46199017508331508, 14.11737796930530031 ) ) ;
#1734 = CARTESIAN_POINT ( 'NONE',  ( 4.250000000000000000, 8.636794521283755799, 11.32205595863899283 ) ) ;
#1735 = CARTESIAN_POINT ( 'NONE',  ( 6.250000000000000000, -7.517027009737733856, -3.781934900364690488 ) ) ;
#1736 = CARTESIAN_POINT ( 'NONE',  ( 4.750000000000000000, -11.27536376496913384, 13.43480771441674193 ) ) ;
#1737 = CARTESIAN_POINT ( 'NONE',  ( -6.250000000000000888, -13.43142704993216441, 11.84584322965395131 ) ) ;
#1738 = ORIENTED_EDGE ( 'NONE', *, *, #2362, .T. ) ;
#1739 = ORIENTED_EDGE ( 'NONE', *, *, #1653, .T. ) ;
#1740 = CARTESIAN_POINT ( 'NONE',  ( -4.749999999999999112, 9.273437037494622004, 13.94361126759592118 ) ) ;
#1741 = CARTESIAN_POINT ( 'NONE',  ( 5.740589011125996954, -14.18814157615675242, 13.22498285472658175 ) ) ;
#1742 = CARTESIAN_POINT ( 'NONE',  ( -5.942499622888378852, -13.98965756344368572, 13.14049697298357522 ) ) ;
#1743 = CARTESIAN_POINT ( 'NONE',  ( -6.250000000000000000, -11.50060368622974316, 1.829828149888435451 ) ) ;
#1744 = CARTESIAN_POINT ( 'NONE',  ( -4.749999999983628207, -14.52252993214327503, 13.38488916594595679 ) ) ;
#1745 = CARTESIAN_POINT ( 'NONE',  ( 6.154775592205594670, -12.86750027341103575, 13.23312716722503346 ) ) ;
#1746 = CARTESIAN_POINT ( 'NONE',  ( -4.995883549236694421, -12.36106607206361652, 14.04087329018314456 ) ) ;
#1747 = CARTESIAN_POINT ( 'NONE',  ( -4.750000000000000888, 15.08417448918414117, 15.07309481814047736 ) ) ;
#1748 = CARTESIAN_POINT ( 'NONE',  ( 6.250000000000000000, -13.47562286744244631, -6.566612261936166206 ) ) ;
#1749 = CARTESIAN_POINT ( 'NONE',  ( -6.249999999999999112, -9.607871435328229737, -2.991125656131628396 ) ) ;
#1750 = CARTESIAN_POINT ( 'NONE',  ( 4.750000000000000888, 19.75622558994205491, 8.449893328907400303 ) ) ;
#1751 = CARTESIAN_POINT ( 'NONE',  ( -4.250000000000001776, 9.689979889182264827, 11.91871538254085827 ) ) ;
#1752 = CARTESIAN_POINT ( 'NONE',  ( 6.249999999999330313, 6.248080026711361867, 12.35056517933982789 ) ) ;
#1753 = CARTESIAN_POINT ( 'NONE',  ( 6.249999999999981348, -12.66683795348049379, 14.21969179514115567 ) ) ;
#1754 = CARTESIAN_POINT ( 'NONE',  ( -6.250000000000000888, -13.25574916290632110, 8.036500817166430721 ) ) ;
#1755 = B_SPLINE_CURVE_WITH_KNOTS ( 'NONE', 3,
 ( #2103, #941, #2119, #958, #1890, #735, #2199, #2888, #79, #1754, #2652, #2164, #145, #1737, #1986, #2684 ),
 .UNSPECIFIED., .F., .F.,
 ( 4, 2, 2, 2, 2, 2, 2, 4 ),
 ( 0.0000000000000000000, 0.001432181337880257662, 0.002864362675760515325, 0.004296544013640773638, 0.005728725351521033252, 0.008593088027281552480, 0.01002526936516181036, 0.01145745070304206824 ),
 .UNSPECIFIED. ) ;
#1756 = CARTESIAN_POINT ( 'NONE',  ( -6.250000000000000000, 10.81421615305899842, 12.96915406215252808 ) ) ;
#1757 = CARTESIAN_POINT ( 'NONE',  ( 5.727481232654672461, -13.69858719049267926, 13.80614553470397254 ) ) ;
#1758 = CARTESIAN_POINT ( 'NONE',  ( -5.656815011995761644, -14.06762033208006812, 13.56977227018498233 ) ) ;
#1759 = CARTESIAN_POINT ( 'NONE',  ( -4.750000000000000000, -14.15253806351188715, 4.910263908725586823 ) ) ;
#1760 = CARTESIAN_POINT ( 'NONE',  ( -4.940980145703655069, -13.88978167137381448, 14.20017540954106927 ) ) ;
#1761 = CARTESIAN_POINT ( 'NONE',  ( 5.544033630570592841, -12.47416624248500305, 13.86720540477562302 ) ) ;
#1762 = CARTESIAN_POINT ( 'NONE',  ( -6.098455120351297332, -12.79387385156386792, 13.34793189696015148 ) ) ;
#1763 = CARTESIAN_POINT ( 'NONE',  ( -4.750000000000001776, 17.65584133116053067, 13.07165169694487972 ) ) ;
#1764 = CARTESIAN_POINT ( 'NONE',  ( -6.250000000000000000, 17.39590079342027096, 10.27835476444461982 ) ) ;
#1765 = CARTESIAN_POINT ( 'NONE',  ( -5.628679656440358059, -10.07353761039129303, -3.421603984674082888 ) ) ;
#1766 = CARTESIAN_POINT ( 'NONE',  ( 6.250000000000007994, 18.38856041721244239, 7.832044666974411484 ) ) ;
#1767 =( BOUNDED_CURVE ( )  B_SPLINE_CURVE ( 3, ( #2437, #1456, #1214, #2128 ),
 .UNSPECIFIED., .F., .T. ) 
 B_SPLINE_CURVE_WITH_KNOTS ( ( 4, 4 ),
 ( 1.570796326794896558, 3.141592653589793116 ),
 .UNSPECIFIED. ) 
 CURVE ( )  GEOMETRIC_REPRESENTATION_ITEM ( )  RATIONAL_B_SPLINE_CURVE ( ( 1.000000000000000000, 0.8047378541243649375, 0.8047378541243649375, 1.000000000000000000 ) ) 
 REPRESENTATION_ITEM ( '' )  );
#1768 = CARTESIAN_POINT ( 'NONE',  ( -4.750000000000000888, 19.75623533661480735, 8.449873467312491115 ) ) ;
#1769 = CARTESIAN_POINT ( 'NONE',  ( 6.250000000000671463, 3.208237289624520372, 11.36719167412578280 ) ) ;
#1770 = CARTESIAN_POINT ( 'NONE',  ( -4.749999999983629984, 19.74455986418033859, 8.473665535612399324 ) ) ;
#1771 = EDGE_CURVE ( 'NONE', #1051, #2110, #2508, .T. ) ;
#1772 = CARTESIAN_POINT ( 'NONE',  ( -6.250000000000000000, 10.99575713485676864, 13.03681858898118051 ) ) ;
#1773 = CARTESIAN_POINT ( 'NONE',  ( 5.731491086687408476, -12.93455159028323820, 13.91670887474406015 ) ) ;
#1774 = ORIENTED_EDGE ( 'NONE', *, *, #1858, .T. ) ;
#1775 = CARTESIAN_POINT ( 'NONE',  ( 6.250000000000000000, -13.14635990577688673, 12.78358858090372330 ) ) ;
#1776 = CARTESIAN_POINT ( 'NONE',  ( -4.845847425433007949, -13.11099685491127076, 14.37967767551806020 ) ) ;
#1777 = LINE ( 'NONE', #624, #2084 ) ;
#1778 = CARTESIAN_POINT ( 'NONE',  ( 6.250000000000000888, 13.93995765965406797, 13.83900537535196662 ) ) ;
#1779 = CARTESIAN_POINT ( 'NONE',  ( 6.092354960214466431, -13.10824733642893669, 13.44513629133206578 ) ) ;
#1780 = CARTESIAN_POINT ( 'NONE',  ( -4.750000000000000000, 14.53655625424304354, 15.26372175021114863 ) ) ;
#1781 = CARTESIAN_POINT ( 'NONE',  ( -6.249999999999999112, 12.34615825994263538, 13.52874050093751634 ) ) ;
#1782 = CARTESIAN_POINT ( 'NONE',  ( -6.250000000000000888, -13.19120110381059519, 12.86411130303681283 ) ) ;
#1783 = EDGE_LOOP ( 'NONE', ( #2257, #741, #915, #2550 ) ) ;
#1784 = CARTESIAN_POINT ( 'NONE',  ( 6.250000000000000000, 18.37286893527487663, 7.864323097390139239 ) ) ;
#1785 = CARTESIAN_POINT ( 'NONE',  ( -4.250000000000000888, 0.06747393920920649601, 8.871733615515914551 ) ) ;
#1786 = CARTESIAN_POINT ( 'NONE',  ( 6.250000000000000000, -2.932629377070161691, 9.313424708236080818 ) ) ;
#1787 = CARTESIAN_POINT ( 'NONE',  ( 4.750000000000002665, 13.84441608143447411, 15.68054719046056711 ) ) ;
#1788 = ADVANCED_FACE ( 'NONE', ( #2922 ), #1331, .F. ) ;
#1789 = CARTESIAN_POINT ( 'NONE',  ( -4.750000000000000000, 7.493065495301198808, 12.97333284444383672 ) ) ;
#1790 = CARTESIAN_POINT ( 'NONE',  ( 5.727241975375005012, -13.36024471927724200, 13.92774122736095066 ) ) ;
#1791 = CARTESIAN_POINT ( 'NONE',  ( -4.750000000000000888, -13.76651039048089054, 3.398513806619675393 ) ) ;
#1792 = CARTESIAN_POINT ( 'NONE',  ( 4.750000000000104805, -13.30446570841113285, 2.117361904892377744 ) ) ;
#1793 = CARTESIAN_POINT ( 'NONE',  ( 6.250000000000000000, -13.47562286744244631, -6.566612261936166206 ) ) ;
#1794 = CARTESIAN_POINT ( 'NONE',  ( -4.749999999999999112, 19.74455986418033859, 8.473665535612399324 ) ) ;
#1795 = CARTESIAN_POINT ( 'NONE',  ( 6.098406251765336350, -13.77580640693098424, 12.99888725430059822 ) ) ;
#1796 = CARTESIAN_POINT ( 'NONE',  ( -6.250000000000000000, 15.23865747289482719, 13.29389334827838809 ) ) ;
#1797 = CARTESIAN_POINT ( 'NONE',  ( -6.250000000000000888, -13.23794866723281238, 12.82191575471929212 ) ) ;
#1798 = CARTESIAN_POINT ( 'NONE',  ( -5.399440888757931489, -13.51484966781070973, 14.16091811404483103 ) ) ;
#1799 = CARTESIAN_POINT ( 'NONE',  ( 4.750000000000000888, 19.74041436520431958, 8.482113159066472008 ) ) ;
#1800 = CARTESIAN_POINT ( 'NONE',  ( 4.250000000000000000, 5.326311118985217696, 9.873942793203173807 ) ) ;
#1801 = AXIS2_PLACEMENT_3D ( 'NONE', #1748, #1294, #1308 ) ;
#1802 = CARTESIAN_POINT ( 'NONE',  ( 4.750000000000000888, 1.080610727925432890, 10.98925507783821764 ) ) ;
#1803 = CARTESIAN_POINT ( 'NONE',  ( -6.199954064768748552, -13.51296387630568496, 12.91014460380953643 ) ) ;
#1804 = CARTESIAN_POINT ( 'NONE',  ( -6.250000000000000000, 11.35995237857278894, 13.16970379716405759 ) ) ;
#1805 = EDGE_LOOP ( 'NONE', ( #1116, #2472, #191, #1071 ) ) ;
#1806 = CARTESIAN_POINT ( 'NONE',  ( -6.250000000000418332, -14.15253806157124927, 4.910263909135245797 ) ) ;
#1807 = CARTESIAN_POINT ( 'NONE',  ( 6.250000000000000000, -13.40937859418741063, 9.039124919296787297 ) ) ;
#1808 = CARTESIAN_POINT ( 'NONE',  ( 4.749999999999999112, 13.42323374179375506, 15.32351497421844222 ) ) ;
#1809 = CARTESIAN_POINT ( 'NONE',  ( -6.052480018004822604, -12.74819724202570903, 13.42106185198922219 ) ) ;
#1810 = CARTESIAN_POINT ( 'NONE',  ( 6.096308421309882597, -13.74093263646162910, 13.08174945395784050 ) ) ;
#1811 = CARTESIAN_POINT ( 'NONE',  ( -6.250000000000000888, -13.14635990577688318, 12.78358858090372330 ) ) ;
#1812 = EDGE_CURVE ( 'NONE', #2099, #6, #825, .T. ) ;
#1813 = CARTESIAN_POINT ( 'NONE',  ( -5.401282516413268731, -13.10486881989882413, 14.19960599674585922 ) ) ;
#1814 = DIRECTION ( 'NONE',  ( 1.000000000000000000, 0.0000000000000000000, 0.0000000000000000000 ) ) ;
#1815 = CARTESIAN_POINT ( 'NONE',  ( 6.249999999999999112, -4.268051749257807614, 10.94434875811387542 ) ) ;
#1816 = CARTESIAN_POINT ( 'NONE',  ( -6.250000000000000000, 14.43665120798342727, 13.71588835307472642 ) ) ;
#1817 = CARTESIAN_POINT ( 'NONE',  ( -6.250000000000002665, -14.49342584564146108, 13.44941705821213596 ) ) ;
#1818 = CARTESIAN_POINT ( 'NONE',  ( 6.250000000000000000, -11.50060348452868197, 1.829827816880257085 ) ) ;
#1819 = CARTESIAN_POINT ( 'NONE',  ( 4.750000000000001776, -4.446763816273645809, 10.95468229421292961 ) ) ;
#1820 = CARTESIAN_POINT ( 'NONE',  ( 4.250000000000000888, -8.057432811790738114, 9.793167445778996338 ) ) ;
#1821 = CARTESIAN_POINT ( 'NONE',  ( 6.250000000000002665, 6.810444715108742386, 10.95913512112225163 ) ) ;
#1822 = CARTESIAN_POINT ( 'NONE',  ( 6.170280919602658010, -13.57747500406803987, 12.99839613322764009 ) ) ;
#1823 = CARTESIAN_POINT ( 'NONE',  ( -6.250000000000000888, -13.20447698748963461, 12.85678281103022513 ) ) ;
#1824 = CARTESIAN_POINT ( 'NONE',  ( -5.485676390661548218, -13.39876569554313690, 14.12700304003353224 ) ) ;
#1825 = CARTESIAN_POINT ( 'NONE',  ( 4.250000000000006217, -10.99181889237265253, 11.01428882163790490 ) ) ;
#1826 = CARTESIAN_POINT ( 'NONE',  ( 4.750000000000000888, 8.160488140459145612, 13.34968179403526634 ) ) ;
#1827 = CARTESIAN_POINT ( 'NONE',  ( -6.250000000000000000, 14.69814895400403820, 13.59390758894299900 ) ) ;
#1828 = CARTESIAN_POINT ( 'NONE',  ( -4.750000000000000000, 18.28238051224722227, 12.09134708399590430 ) ) ;
#1829 = CARTESIAN_POINT ( 'NONE',  ( -4.749999999999791278, -14.64357827688399816, 7.324219982207993418 ) ) ;
#1830 = CARTESIAN_POINT ( 'NONE',  ( 6.250000000000000000, -11.82535211166899280, 2.477550964799893674 ) ) ;
#1831 = CARTESIAN_POINT ( 'NONE',  ( 4.750000000000000888, 16.19664246043530298, 14.45341773204736846 ) ) ;
#1832 = CARTESIAN_POINT ( 'NONE',  ( 4.750000000000000888, 11.55102144181963908, 14.83732000523104766 ) ) ;
#1833 = CARTESIAN_POINT ( 'NONE',  ( 4.749999999999999112, 15.47181389497139570, 14.88471867390911108 ) ) ;
#1834 = CARTESIAN_POINT ( 'NONE',  ( -6.250000000000000888, -12.66786356999427277, 14.22014575969309291 ) ) ;
#1835 = CARTESIAN_POINT ( 'NONE',  ( 6.043761151144819266, -13.33639948046411305, 13.50064300977541265 ) ) ;
#1836 = CARTESIAN_POINT ( 'NONE',  ( -6.091675898396680999, -13.45952274004009475, 13.35423668680776821 ) ) ;
#1837 = CARTESIAN_POINT ( 'NONE',  ( -5.664889542174246451, -12.59057221079943822, 13.83985695389567994 ) ) ;
#1838 = CARTESIAN_POINT ( 'NONE',  ( 4.250000000000001776, -11.91424254928373117, 11.48594262760541262 ) ) ;
#1839 = CARTESIAN_POINT ( 'NONE',  ( 6.250000000000000888, 8.160488142216383523, 13.34968179091914386 ) ) ;
#1840 = VECTOR ( 'NONE', #2780, 1000.000000000000114 ) ;
#1841 = CARTESIAN_POINT ( 'NONE',  ( -6.250000000000000000, 14.61174237829031952, 13.63732542995304264 ) ) ;
#1842 = CARTESIAN_POINT ( 'NONE',  ( -4.750000000000000000, 16.87926728362115014, 13.94473149490433883 ) ) ;
#1843 = DIRECTION ( 'NONE',  ( -1.000000000000000000, -0.0000000000000000000, -0.0000000000000000000 ) ) ;
#1844 = CARTESIAN_POINT ( 'NONE',  ( 6.249999999999998224, 16.10425045771515684, 12.59489443867646230 ) ) ;
#1845 = ORIENTED_EDGE ( 'NONE', *, *, #298, .F. ) ;
#1846 = FACE_OUTER_BOUND ( 'NONE', #173, .T. ) ;
#1847 = CARTESIAN_POINT ( 'NONE',  ( 5.357693493299357179, -13.10997846737244821, 14.22508565415270887 ) ) ;
#1848 = CARTESIAN_POINT ( 'NONE',  ( -6.199085588385432111, -12.98628801456407267, 13.13643109374437756 ) ) ;
#1849 = CARTESIAN_POINT ( 'NONE',  ( -5.528155962171632964, -13.39229051006103610, 14.09673432448521524 ) ) ;
#1850 = CARTESIAN_POINT ( 'NONE',  ( 4.750000000000000888, -12.92154597658666404, 1.310617551936351433 ) ) ;
#1851 = CARTESIAN_POINT ( 'NONE',  ( 6.210101608571087617, -13.37090396187685570, 13.02497997082440051 ) ) ;
#1852 = B_SPLINE_CURVE_WITH_KNOTS ( 'NONE', 3,
 ( #2225, #2241, #305, #1671, #1657, #2359, #63, #2589, #2328, #2132, #983, #2617, #717, #1183, #1686, #1904 ),
 .UNSPECIFIED., .F., .F.,
 ( 4, 2, 2, 2, 2, 2, 2, 4 ),
 ( 0.0000000000000000000, 0.001461993580317065425, 0.002923987160634130850, 0.005847974321268261701, 0.007309967901585326909, 0.008771961481902392985, 0.01023395506221945819, 0.01169594864253652340 ),
 .UNSPECIFIED. ) ;
#1853 = CARTESIAN_POINT ( 'NONE',  ( 4.750000000000000888, 8.507490472307386753, 13.54975007504779505 ) ) ;
#1854 = CARTESIAN_POINT ( 'NONE',  ( 6.250000000000000000, -13.47562286744244631, -6.566612261936166206 ) ) ;
#1855 = CARTESIAN_POINT ( 'NONE',  ( 4.750000000074578566, -14.37028868222602007, 13.70287295831834662 ) ) ;
#1856 = CARTESIAN_POINT ( 'NONE',  ( -6.250000000000000000, 13.58554495662109218, 13.82942793562237327 ) ) ;
#1857 = CARTESIAN_POINT ( 'NONE',  ( -4.250000000000001776, 10.71257136066952320, 12.39486483508669501 ) ) ;
#1858 = EDGE_CURVE ( 'NONE', #2005, #2714, #1900, .T. ) ;
#1859 = CARTESIAN_POINT ( 'NONE',  ( -6.250000000000000888, -14.94641249470173960, 11.75055148646081449 ) ) ;
#1860 = CARTESIAN_POINT ( 'NONE',  ( 4.749999999999959144, 17.08629710589412554, 13.73513458243861152 ) ) ;
#1861 = VERTEX_POINT ( 'NONE', #2418 ) ;
#1862 = CARTESIAN_POINT ( 'NONE',  ( 6.250000000000000888, -11.48897758793500934, 11.84582340834531777 ) ) ;
#1863 = CARTESIAN_POINT ( 'NONE',  ( 5.414829673810651833, -14.42082809490555029, 13.21951333368703985 ) ) ;
#1864 = CARTESIAN_POINT ( 'NONE',  ( -6.167533873729425409, -13.33580787749347785, 13.20683838093452600 ) ) ;
#1865 = CARTESIAN_POINT ( 'NONE',  ( -4.990337874382292149, -12.89392212270009352, 14.29922684392051835 ) ) ;
#1866 = CARTESIAN_POINT ( 'NONE',  ( 4.250000000000000888, -11.77709964647688423, 3.739915176437212274 ) ) ;
#1867 = CARTESIAN_POINT ( 'NONE',  ( 6.209784209709959590, -13.30443627102831705, 13.06700467671437771 ) ) ;
#1868 = CARTESIAN_POINT ( 'NONE',  ( 6.250000000000171418, 11.12717458742258891, 14.68054305517925329 ) ) ;
#1869 = ORIENTED_EDGE ( 'NONE', *, *, #2754, .T. ) ;
#1870 = CARTESIAN_POINT ( 'NONE',  ( 6.250000000000002665, -12.67671043726823754, 14.22411577285097195 ) ) ;
#1871 = CARTESIAN_POINT ( 'NONE',  ( 4.845570326356058111, -13.89862574765511560, 14.20656469929762977 ) ) ;
#1872 = CARTESIAN_POINT ( 'NONE',  ( -6.250000000000000000, 14.16411297740639341, 13.80444568724421650 ) ) ;
#1873 = CARTESIAN_POINT ( 'NONE',  ( -4.250000000000000888, 8.819851198589995889, 11.42046517815255768 ) ) ;
#1874 = CARTESIAN_POINT ( 'NONE',  ( -4.750000000000000888, -14.72175405077485166, 12.82264848967905202 ) ) ;
#1875 = PRODUCT_RELATED_PRODUCT_CATEGORY ( 'part', '', ( #411 ) ) ;
#1876 = CARTESIAN_POINT ( 'NONE',  ( 6.249999999999669598, 17.70080251981303476, 13.01316615821543010 ) ) ;
#1877 = CARTESIAN_POINT ( 'NONE',  ( 4.749999999999998224, 8.006597056573896865, 13.26172392613673168 ) ) ;
#1878 = CARTESIAN_POINT ( 'NONE',  ( -4.749999999999959144, -12.46164384416077198, 14.11948157016178307 ) ) ;
#1879 = CARTESIAN_POINT ( 'NONE',  ( 5.370680496791025327, -12.42515886086240329, 13.94620826677834025 ) ) ;
#1880 = CARTESIAN_POINT ( 'NONE',  ( -6.170172361403896133, -12.94779484372365985, 13.22254903266633441 ) ) ;
#1881 = ORIENTED_EDGE ( 'NONE', *, *, #2937, .T. ) ;
#1882 = CARTESIAN_POINT ( 'NONE',  ( -5.140875794261962284, -12.37644809652896427, 14.01624609545962841 ) ) ;
#1883 = CARTESIAN_POINT ( 'NONE',  ( -4.250000000000001776, -12.86078288138836179, 12.03805939669289948 ) ) ;
#1884 = CARTESIAN_POINT ( 'NONE',  ( 6.168894332791426294, -13.51777139630591762, 13.08031862512319599 ) ) ;
#1885 = VERTEX_POINT ( 'NONE', #1042 ) ;
#1886 = CARTESIAN_POINT ( 'NONE',  ( 6.250000000000000000, -12.68804256264111352, 5.235044411064220249 ) ) ;
#1887 = CARTESIAN_POINT ( 'NONE',  ( 4.750000000000000888, -12.71776198974522210, 14.24254616118154537 ) ) ;
#1888 = CARTESIAN_POINT ( 'NONE',  ( 4.946332737488242870, -12.46630298496536504, 14.10860831307613950 ) ) ;
#1889 = CARTESIAN_POINT ( 'NONE',  ( -6.250000000000334843, 16.78799191472169028, 14.01298088996970570 ) ) ;
#1890 = CARTESIAN_POINT ( 'NONE',  ( -6.249999999999999112, -12.32417018415684140, 3.813126650256795980 ) ) ;
#1891 = LINE ( 'NONE', #749, #1455 ) ;
#1892 = CARTESIAN_POINT ( 'NONE',  ( 4.749999999999668709, 19.54257811125993882, 8.908376660109604828 ) ) ;
#1893 = CARTESIAN_POINT ( 'NONE',  ( -4.750000000000000888, -10.95535858739416746, 13.26073611155499243 ) ) ;
#1894 = CARTESIAN_POINT ( 'NONE',  ( 5.129917655923089015, -13.87345645062375965, 14.15747398650839628 ) ) ;
#1895 = CARTESIAN_POINT ( 'NONE',  ( -6.197280352496262523, -13.23972956969482695, 13.14203330284993321 ) ) ;
#1896 = EDGE_LOOP ( 'NONE', ( #2848, #842, #2874, #1869, #2919, #1452, #2805 ) ) ;
#1897 = CARTESIAN_POINT ( 'NONE',  ( -5.235303924954157750, -14.49244094937751015, 13.24827166423551894 ) ) ;
#1898 = ADVANCED_FACE ( 'NONE', ( #801 ), #2865, .T. ) ;
#1899 = CARTESIAN_POINT ( 'NONE',  ( -6.249999999999999112, 9.173505691168955423, 12.20268135277644106 ) ) ;
#1900 = B_SPLINE_CURVE_WITH_KNOTS ( 'NONE', 3,
 ( #2946, #2691, #1371, #1043, #1979, #2300, #1828, #2070, #1763, #1307, #898, #1842, #610, #1535, #818, #1501, #2435, #1747, #2239, #1780, #2705, #627, #1554, #2485, #401, #1323, #676, #1484, #1213, #577, #531, #2146, #1500, #1944, #1454, #2613, #1025, #348, #2434, #121, #2171, #283, #1713, #1930, #2387, #2897, #86, #784, #1729, #301, #1277, #1229, #2628, #59, #1697, #980, #1008, #756, #1978, #1468, #2882, #1962 ),
 .UNSPECIFIED., .F., .F.,
 ( 4, 2, 2, 2, 2, 2, 2, 2, 2, 2, 2, 2, 2, 2, 2, 2, 2, 2, 2, 2, 2, 2, 2, 2, 2, 2, 2, 2, 2, 2, 4 ),
 ( -6.000000000148340079E-08, 0.001170080567993119110, 0.002340221135986239598, 0.004680502271972484911, 0.005265572555969045589, 0.005850642839965607134, 0.007020783407958734561, 0.007605853691955298708, 0.008190923975951861988, 0.008775994259948427870, 0.009361064543944992017, 0.01053120511193811684, 0.01170134567993123993, 0.01287148624792436649, 0.01404162681591749132, 0.01521176738391061441, 0.01638190795190373750, 0.01755204851989686232, 0.01872218908788998715, 0.02106247022387623333, 0.02340275135986247951, 0.02457289192785560780, 0.02574303249584873263, 0.02808331363183498228, 0.02925345419982810710, 0.03042359476782122846, 0.03276387590380747117, 0.03510415703979372082, 0.03627429760778684564, 0.03685936789178340806, 0.03744443817577997047 ),
 .UNSPECIFIED. ) ;
#1901 = CARTESIAN_POINT ( 'NONE',  ( 4.750000000074579454, -14.56711001467210487, 13.26954825041139152 ) ) ;
#1902 = CARTESIAN_POINT ( 'NONE',  ( 6.210003977625127902, -13.12504023056366620, 13.11549324396924021 ) ) ;
#1903 = FILL_AREA_STYLE ('',( #1249 ) ) ;
#1904 = CARTESIAN_POINT ( 'NONE',  ( 6.250000000000000000, -11.37409973011871500, 1.620970289431256539 ) ) ;
#1905 = CARTESIAN_POINT ( 'NONE',  ( -6.249999999999834799, 18.72540770494907747, 11.00445338905969450 ) ) ;
#1906 = DIRECTION ( 'NONE',  ( 0.0000000000000000000, 0.5180724077136679151, -0.8553367643015019617 ) ) ;
#1907 = CARTESIAN_POINT ( 'NONE',  ( 4.250000000000000000, -12.59543584118043213, 7.273425578539500336 ) ) ;
#1908 = CARTESIAN_POINT ( 'NONE',  ( 6.250000000000001776, 14.23802859338760918, 13.78492032731174355 ) ) ;
#1909 = CARTESIAN_POINT ( 'NONE',  ( -6.250000000000000000, -2.934534580183278063, 9.313524453617185728 ) ) ;
#1910 = CARTESIAN_POINT ( 'NONE',  ( 5.233866041233119049, -12.49344965524062978, 14.04967695300501873 ) ) ;
#1911 = CARTESIAN_POINT ( 'NONE',  ( -6.052397853672969674, -13.85662436336299308, 13.02878026509033127 ) ) ;
#1912 = ORIENTED_EDGE ( 'NONE', *, *, #2838, .T. ) ;
#1913 = CARTESIAN_POINT ( 'NONE',  ( -5.356311823482515777, -13.82267794659378879, 14.06357122299081475 ) ) ;
#1914 = CARTESIAN_POINT ( 'NONE',  ( -6.250000000000000000, 14.72824193998076581, 9.957426734848230154 ) ) ;
#1915 = DIRECTION ( 'NONE',  ( -0.0000000000000000000, 0.8553367643015018507, 0.5180724077136680261 ) ) ;
#1916 = CARTESIAN_POINT ( 'NONE',  ( 4.250000000000002665, -13.02506303984563019, 10.54325113553086979 ) ) ;
#1917 = EDGE_CURVE ( 'NONE', #368, #2564, #2401, .T. ) ;
#1918 = SURFACE_SIDE_STYLE ('',( #2196 ) ) ;
#1919 = PLANE ( 'NONE',  #2905 ) ;
#1920 = CARTESIAN_POINT ( 'NONE',  ( -4.750000000000040856, 19.64723441866810916, 8.677362430430594742 ) ) ;
#1921 = CARTESIAN_POINT ( 'NONE',  ( 5.414829673810651833, -14.42082809490555029, 13.21951333368703985 ) ) ;
#1922 = ORIENTED_EDGE ( 'NONE', *, *, #1587, .F. ) ;
#1923 = CARTESIAN_POINT ( 'NONE',  ( 6.250000000000000000, 13.49445338094865576, 13.81827447390331898 ) ) ;
#1924 = CARTESIAN_POINT ( 'NONE',  ( -6.250000000000000000, 3.538267732788534126, 9.902946030101178465 ) ) ;
#1925 = CARTESIAN_POINT ( 'NONE',  ( 5.530117277168550949, -13.10601656423474104, 14.11589547199896089 ) ) ;
#1926 = VECTOR ( 'NONE', #729, 1000.000000000000000 ) ;
#1927 = CARTESIAN_POINT ( 'NONE',  ( -5.867246293615422381, -13.40244439248799857, 13.75527074757081536 ) ) ;
#1928 = ORIENTED_EDGE ( 'NONE', *, *, #1730, .F. ) ;
#1929 = CARTESIAN_POINT ( 'NONE',  ( -4.988201094925300616, -13.56155196631465643, 14.32560521645778095 ) ) ;
#1930 = CARTESIAN_POINT ( 'NONE',  ( -4.750000000000001776, -0.4989804752298284685, 10.83675025290120786 ) ) ;
#1931 = CARTESIAN_POINT ( 'NONE',  ( -6.052197982436025470, 19.06965143183698430, 8.148625729245175364 ) ) ;
#1932 = CARTESIAN_POINT ( 'NONE',  ( -4.750000000000000888, -10.07353761039129303, -3.421603984674083332 ) ) ;
#1933 = PRODUCT_DEFINITION_CONTEXT ( 'detailed design', #2809, 'design' ) ;
#1934 = CARTESIAN_POINT ( 'NONE',  ( -6.250000000000000000, 19.81953307645589391, 8.320886468458120078 ) ) ;
#1935 = APPLICATION_PROTOCOL_DEFINITION ( 'draft international standard', 'automotive_design', 1998, #2135 ) ;
#1936 = CARTESIAN_POINT ( 'NONE',  ( 6.250000000000084377, -12.23917449576354954, 13.99461630668005974 ) ) ;
#1937 = CARTESIAN_POINT ( 'NONE',  ( -6.250000000000000000, 15.19955852400342877, 13.31012245985889564 ) ) ;
#1938 = ORIENTED_EDGE ( 'NONE', *, *, #707, .T. ) ;
#1939 = CARTESIAN_POINT ( 'NONE',  ( 6.250000000000000000, 14.87654370817696226, 15.15771510583860859 ) ) ;
#1940 = CARTESIAN_POINT ( 'NONE',  ( -6.250000000000000000, -8.522794103322036463, 10.50666516025504826 ) ) ;
#1941 = CARTESIAN_POINT ( 'NONE',  ( 5.528013665673162436, -13.49484378960839592, 14.07476712738967528 ) ) ;
#1942 = CARTESIAN_POINT ( 'NONE',  ( -5.868847052322543334, -13.09815489422198986, 13.79471566989043119 ) ) ;
#1943 = CARTESIAN_POINT ( 'NONE',  ( -4.749999999983629984, -13.56683316066037825, 14.34588161953444008 ) ) ;
#1944 = CARTESIAN_POINT ( 'NONE',  ( -4.750000000000002665, 7.308134522945456624, 12.87113370198805207 ) ) ;
#1945 = CARTESIAN_POINT ( 'NONE',  ( -6.250000000000000000, -2.850919218659900611, 9.309501195119052497 ) ) ;
#1946 = PLANE ( 'NONE',  #949 ) ;
#1947 = CARTESIAN_POINT ( 'NONE',  ( 4.846968635018300553, -14.36812287753093997, 13.70179950496279098 ) ) ;
#1948 = CARTESIAN_POINT ( 'NONE',  ( -4.250000000000000888, 17.32975890952996423, 9.047229582840698114 ) ) ;
#1949 = CARTESIAN_POINT ( 'NONE',  ( 4.750000000000000000, -14.72175921877105864, 12.82263154976730668 ) ) ;
#1950 = CARTESIAN_POINT ( 'NONE',  ( 6.250000000000000888, -12.15096976001553664, 13.94147827944792617 ) ) ;
#1951 = CARTESIAN_POINT ( 'NONE',  ( -6.250000000000000888, 19.47426958529625551, 9.068367507687153051 ) ) ;
#1952 = DIRECTION ( 'NONE',  ( 0.0000000000000000000, 0.0000000000000000000, 1.000000000000000000 ) ) ;
#1953 = VERTEX_POINT ( 'NONE', #1914 ) ;
#1954 = CARTESIAN_POINT ( 'NONE',  ( 6.250000000000000000, 14.16874258001963405, 13.80335380226052422 ) ) ;
#1955 = EDGE_CURVE ( 'NONE', #1885, #2152, #2141, .T. ) ;
#1956 = CARTESIAN_POINT ( 'NONE',  ( -4.750000000000000888, -1.788825207841833409, 10.77785498479480886 ) ) ;
#1957 = CARTESIAN_POINT ( 'NONE',  ( 5.666873705798624705, -12.51759814961245532, 13.79719054473414630 ) ) ;
#1958 = CARTESIAN_POINT ( 'NONE',  ( -5.932114375628069425, -13.30884790090269831, 13.68881404663976475 ) ) ;
#1959 = CARTESIAN_POINT ( 'NONE',  ( 6.171494273016784327, -12.89219978345630047, 13.19331006377992743 ) ) ;
#1960 = CARTESIAN_POINT ( 'NONE',  ( -4.940797319764239859, -13.44914080301371939, 14.35694762006433578 ) ) ;
#1961 = CARTESIAN_POINT ( 'NONE',  ( 4.848757518917808262, -12.35600024689934529, 14.05769613359193038 ) ) ;
#1962 = CARTESIAN_POINT ( 'NONE',  ( -4.750000000000000888, -12.35065404716640280, 14.05754333028090919 ) ) ;
#1963 = FACE_OUTER_BOUND ( 'NONE', #538, .T. ) ;
#1964 = CARTESIAN_POINT ( 'NONE',  ( -4.249999999999999112, -13.00759466676227838, 11.17027432249023455 ) ) ;
#1965 = CARTESIAN_POINT ( 'NONE',  ( 4.940788649396127497, -13.78833822649339247, 14.25364694388684406 ) ) ;
#1966 = CARTESIAN_POINT ( 'NONE',  ( -6.250000000000000888, 19.79843382984222444, 8.363882134742771868 ) ) ;
#1967 = CARTESIAN_POINT ( 'NONE',  ( 6.250000000000000000, -13.14382382846042674, 12.79200858806126995 ) ) ;
#1968 = CARTESIAN_POINT ( 'NONE',  ( 6.249999999999999112, -10.95504107834508467, 13.26056500320851228 ) ) ;
#1969 = DIRECTION ( 'NONE',  ( 0.0000000000000000000, -0.5180724077136678041, 0.8553367643015019617 ) ) ;
#1970 = VERTEX_POINT ( 'NONE', #2190 ) ;
#1971 = CARTESIAN_POINT ( 'NONE',  ( -4.750000000000168754, 6.244776052384479748, 12.34913264220145557 ) ) ;
#1972 = CARTESIAN_POINT ( 'NONE',  ( 5.496665594336858085, -14.30193214527896650, 13.38922974646874131 ) ) ;
#1973 = CARTESIAN_POINT ( 'NONE',  ( -6.044083193174341950, -13.50222990255676336, 13.43473869223820572 ) ) ;
#1974 = CARTESIAN_POINT ( 'NONE',  ( -6.250000000000002665, -14.03960396562341195, 4.410598529290609804 ) ) ;
#1975 = CARTESIAN_POINT ( 'NONE',  ( -4.250000000000000000, -8.715900501990764937, -4.890216078419009627 ) ) ;
#1976 = MECHANICAL_DESIGN_GEOMETRIC_PRESENTATION_REPRESENTATION (  '', ( #1192 ), #182 ) ;
#1977 = DIRECTION ( 'NONE',  ( -0.0000000000000000000, -0.5180724077136679151, 0.8553367643015019617 ) ) ;
#1978 = CARTESIAN_POINT ( 'NONE',  ( -4.750000000000001776, -11.67251323389608331, 13.66041448636224942 ) ) ;
#1979 = CARTESIAN_POINT ( 'NONE',  ( -4.750000000000000000, 19.00291243392140927, 10.27740462285030887 ) ) ;
#1980 = CARTESIAN_POINT ( 'NONE',  ( -6.250000000000000000, 16.12400942542947035, 12.57984833536531433 ) ) ;
#1981 = FACE_OUTER_BOUND ( 'NONE', #553, .T. ) ;
#1982 = CARTESIAN_POINT ( 'NONE',  ( 6.250000000000000888, 19.75622558994204425, 8.449893328907393197 ) ) ;
#1983 = ORIENTED_EDGE ( 'NONE', *, *, #2176, .F. ) ;
#1984 = CARTESIAN_POINT ( 'NONE',  ( 4.250000000000000888, 8.407590119796129358, 11.19349544298221844 ) ) ;
#1985 = CARTESIAN_POINT ( 'NONE',  ( 6.250000000000000000, -13.00147559796452157, 12.70244073661681306 ) ) ;
#1986 = CARTESIAN_POINT ( 'NONE',  ( -6.250000000000000888, -13.33000584114030040, 12.32977079638989792 ) ) ;
#1987 = CARTESIAN_POINT ( 'NONE',  ( -6.250000000000001776, 7.176971714290645288, 12.79887934777670644 ) ) ;
#1988 = CARTESIAN_POINT ( 'NONE',  ( 5.485663782746341255, -13.69681183983373174, 14.03512890684038084 ) ) ;
#1989 = CARTESIAN_POINT ( 'NONE',  ( -5.662233989205692097, -14.20592238392201345, 13.33785364622718639 ) ) ;
#1990 = CARTESIAN_POINT ( 'NONE',  ( 6.250000000000000000, -13.14000320317993697, 12.87840000702140308 ) ) ;
#1991 = CARTESIAN_POINT ( 'NONE',  ( -4.847658406880023918, -12.56567760463324213, 14.17199450212337908 ) ) ;
#1992 = DIRECTION ( 'NONE',  ( 0.0000000000000000000, 0.6788185542002638240, -0.7343060468724629253 ) ) ;
#1993 = CARTESIAN_POINT ( 'NONE',  ( 6.249999999999999112, 9.684316995047076659, 12.47365601389754453 ) ) ;
#1994 = CARTESIAN_POINT ( 'NONE',  ( 4.750000000000002665, -13.13017972207344641, 14.54326532306811615 ) ) ;
#1995 = CARTESIAN_POINT ( 'NONE',  ( -6.250000000000003553, 14.21889597715031428, 13.79393518523292883 ) ) ;
#1996 = CARTESIAN_POINT ( 'NONE',  ( 4.250000000000000000, -11.04133893852980641, 2.036698782261902707 ) ) ;
#1997 = EDGE_CURVE ( 'NONE', #2714, #1237, #2006, .T. ) ;
#1998 = CARTESIAN_POINT ( 'NONE',  ( 4.750000000000166089, 19.64731487531750176, 8.677189585209903910 ) ) ;
#1999 = CARTESIAN_POINT ( 'NONE',  ( -4.250000000000001776, 17.32975890952996068, 9.047229582840698114 ) ) ;
#2000 = VECTOR ( 'NONE', #548, 1000.000000000000114 ) ;
#2001 = CARTESIAN_POINT ( 'NONE',  ( 6.250000000000334843, 4.597215877631966485, 11.74650368515501064 ) ) ;
#2002 = CARTESIAN_POINT ( 'NONE',  ( -4.946970986016367533, -14.55393937055204923, 13.26950164597196036 ) ) ;
#2003 = CARTESIAN_POINT ( 'NONE',  ( -6.249999999999913847, 11.39737519139146826, 14.77830443556856110 ) ) ;
#2004 = CARTESIAN_POINT ( 'NONE',  ( 5.732401607899435092, -14.02149211428483611, 13.52057704871953803 ) ) ;
#2005 = VERTEX_POINT ( 'NONE', #1794 ) ;
#2006 = B_SPLINE_CURVE_WITH_KNOTS ( 'NONE', 3,
 ( #560, #104, #1682, #817, #1746, #73, #768, #2675, #1439, #2370, #993, #2850, #314, #1243, #1058, #1809, #1762, #1339, #184, #1305, #2266, #2736, #137, #2050 ),
 .UNSPECIFIED., .F., .F.,
 ( 4, 2, 2, 2, 2, 2, 2, 2, 2, 2, 2, 4 ),
 ( 0.0000000000000000000, 0.06250000000000000000, 0.1250000000000000000, 0.2500000000000000000, 0.3125000000000000000, 0.3750000000000000000, 0.5000000000000000000, 0.6250000000000000000, 0.7500000000000000000, 0.8125000000000000000, 0.8750000000000000000, 1.000000000000000000 ),
 .UNSPECIFIED. ) ;
#2007 = CARTESIAN_POINT ( 'NONE',  ( 6.250000000000000000, -13.09950899698888627, 12.87114005290092678 ) ) ;
#2008 = CARTESIAN_POINT ( 'NONE',  ( -4.848405112388485705, -12.45795444923497541, 14.11520546227349016 ) ) ;
#2009 = CARTESIAN_POINT ( 'NONE',  ( 5.500929685656561041, 19.56633775923327789, 8.387832738589532156 ) ) ;
#2010 = CARTESIAN_POINT ( 'NONE',  ( 6.250000000000000000, 2.801537590046119242, 9.749580650980739449 ) ) ;
#2011 = CARTESIAN_POINT ( 'NONE',  ( 6.150613215908274256, -13.46545780577708662, 13.18826435734681013 ) ) ;
#2012 = CARTESIAN_POINT ( 'NONE',  ( -4.749999999983629984, 9.057388789964491593, 13.94144524403998808 ) ) ;
#2013 = CARTESIAN_POINT ( 'NONE',  ( -6.250000000000000000, 10.90489446297053000, 13.00705105979399079 ) ) ;
#2014 = CARTESIAN_POINT ( 'NONE',  ( -6.210696009719541166, -13.42353188783747875, 12.97400910851875366 ) ) ;
#2015 = EDGE_LOOP ( 'NONE', ( #1002, #1477, #1604, #2488 ) ) ;
#2016 = CARTESIAN_POINT ( 'NONE',  ( 6.250000000000000888, 19.68265535867549332, 8.601469347231347484 ) ) ;
#2017 = CARTESIAN_POINT ( 'NONE',  ( 4.250000000000000000, 6.371397762890853578, 10.23659928781515660 ) ) ;
#2018 = CARTESIAN_POINT ( 'NONE',  ( 6.250000000000000000, 7.888172440014159292, 11.47754416958364132 ) ) ;
#2019 = CARTESIAN_POINT ( 'NONE',  ( 4.750000000000002665, 18.37672129766663787, 12.90925266389275805 ) ) ;
#2020 = CARTESIAN_POINT ( 'NONE',  ( -4.750000000000000888, 9.685533698106270961, 14.13280499334183915 ) ) ;
#2021 = CARTESIAN_POINT ( 'NONE',  ( 5.733978592789874540, -14.06991507979154044, 13.45048207693397124 ) ) ;
#2022 = CARTESIAN_POINT ( 'NONE',  ( 6.250000000000000000, -13.14635990577688673, 12.78358858090372330 ) ) ;
#2023 = CARTESIAN_POINT ( 'NONE',  ( 4.749999999999791278, -13.76650914962911010, 3.398509733604135885 ) ) ;
#2024 = CARTESIAN_POINT ( 'NONE',  ( 6.250000000000000000, -13.09412239171948400, 12.86779861167467409 ) ) ;
#2025 = CARTESIAN_POINT ( 'NONE',  ( 6.249999999999999112, -2.849012264902784697, 9.309409800152376846 ) ) ;
#2026 = CARTESIAN_POINT ( 'NONE',  ( 6.150054172598703239, -13.27674423054196318, 13.27763165222427943 ) ) ;
#2027 = CARTESIAN_POINT ( 'NONE',  ( -4.749999999983629984, -12.81024621412793074, 1.096697795354171001 ) ) ;
#2028 = CARTESIAN_POINT ( 'NONE',  ( 6.250000000000000000, -10.94643134796799799, 1.880006493288146618 ) ) ;
#2029 = CARTESIAN_POINT ( 'NONE',  ( -6.250000000000000888, -13.14635990577688318, 12.78358858090371974 ) ) ;
#2030 = CARTESIAN_POINT ( 'NONE',  ( 6.250000000000000888, 19.76676640643384530, 8.428413442134715439 ) ) ;
#2031 = CARTESIAN_POINT ( 'NONE',  ( -4.250000000000000888, -6.485441337894687130, 9.343689584042907725 ) ) ;
#2032 = CARTESIAN_POINT ( 'NONE',  ( 6.250000000000000888, 1.080610727988097874, 10.98925507745206431 ) ) ;
#2033 = CARTESIAN_POINT ( 'NONE',  ( -6.098387424148079994, -13.77515117810660250, 13.00065475874449206 ) ) ;
#2034 = CARTESIAN_POINT ( 'NONE',  ( -6.250000000000000000, 11.26880862343488410, 13.13669091434144320 ) ) ;
#2035 = CARTESIAN_POINT ( 'NONE',  ( -6.249999999999998224, -11.61486139247518246, 2.043461720220069999 ) ) ;
#2036 = CARTESIAN_POINT ( 'NONE',  ( 6.250000000000418332, -14.64357631811715166, 7.324209813346583609 ) ) ;
#2037 = CARTESIAN_POINT ( 'NONE',  ( 4.249999999999999112, 7.169548425843027317, 10.57333704498460847 ) ) ;
#2038 = CARTESIAN_POINT ( 'NONE',  ( 6.250000000000000888, 16.48019919173582082, 12.13657366752445022 ) ) ;
#2039 = CARTESIAN_POINT ( 'NONE',  ( 6.091634565643230026, -13.46129466815077969, 13.35328163622686581 ) ) ;
#2040 = CARTESIAN_POINT ( 'NONE',  ( -6.211577384844076732, -13.46090518843004347, 12.91513464251279686 ) ) ;
#2041 = CARTESIAN_POINT ( 'NONE',  ( -5.403738785045558046, -12.90612774866791312, 14.14986719114606295 ) ) ;
#2042 = CYLINDRICAL_SURFACE ( 'NONE', #856, 1.500000000000000444 ) ;
#2043 = CARTESIAN_POINT ( 'NONE',  ( 6.250000000000000888, -1.786795690709129358, 10.77786310269704373 ) ) ;
#2044 = CARTESIAN_POINT ( 'NONE',  ( -6.250000000000001776, 15.38219616923422350, 14.92909919369185445 ) ) ;
#2045 = CARTESIAN_POINT ( 'NONE',  ( -6.250000000000000000, -14.56459022922637381, 13.27757842572813729 ) ) ;
#2046 = CARTESIAN_POINT ( 'NONE',  ( 4.750000000000000888, -14.94641512786383153, 11.75053118228453641 ) ) ;
#2047 = EDGE_CURVE ( 'NONE', #2165, #1511, #415, .T. ) ;
#2048 = CARTESIAN_POINT ( 'NONE',  ( 4.750000000000000888, 8.345068132051745025, 13.45734689259404071 ) ) ;
#2049 = CARTESIAN_POINT ( 'NONE',  ( 4.750000000000002665, 13.22882879334960116, 15.29787753625923763 ) ) ;
#2050 = CARTESIAN_POINT ( 'NONE',  ( -6.250000000000000000, -13.14635990577687963, 12.78358858090371797 ) ) ;
#2051 = CARTESIAN_POINT ( 'NONE',  ( 5.933426372266655591, -13.70666468713265118, 13.51170513452185418 ) ) ;
#2052 = CARTESIAN_POINT ( 'NONE',  ( -6.211195711481527049, -13.45027069907197159, 12.93560581784723240 ) ) ;
#2053 = CARTESIAN_POINT ( 'NONE',  ( -5.651099808658314849, -13.64262028438182206, 13.91663204989665914 ) ) ;
#2054 = CARTESIAN_POINT ( 'NONE',  ( 4.250000000000001776, 7.666319954458958641, 10.80502209244028755 ) ) ;
#2055 = CARTESIAN_POINT ( 'NONE',  ( 6.250000000000000888, 7.496617138538065106, 12.97531270082610710 ) ) ;
#2056 = CARTESIAN_POINT ( 'NONE',  ( -6.249999999999997335, 14.14067271485161292, 13.80966995364131655 ) ) ;
#2057 = ORIENTED_EDGE ( 'NONE', *, *, #2505, .T. ) ;
#2058 = CARTESIAN_POINT ( 'NONE',  ( -6.250000000000160760, -14.76528351812931383, 12.66925825945547501 ) ) ;
#2059 = CARTESIAN_POINT ( 'NONE',  ( 6.249999999999789502, -14.50039199180692684, 6.599708383196445816 ) ) ;
#2060 = CARTESIAN_POINT ( 'NONE',  ( 4.750000000000000888, 15.60187241548016601, 14.81166250119686900 ) ) ;
#2061 = CARTESIAN_POINT ( 'NONE',  ( 4.750000000000000000, 11.18690460722057622, 14.70250681992243358 ) ) ;
#2062 = CARTESIAN_POINT ( 'NONE',  ( 4.750000000000000888, 19.00769735806937888, 10.26458334795135663 ) ) ;
#2063 = CARTESIAN_POINT ( 'NONE',  ( -4.750000000000000888, -12.23921731428361070, 13.99464098095740461 ) ) ;
#2064 = CARTESIAN_POINT ( 'NONE',  ( 6.098432075145083786, -12.79564270956738881, 13.34896590441588238 ) ) ;
#2065 = CARTESIAN_POINT ( 'NONE',  ( -6.250000000000000888, -13.14635990577688318, 12.78358858090372330 ) ) ;
#2066 = CARTESIAN_POINT ( 'NONE',  ( -5.496125398306184628, -12.63486399394389181, 13.98377269047150051 ) ) ;
#2067 = CARTESIAN_POINT ( 'NONE',  ( -4.250000000000002665, 2.179750538789006598, 9.135795142550424686 ) ) ;
#2068 = CARTESIAN_POINT ( 'NONE',  ( 6.250000000000000000, 9.381655821306052800, 13.99499218745093287 ) ) ;
#2069 = CARTESIAN_POINT ( 'NONE',  ( -6.249999999999915623, 13.28736285681172014, 15.30446551748477191 ) ) ;
#2070 = CARTESIAN_POINT ( 'NONE',  ( -4.750000000000000888, 17.76634091077031385, 12.91170490879239097 ) ) ;
#2071 =( BOUNDED_SURFACE ( )  B_SPLINE_SURFACE ( 3, 2, ( 
 ( #1414, #2811, #49 ),
 ( #2558, #1396, #1887 ),
 ( #2392, #258, #2100 ),
 ( #970, #2824, #289 ),
 ( #15, #1234, #2162 ),
 ( #938, #1870, #2149 ),
 ( #2116, #2795, #2574 ),
 ( #32, #2424, #1703 ),
 ( #790, #1753, #1031 ),
 ( #583, #2683, #319 ),
 ( #1250, #601, #1719 ),
 ( #2178, #2904, #92 ),
 ( #2855, #2197, #1014 ),
 ( #1985, #1936, #807 ),
 ( #2441, #1950, #2633 ),
 ( #2871, #2650, #999 ),
 ( #1508, #567, #1527 ),
 ( #1490, #774, #2214 ),
 ( #371, #337, #1474 ),
 ( #110, #1266, #1736 ),
 ( #550, #1968, #824 ),
 ( #2406, #2460, #2887 ),
 ( #2666, #354, #1283 ),
 ( #129, #1049, #2303 ),
 ( #2951, #617, #1574 ),
 ( #431, #854, #2935 ),
 ( #2507, #407, #2921 ),
 ( #1526, #1815, #2260 ),
 ( #838, #1344, #663 ),
 ( #633, #1560, #177 ),
 ( #1786, #2231, #2710 ),
 ( #1098, #2043, #2696 ),
 ( #1543, #2492, #370 ),
 ( #1330, #1586, #2476 ),
 ( #870, #2032, #1802 ),
 ( #389, #1312, #2459 ),
 ( #1298, #1769, #600 ),
 ( #144, #2728, #2246 ),
 ( #1066, #2001, #2520 ),
 ( #2741, #161, #650 ),
 ( #2284, #420, #1082 ),
 ( #2272, #1752, #189 ),
 ( #1113, #1354, #202 ),
 ( #2018, #2963, #884 ),
 ( #1126, #2055, #2975 ),
 ( #2682, #1839, #1826 ),
 ( #2082, #3000, #1853 ),
 ( #2531, #1411, #1639 ),
 ( #2779, #2767, #214 ),
 ( #1153, #701, #2097 ),
 ( #936, #2068, #2544 ),
 ( #457, #716, #2987 ),
 ( #1623, #228, #2557 ),
 ( #909, #688, #2753 ),
 ( #1598, #896, #674 ),
 ( #1139, #923, #2571 ),
 ( #472, #1394, #2326 ),
 ( #445, #240, #1369 ),
 ( #1167, #1868, #2297 ),
 ( #2312, #256, #13 ),
 ( #2794, #1611, #487 ),
 ( #2342, #1382, #2153 ),
 ( #974, #2138, #2364 ),
 ( #1448, #2859, #750 ),
 ( #1206, #53, #1003 ),
 ( #1923, #2166, #1238 ),
 ( #1707, #778, #1675 ),
 ( #1018, #2621, #2637 ),
 ( #1478, #2607, #67 ),
 ( #987, #2844, #1254 ),
 ( #2379, #309, #763 ),
 ( #525, #1691, #2182 ),
 ( #1954, #2410, #539 ),
 ( #1463, #276, #794 ),
 ( #1908, #81, #1223 ),
 ( #323, #1939, #554 ),
 ( #96, #2396, #2875 ),
 ( #1433, #2828, #294 ),
 ( #2759, #248, #2302 ),
 ( #1374, #2288, #2060 ),
 ( #2536, #679, #901 ),
 ( #218, #708, #2991 ),
 ( #1173, #2979, #1831 ),
 ( #1143, #2317, #2105 ),
 ( #21, #722, #2800 ),
 ( #1647, #2815, #1860 ),
 ( #1844, #1629, #1603 ),
 ( #914, #943, #449 ),
 ( #2121, #2579, #2350 ),
 ( #1157, #1876, #737 ),
 ( #2073, #2771, #509 ),
 ( #232, #1661, #478 ),
 ( #495, #2593, #960 ),
 ( #461, #1419, #263 ),
 ( #693, #1616, #2549 ),
 ( #2785, #1386, #2089 ),
 ( #1189, #1130, #5 ),
 ( #2563, #38, #928 ),
 ( #1401, #2334, #1892 ),
 ( #206, #2489, #1998 ),
 ( #852, #2016, #2708 ),
 ( #1784, #868, #2918 ),
 ( #125, #648, #1281 ),
 ( #1766, #2726, #1080 ),
 ( #631, #2211, #1799 ),
 ( #2244, #1982, #1750 ),
 ( #1558, #2030, #836 ),
 ( #2901, #159, #2933 ),
 ( #404, #2680, #1046 ),
 ( #1328, #2258, #2694 ) ),
 .UNSPECIFIED., .F., .F., .T. ) 
 B_SPLINE_SURFACE_WITH_KNOTS ( ( 4, 2, 2, 2, 2, 2, 2, 2, 2, 2, 2, 2, 2, 2, 2, 2, 2, 2, 2, 2, 2, 2, 2, 2, 2, 2, 2, 2, 2, 2, 2, 2, 2, 2, 2, 2, 2, 2, 2, 2, 2, 2, 2, 2, 2, 2, 2, 2, 2, 2, 2, 2, 2, 2, 4 ),
 ( 3, 3 ),
 ( 0.01146873869179711181, 0.01150473786622263628, 0.01152273745343539851, 0.01153173724704177963, 0.01154073704064816248, 0.01161273538949921316, 0.01175673208720131278, 0.01204472548260551376, 0.01233271887800971647, 0.01262071227341391745, 0.01377268585503072310, 0.01607663301826433438, 0.01838058018149794567, 0.02068452734473155696, 0.02183650092634836087, 0.02298847450796516825, 0.02529242167119877954, 0.02759636883443238736, 0.02990031599766599865, 0.03105228957928280603, 0.03220426316089960994, 0.03335623674251641385, 0.03450821032413321776, 0.03566018390575002167, 0.03594817730115422438, 0.03623617069655842016, 0.03681215748736682558, 0.03738814427817523101, 0.03767613767357943372, 0.03796413106898363643, 0.03854011785979204185, 0.03911610465060044034, 0.03969209144140883883, 0.03998008483681304154, 0.04026807823221724425, 0.04041207492991934214, 0.04048407327877039108, 0.04055607162762144696, 0.04084406502302564967, 0.04113205841842985239, 0.04142005181383405510, 0.04199603860464246052, 0.04257202539545085901, 0.04286001879085506172, 0.04314801218625925749, 0.04372399897706766292, 0.04487597255868446683, 0.04602794614030127074, 0.04717991972191808159, 0.04775590651272648701, 0.04804389990813068279, 0.04807989908255620726, 0.04811589825698173173, 0.04818789660583278067, 0.04833189330353488550 ),
 ( 0.0000000000000000000, 1.000000000000000000 ),
 .UNSPECIFIED. ) 
 GEOMETRIC_REPRESENTATION_ITEM ( )  RATIONAL_B_SPLINE_SURFACE ( (
 ( 1.000000000000000000, 0.7071067811865473507, 1.000000000000000000),
 ( 1.000000000000000000, 0.7071067811865473507, 1.000000000000000000),
 ( 1.000000000000000000, 0.7071067811865475727, 1.000000000000000000),
 ( 1.000000000000000000, 0.7071067811865475727, 1.000000000000000000),
 ( 1.000000000000000000, 0.7071067811865476838, 1.000000000000000000),
 ( 1.000000000000000000, 0.7071067811865476838, 1.000000000000000000),
 ( 1.000000000000000000, 0.7071067811865473507, 1.000000000000000000),
 ( 1.000000000000000000, 0.7071067811865473507, 1.000000000000000000),
 ( 1.000000000000000000, 0.7071067811865476838, 1.000000000000000000),
 ( 1.000000000000000000, 0.7071067811865476838, 1.000000000000000000),
 ( 1.000000000000000000, 0.7071067811865477948, 1.000000000000000000),
 ( 1.000000000000000000, 0.7071067811865477948, 1.000000000000000000),
 ( 1.000000000000000000, 0.7071067811865475727, 1.000000000000000000),
 ( 1.000000000000000000, 0.7071067811865475727, 1.000000000000000000),
 ( 1.000000000000000000, 0.7071067811865475727, 1.000000000000000000),
 ( 1.000000000000000000, 0.7071067811865475727, 1.000000000000000000),
 ( 1.000000000000000000, 0.7071067811865475727, 1.000000000000000000),
 ( 1.000000000000000000, 0.7071067811865475727, 1.000000000000000000),
 ( 1.000000000000000000, 0.7071067811865476838, 1.000000000000000000),
 ( 1.000000000000000000, 0.7071067811865476838, 1.000000000000000000),
 ( 1.000000000000000000, 0.7071067811865477948, 1.000000000000000000),
 ( 1.000000000000000000, 0.7071067811865477948, 1.000000000000000000),
 ( 1.000000000000000000, 0.7071067811865479058, 1.000000000000000000),
 ( 1.000000000000000000, 0.7071067811865479058, 1.000000000000000000),
 ( 1.000000000000000000, 0.7071067811865475727, 1.000000000000000000),
 ( 1.000000000000000000, 0.7071067811865475727, 1.000000000000000000),
 ( 1.000000000000000000, 0.7071067811865476838, 1.000000000000000000),
 ( 1.000000000000000000, 0.7071067811865476838, 1.000000000000000000),
 ( 1.000000000000000000, 0.7071067811865475727, 1.000000000000000000),
 ( 1.000000000000000000, 0.7071067811865475727, 1.000000000000000000),
 ( 1.000000000000000000, 0.7071067811865475727, 1.000000000000000000),
 ( 1.000000000000000000, 0.7071067811865475727, 1.000000000000000000),
 ( 1.000000000000000000, 0.7071067811865475727, 1.000000000000000000),
 ( 1.000000000000000000, 0.7071067811865475727, 1.000000000000000000),
 ( 1.000000000000000000, 0.7071067811865475727, 1.000000000000000000),
 ( 1.000000000000000000, 0.7071067811865475727, 1.000000000000000000),
 ( 1.000000000000000000, 0.7071067811865475727, 1.000000000000000000),
 ( 1.000000000000000000, 0.7071067811865475727, 1.000000000000000000),
 ( 1.000000000000000000, 0.7071067811865475727, 1.000000000000000000),
 ( 1.000000000000000000, 0.7071067811865475727, 1.000000000000000000),
 ( 1.000000000000000000, 0.7071067811865479058, 1.000000000000000000),
 ( 1.000000000000000000, 0.7071067811865479058, 1.000000000000000000),
 ( 1.000000000000000000, 0.7071067811865475727, 1.000000000000000000),
 ( 1.000000000000000000, 0.7071067811865475727, 1.000000000000000000),
 ( 1.000000000000000000, 0.7071067811865475727, 1.000000000000000000),
 ( 1.000000000000000000, 0.7071067811865475727, 1.000000000000000000),
 ( 1.000000000000000000, 0.7071067811865475727, 1.000000000000000000),
 ( 1.000000000000000000, 0.7071067811865475727, 1.000000000000000000),
 ( 1.000000000000000000, 0.7071067811865475727, 1.000000000000000000),
 ( 1.000000000000000000, 0.7071067811865475727, 1.000000000000000000),
 ( 1.000000000000000000, 0.7071067811865476838, 1.000000000000000000),
 ( 1.000000000000000000, 0.7071067811865476838, 1.000000000000000000),
 ( 1.000000000000000000, 0.7071067811865479058, 1.000000000000000000),
 ( 1.000000000000000000, 0.7071067811865479058, 1.000000000000000000),
 ( 1.000000000000000000, 0.7071067811865476838, 1.000000000000000000),
 ( 1.000000000000000000, 0.7071067811865476838, 1.000000000000000000),
 ( 1.000000000000000000, 0.7071067811865480168, 1.000000000000000000),
 ( 1.000000000000000000, 0.7071067811865480168, 1.000000000000000000),
 ( 1.000000000000000000, 0.7071067811865473507, 1.000000000000000000),
 ( 1.000000000000000000, 0.7071067811865473507, 1.000000000000000000),
 ( 1.000000000000000000, 0.7071067811865479058, 1.000000000000000000),
 ( 1.000000000000000000, 0.7071067811865479058, 1.000000000000000000),
 ( 1.000000000000000000, 0.7071067811865475727, 1.000000000000000000),
 ( 1.000000000000000000, 0.7071067811865475727, 1.000000000000000000),
 ( 1.000000000000000000, 0.7071067811865471286, 1.000000000000000000),
 ( 1.000000000000000000, 0.7071067811865471286, 1.000000000000000000),
 ( 1.000000000000000000, 0.7071067811865479058, 1.000000000000000000),
 ( 1.000000000000000000, 0.7071067811865479058, 1.000000000000000000),
 ( 1.000000000000000000, 0.7071067811865473507, 1.000000000000000000),
 ( 1.000000000000000000, 0.7071067811865473507, 1.000000000000000000),
 ( 1.000000000000000000, 0.7071067811865475727, 1.000000000000000000),
 ( 1.000000000000000000, 0.7071067811865475727, 1.000000000000000000),
 ( 1.000000000000000000, 0.7071067811865475727, 1.000000000000000000),
 ( 1.000000000000000000, 0.7071067811865475727, 1.000000000000000000),
 ( 1.000000000000000000, 0.7071067811865476838, 1.000000000000000000),
 ( 1.000000000000000000, 0.7071067811865476838, 1.000000000000000000),
 ( 1.000000000000000000, 0.7071067811865475727, 1.000000000000000000),
 ( 1.000000000000000000, 0.7071067811865475727, 1.000000000000000000),
 ( 1.000000000000000000, 0.7071067811865476838, 1.000000000000000000),
 ( 1.000000000000000000, 0.7071067811865476838, 1.000000000000000000),
 ( 1.000000000000000000, 0.7071067811865471286, 1.000000000000000000),
 ( 1.000000000000000000, 0.7071067811865471286, 1.000000000000000000),
 ( 1.000000000000000000, 0.7071067811865471286, 1.000000000000000000),
 ( 1.000000000000000000, 0.7071067811865471286, 1.000000000000000000),
 ( 1.000000000000000000, 0.7071067811865477948, 1.000000000000000000),
 ( 1.000000000000000000, 0.7071067811865477948, 1.000000000000000000),
 ( 1.000000000000000000, 0.7071067811865476838, 1.000000000000000000),
 ( 1.000000000000000000, 0.7071067811865476838, 1.000000000000000000),
 ( 1.000000000000000000, 0.7071067811865475727, 1.000000000000000000),
 ( 1.000000000000000000, 0.7071067811865475727, 1.000000000000000000),
 ( 1.000000000000000000, 0.7071067811865475727, 1.000000000000000000),
 ( 1.000000000000000000, 0.7071067811865475727, 1.000000000000000000),
 ( 1.000000000000000000, 0.7071067811865475727, 1.000000000000000000),
 ( 1.000000000000000000, 0.7071067811865475727, 1.000000000000000000),
 ( 1.000000000000000000, 0.7071067811865475727, 1.000000000000000000),
 ( 1.000000000000000000, 0.7071067811865475727, 1.000000000000000000),
 ( 1.000000000000000000, 0.7071067811865475727, 1.000000000000000000),
 ( 1.000000000000000000, 0.7071067811865475727, 1.000000000000000000),
 ( 1.000000000000000000, 0.7071067811865475727, 1.000000000000000000),
 ( 1.000000000000000000, 0.7071067811865475727, 1.000000000000000000),
 ( 1.000000000000000000, 0.7071067811865475727, 1.000000000000000000),
 ( 1.000000000000000000, 0.7071067811865475727, 1.000000000000000000),
 ( 1.000000000000000000, 0.7071067811865469066, 1.000000000000000000),
 ( 1.000000000000000000, 0.7071067811865469066, 1.000000000000000000),
 ( 1.000000000000000000, 0.7071067811865475727, 1.000000000000000000),
 ( 1.000000000000000000, 0.7071067811865475727, 1.000000000000000000),
 ( 1.000000000000000000, 0.7071067811865475727, 1.000000000000000000),
 ( 1.000000000000000000, 0.7071067811865475727, 1.000000000000000000),
 ( 1.000000000000000000, 0.7071067811865476838, 1.000000000000000000),
 ( 1.000000000000000000, 0.7071067811865476838, 1.000000000000000000) ) ) 
 REPRESENTATION_ITEM ( '' )  SURFACE ( )  );
#2072 = CARTESIAN_POINT ( 'NONE',  ( -6.250000000000000000, -13.14382382076444244, 12.79200835807579395 ) ) ;
#2073 = CARTESIAN_POINT ( 'NONE',  ( 6.250000000000000000, 16.57428615076870315, 11.99529836093727297 ) ) ;
#2074 = EDGE_LOOP ( 'NONE', ( #1881, #1284, #2843, #308 ) ) ;
#2075 = CARTESIAN_POINT ( 'NONE',  ( 4.249999999999999112, 9.280012497282459805, 11.69338036412802317 ) ) ;
#2076 = CARTESIAN_POINT ( 'NONE',  ( -6.250000000000051514, -12.57146316116629592, 14.17508842201378982 ) ) ;
#2077 = CARTESIAN_POINT ( 'NONE',  ( 5.357563825919804401, -13.99920783873039909, 13.93740591805235951 ) ) ;
#2078 = CARTESIAN_POINT ( 'NONE',  ( -6.092248945398188731, -13.10622792481741072, 13.44497810113228553 ) ) ;
#2079 = CARTESIAN_POINT ( 'NONE',  ( -5.652780941194921915, -13.09984217647211224, 14.02029814899612425 ) ) ;
#2080 = CARTESIAN_POINT ( 'NONE',  ( -4.250000000000000000, -12.12995830741413705, 5.036250141118299162 ) ) ;
#2081 = CARTESIAN_POINT ( 'NONE',  ( 6.240237367532769142, -13.32826729343184446, 12.85902674674074042 ) ) ;
#2082 = CARTESIAN_POINT ( 'NONE',  ( 6.250000000000000000, 9.239931644893264462, 12.24007831741708863 ) ) ;
#2083 = EDGE_CURVE ( 'NONE', #1446, #292, #1203, .T. ) ;
#2084 = VECTOR ( 'NONE', #785, 1000.000000000000227 ) ;
#2085 = CARTESIAN_POINT ( 'NONE',  ( 4.846430044615972044, -12.89461026849478742, 14.31798011043342633 ) ) ;
#2086 = CARTESIAN_POINT ( 'NONE',  ( -6.250000000000000888, 13.74185098076157630, 15.34250865373168082 ) ) ;
#2087 = CARTESIAN_POINT ( 'NONE',  ( 4.995840716618978661, -14.54852431338464491, 13.26319111469930512 ) ) ;
#2088 = CARTESIAN_POINT ( 'NONE',  ( -6.250000000000000000, -13.40938023340583918, 9.039137122808293512 ) ) ;
#2089 = CARTESIAN_POINT ( 'NONE',  ( 4.749999999999833911, 19.14239141228396690, 9.905973887344595497 ) ) ;
#2090 = ORIENTED_EDGE ( 'NONE', *, *, #661, .T. ) ;
#2091 = CARTESIAN_POINT ( 'NONE',  ( -6.250000000000014211, -12.70616157759269171, 14.23736009540206382 ) ) ;
#2092 = CARTESIAN_POINT ( 'NONE',  ( 5.355983327236477187, -13.42055863654329428, 14.20743437278457399 ) ) ;
#2093 = CARTESIAN_POINT ( 'NONE',  ( -6.091488488037173354, -13.25890754679773664, 13.42547704962710853 ) ) ;
#2094 = CARTESIAN_POINT ( 'NONE',  ( -5.489915383622689049, -12.91093063021844856, 14.09917097597203117 ) ) ;
#2095 = CARTESIAN_POINT ( 'NONE',  ( 4.250000000000000888, -11.40353640872352159, 2.761761587806821350 ) ) ;
#2096 = CARTESIAN_POINT ( 'NONE',  ( 6.197605964349975238, -13.37895641479696884, 13.07716454790218386 ) ) ;
#2097 = CARTESIAN_POINT ( 'NONE',  ( 4.750000000000000888, 9.278192143477935971, 13.94590012431803139 ) ) ;
#2098 = ADVANCED_FACE ( 'NONE', ( #1846 ), #1164, .T. ) ;
#2099 = VERTEX_POINT ( 'NONE', #2404 ) ;
#2100 = CARTESIAN_POINT ( 'NONE',  ( 4.750000000000000888, -12.70681490908465605, 14.23763139096004515 ) ) ;
#2101 = CARTESIAN_POINT ( 'NONE',  ( 4.799371531528854540, -13.11478253092811208, 14.38273315341675662 ) ) ;
#2102 = CARTESIAN_POINT ( 'NONE',  ( -4.750000000000011546, 14.50546571214914060, 15.26534115343199716 ) ) ;
#2103 = CARTESIAN_POINT ( 'NONE',  ( -6.250000000000000000, -11.37409973011871500, 1.620970289431256539 ) ) ;
#2104 = CARTESIAN_POINT ( 'NONE',  ( -4.750000000000001776, -14.92549600518245612, 11.90100388608557047 ) ) ;
#2105 = CARTESIAN_POINT ( 'NONE',  ( 4.750000000000000888, 16.59368589999360566, 14.16777875933108000 ) ) ;
#2106 = CARTESIAN_POINT ( 'NONE',  ( 4.750000000000000888, 4.068572345570208526, 11.59253424716883885 ) ) ;
#2107 = CARTESIAN_POINT ( 'NONE',  ( -6.250000000000000000, -12.67333471393690481, 14.22260495050865892 ) ) ;
#2108 = CARTESIAN_POINT ( 'NONE',  ( 5.355856576876298014, -13.72911029653308290, 14.11207454625709090 ) ) ;
#2109 = CARTESIAN_POINT ( 'NONE',  ( -6.167539880692444854, -13.22599254074019370, 13.24189133873867696 ) ) ;
#2110 = VERTEX_POINT ( 'NONE', #2458 ) ;
#2111 = CARTESIAN_POINT ( 'NONE',  ( -5.140792081971392591, -14.51958685999145082, 13.25764275337157549 ) ) ;
#2112 = CARTESIAN_POINT ( 'NONE',  ( -4.250000000000000888, -11.77709964647688423, 3.739915176437212274 ) ) ;
#2113 = CARTESIAN_POINT ( 'NONE',  ( 6.211177259250876936, -13.45071675957623114, 12.93474319688558971 ) ) ;
#2114 = EDGE_LOOP ( 'NONE', ( #356, #1983, #2385, #385 ) ) ;
#2115 = CARTESIAN_POINT ( 'NONE',  ( 6.250000000000000888, -14.73772832006843103, 7.819869013720956552 ) ) ;
#2116 = CARTESIAN_POINT ( 'NONE',  ( 6.250000000000000000, -13.28833372256884005, 12.85447130932241677 ) ) ;
#2117 = CARTESIAN_POINT ( 'NONE',  ( 4.845488849047067781, -13.79247976841473999, 14.26272564131724785 ) ) ;
#2118 = CARTESIAN_POINT ( 'NONE',  ( -6.250000000000000888, 18.86812140257907799, 10.62902785053095300 ) ) ;
#2119 = CARTESIAN_POINT ( 'NONE',  ( -6.250000000000000888, -11.83039072190246976, 2.468609855859261959 ) ) ;
#2120 = LINE ( 'NONE', #52, #2910 ) ;
#2121 = CARTESIAN_POINT ( 'NONE',  ( 6.250000000000000000, 16.29462513450456029, 12.37955821374195331 ) ) ;
#2122 = ADVANCED_FACE ( 'NONE', ( #615 ), #2503, .T. ) ;
#2123 = CARTESIAN_POINT ( 'NONE',  ( -6.250000000000028422, -12.61135878438186531, 14.19466783625368755 ) ) ;
#2124 = CARTESIAN_POINT ( 'NONE',  ( 5.129637181792984890, -13.77065682591352314, 14.21163146186505521 ) ) ;
#2125 = CARTESIAN_POINT ( 'NONE',  ( -6.171508173080787252, -12.89092007403609230, 13.19255727618829965 ) ) ;
#2126 = ORIENTED_EDGE ( 'NONE', *, *, #821, .T. ) ;
#2127 = CARTESIAN_POINT ( 'NONE',  ( -5.222155510553216473, -13.54128740034699696, 14.25439438035298778 ) ) ;
#2128 = CARTESIAN_POINT ( 'NONE',  ( 4.750000000000000888, -10.07353761039129303, -3.421603984674083332 ) ) ;
#2129 = CARTESIAN_POINT ( 'NONE',  ( 4.750000000000002665, -14.92296323570528038, 9.044455248331560782 ) ) ;
#2130 = CARTESIAN_POINT ( 'NONE',  ( 6.210666735470826261, -13.42409019257424596, 12.97321512034470992 ) ) ;
#2131 = CARTESIAN_POINT ( 'NONE',  ( 4.750000000000000000, -14.64710452245746097, 13.05094184122302892 ) ) ;
#2132 = CARTESIAN_POINT ( 'NONE',  ( 6.250000000000001776, -12.68228753136029852, 5.209303473208446000 ) ) ;
#2133 = CARTESIAN_POINT ( 'NONE',  ( -6.250000000000166089, 16.19245678189290416, 14.45620445461122117 ) ) ;
#2134 = CARTESIAN_POINT ( 'NONE',  ( -4.250000000000000000, -1.815929009240425662, 8.767247310965116114 ) ) ;
#2135 = APPLICATION_CONTEXT ( 'automotive_design' ) ;
#2136 = AXIS2_PLACEMENT_3D ( 'NONE', #2718, #2896, #816 ) ;
#2137 = CARTESIAN_POINT ( 'NONE',  ( -4.750000000000000888, -10.07353761039129303, -3.421603984674083332 ) ) ;
#2138 = CARTESIAN_POINT ( 'NONE',  ( 6.250000000000000888, 12.19944944961424760, 15.05318796233782130 ) ) ;
#2139 = CARTESIAN_POINT ( 'NONE',  ( -6.250000000000000888, -7.326052598949248207, 11.67198931858520616 ) ) ;
#2140 = CARTESIAN_POINT ( 'NONE',  ( 5.137459144125597454, -14.43458938316238793, 13.46802812705647945 ) ) ;
#2141 = CIRCLE ( 'NONE', #2915, 1.500000000000000444 ) ;
#2142 = CARTESIAN_POINT ( 'NONE',  ( -6.171467884274766114, -13.60204462381738466, 12.94089633054696620 ) ) ;
#2143 = EDGE_CURVE ( 'NONE', #1493, #1630, #996, .T. ) ;
#2144 = ORIENTED_EDGE ( 'NONE', *, *, #1997, .T. ) ;
#2145 = CARTESIAN_POINT ( 'NONE',  ( -5.224850604149825273, -14.11080088159462420, 13.91997215852829761 ) ) ;
#2146 = CARTESIAN_POINT ( 'NONE',  ( -4.750000000000000000, 8.327361506781647549, 13.44731071210476792 ) ) ;
#2147 = CARTESIAN_POINT ( 'NONE',  ( -5.672782743249853432, 19.47303802309931697, 8.342899045789456736 ) ) ;
#2148 = CARTESIAN_POINT ( 'NONE',  ( 4.249999999999999112, -12.72430179584467425, 7.918093813094044364 ) ) ;
#2149 = CARTESIAN_POINT ( 'NONE',  ( 4.750000000000000888, -12.67671043726823576, 14.22411577285097017 ) ) ;
#2150 = CARTESIAN_POINT ( 'NONE',  ( -4.750000000000000888, 19.14196920051585238, 9.907094261822201986 ) ) ;
#2151 = CARTESIAN_POINT ( 'NONE',  ( 4.799367386864871854, -14.56711001467210309, 13.26954825041139152 ) ) ;
#2152 = VERTEX_POINT ( 'NONE', #2229 ) ;
#2153 = CARTESIAN_POINT ( 'NONE',  ( 4.750000000000000888, 11.99096293742289632, 14.98522100207944519 ) ) ;
#2154 = CARTESIAN_POINT ( 'NONE',  ( -4.750000000000000888, 3.205395714036390675, 11.36654791504032325 ) ) ;
#2155 = CARTESIAN_POINT ( 'NONE',  ( 5.501387719521481756, -14.37693639987006655, 13.20450042361930265 ) ) ;
#2156 = CARTESIAN_POINT ( 'NONE',  ( -6.051483477841679282, -13.83993913543035781, 13.07554089818522236 ) ) ;
#2157 = ORIENTED_EDGE ( 'NONE', *, *, #1858, .F. ) ;
#2158 = CARTESIAN_POINT ( 'NONE',  ( -4.989250668322282145, -14.07158451977966429, 14.05640113973602467 ) ) ;
#2159 = DIRECTION ( 'NONE',  ( 0.0000000000000000000, -0.5180724077136679151, 0.8553367643015020727 ) ) ;
#2160 = CARTESIAN_POINT ( 'NONE',  ( -6.250000000000000000, -13.14635990577687963, 12.78358858090371797 ) ) ;
#2161 = CARTESIAN_POINT ( 'NONE',  ( -4.250000000000000000, -12.99339614548139288, 9.863265936945584400 ) ) ;
#2162 = CARTESIAN_POINT ( 'NONE',  ( 4.750000000000000888, -12.68492074776361633, 14.22780185051707669 ) ) ;
#2163 = CARTESIAN_POINT ( 'NONE',  ( -6.250000000000000888, 18.20480432928498260, 12.18841119535961681 ) ) ;
#2164 = CARTESIAN_POINT ( 'NONE',  ( -6.250000000000001776, -13.52339541020374547, 10.41363521091368938 ) ) ;
#2165 = VERTEX_POINT ( 'NONE', #1472 ) ;
#2166 = CARTESIAN_POINT ( 'NONE',  ( 6.250000000000002665, 13.29452482351119436, 15.30543970339857296 ) ) ;
#2167 = CARTESIAN_POINT ( 'NONE',  ( -4.750000000000000888, -1.074926010034085166, 10.79698149316572930 ) ) ;
#2168 = CARTESIAN_POINT ( 'NONE',  ( 5.543976087607223491, -14.35271947336044107, 13.19621715865283385 ) ) ;
#2169 = CARTESIAN_POINT ( 'NONE',  ( -5.742349019568766089, -12.54736166462796554, 13.74260710002391406 ) ) ;
#2170 = CARTESIAN_POINT ( 'NONE',  ( -4.749999999983628207, -14.16573888739426401, 13.99008853836839528 ) ) ;
#2171 = CARTESIAN_POINT ( 'NONE',  ( -4.750000000000000888, 1.833050369382309475, 11.09915393649108317 ) ) ;
#2172 = PLANE ( 'NONE',  #771 ) ;
#2173 = PLANE ( 'NONE',  #2890 ) ;
#2174 = CARTESIAN_POINT ( 'NONE',  ( 4.750000000074580342, -14.16855050687466111, 13.98698458057404537 ) ) ;
#2175 = CARTESIAN_POINT ( 'NONE',  ( -4.250000000000001776, 10.78948049042709023, 12.42391484336883778 ) ) ;
#2176 = EDGE_CURVE ( 'NONE', #2243, #1335, #1065, .T. ) ;
#2177 = CARTESIAN_POINT ( 'NONE',  ( 4.249999999999994671, 17.94260393606009174, 7.605833133630173215 ) ) ;
#2178 = CARTESIAN_POINT ( 'NONE',  ( 6.250000000000000000, -13.16961621780340330, 12.79663161033163910 ) ) ;
#2179 = CARTESIAN_POINT ( 'NONE',  ( -4.750000000000000888, 19.27259990309938686, 9.560711872299778591 ) ) ;
#2180 = SURFACE_STYLE_USAGE ( .BOTH. , #1476 ) ;
#2181 = EDGE_LOOP ( 'NONE', ( #2126, #42 ) ) ;
#2182 = CARTESIAN_POINT ( 'NONE',  ( 4.750000000000000888, 14.46214419446880761, 15.27511170337304414 ) ) ;
#2183 = CARTESIAN_POINT ( 'NONE',  ( -4.749999999999832134, -3.921049344244637247, 10.90022169200094382 ) ) ;
#2184 = CARTESIAN_POINT ( 'NONE',  ( 5.655621643121734543, -12.92697695102228472, 13.98346847839791351 ) ) ;
#2185 = CARTESIAN_POINT ( 'NONE',  ( -5.870967006271562205, -12.95095193805056866, 13.76959207157771381 ) ) ;
#2186 = CARTESIAN_POINT ( 'NONE',  ( 6.167523037962924448, -13.33712605699991549, 13.20626216788161500 ) ) ;
#2187 = CIRCLE ( 'NONE', #198, 3.650000000000000355 ) ;
#2188 = CARTESIAN_POINT ( 'NONE',  ( -4.799377637990042800, -12.35065404716602799, 14.05754333028069425 ) ) ;
#2189 = CARTESIAN_POINT ( 'NONE',  ( 5.666873705798624705, -12.51759814961245532, 13.79719054473414630 ) ) ;
#2190 = CARTESIAN_POINT ( 'NONE',  ( 4.249999999999994671, 17.94260393606009174, 7.605833133630173215 ) ) ;
#2191 = VECTOR ( 'NONE', #1313, 1000.000000000000000 ) ;
#2192 = CARTESIAN_POINT ( 'NONE',  ( -6.250000000000000888, -3.234176679469904947, 9.331230278932261868 ) ) ;
#2193 = CARTESIAN_POINT ( 'NONE',  ( -4.250000000000000888, -11.17563948747116598, 2.258428786147598011 ) ) ;
#2194 = CARTESIAN_POINT ( 'NONE',  ( 4.750000000074577677, -12.89381090785451356, 14.32024190235684280 ) ) ;
#2195 = CARTESIAN_POINT ( 'NONE',  ( 4.250000000000000000, 10.50245810840835503, 12.30491579319858886 ) ) ;
#2196 = SURFACE_STYLE_FILL_AREA ( #1903 ) ;
#2197 = CARTESIAN_POINT ( 'NONE',  ( 6.249999999999960032, -12.40249970627328224, 14.08680986858896311 ) ) ;
#2198 = CARTESIAN_POINT ( 'NONE',  ( -6.250000000000000000, 18.37807083263442109, 7.853591776564997851 ) ) ;
#2199 = CARTESIAN_POINT ( 'NONE',  ( -6.250000000000000000, -12.68228753136027187, 5.209303473208442448 ) ) ;
#2200 = ORIENTED_EDGE ( 'NONE', *, *, #37, .T. ) ;
#2201 = CARTESIAN_POINT ( 'NONE',  ( -6.250000000000000888, -5.977286572314406854, 11.27190939061961217 ) ) ;
#2202 = CARTESIAN_POINT ( 'NONE',  ( 5.651205113802783231, -13.37548981772788359, 13.99961609012745889 ) ) ;
#2203 = CARTESIAN_POINT ( 'NONE',  ( -5.729018921909232454, -13.84197267589305724, 13.70918419846977443 ) ) ;
#2204 = CARTESIAN_POINT ( 'NONE',  ( 6.250000000000000000, -13.14635990577688673, 12.78358858090371974 ) ) ;
#2205 = LINE ( 'NONE', #1975, #1678 ) ;
#2206 = CARTESIAN_POINT ( 'NONE',  ( 5.741106159762352945, 19.41134568216318712, 8.313187657412520082 ) ) ;
#2207 = DIRECTION ( 'NONE',  ( -1.000000000000000000, -0.0000000000000000000, -0.0000000000000000000 ) ) ;
#2208 = CARTESIAN_POINT ( 'NONE',  ( 4.750000000000002665, -12.65710487657099925, 0.8438616778608051261 ) ) ;
#2209 = CARTESIAN_POINT ( 'NONE',  ( -6.250000000000000000, 14.57257704869269332, 13.66167132067329781 ) ) ;
#2210 = CARTESIAN_POINT ( 'NONE',  ( -4.250000000000001776, -10.94643134796794826, 1.880006493288066238 ) ) ;
#2211 = CARTESIAN_POINT ( 'NONE',  ( 6.250000000000000888, 19.74041436520432313, 8.482113159066473784 ) ) ;
#2212 = ORIENTED_EDGE ( 'NONE', *, *, #277, .F. ) ;
#2213 = CARTESIAN_POINT ( 'NONE',  ( -4.250000000000001776, 17.50824209376858320, 8.583225133479208679 ) ) ;
#2214 = CARTESIAN_POINT ( 'NONE',  ( 4.750000000000042633, -11.75254064845153934, 13.70709525849394161 ) ) ;
#2215 = ORIENTED_EDGE ( 'NONE', *, *, #2972, .T. ) ;
#2216 = CARTESIAN_POINT ( 'NONE',  ( -4.750000000000000000, 8.156604363410437486, 13.34746893094635034 ) ) ;
#2217 = CARTESIAN_POINT ( 'NONE',  ( 5.401525118973281359, -13.10892736055247987, 14.20020024880046883 ) ) ;
#2218 = CARTESIAN_POINT ( 'NONE',  ( -5.726915169068300671, -13.44452259421172080, 13.90889749293815392 ) ) ;
#2219 = FACE_OUTER_BOUND ( 'NONE', #433, .T. ) ;
#2220 = CARTESIAN_POINT ( 'NONE',  ( -4.799373634596187266, -13.11063509365661695, 14.38201463775864397 ) ) ;
#2221 = EDGE_CURVE ( 'NONE', #368, #479, #223, .T. ) ;
#2222 = CARTESIAN_POINT ( 'NONE',  ( 5.233236937940747957, 19.67556701847411915, 8.440438181893901159 ) ) ;
#2223 = CARTESIAN_POINT ( 'NONE',  ( 6.250000000000001776, 13.65256063246428297, 13.84230315522805554 ) ) ;
#2224 = CARTESIAN_POINT ( 'NONE',  ( 4.750000000000002665, -7.653733501306605014, 11.75176294572011493 ) ) ;
#2225 = CARTESIAN_POINT ( 'NONE',  ( 6.250000000000000000, -13.14635990577688140, 12.78358858090371974 ) ) ;
#2226 = CARTESIAN_POINT ( 'NONE',  ( -4.250000000000001776, -11.04133893852980641, 2.036698782261902707 ) ) ;
#2227 = DIRECTION ( 'NONE',  ( 0.0000000000000000000, -0.9009578903993865628, -0.4339065333998636809 ) ) ;
#2228 = EDGE_LOOP ( 'NONE', ( #1178, #1922, #586 ) ) ;
#2229 = CARTESIAN_POINT ( 'NONE',  ( 6.250000000000000000, -11.37409973011871500, 1.620970289431256539 ) ) ;
#2230 = DIRECTION ( 'NONE',  ( 0.0000000000000000000, 0.0000000000000000000, 1.000000000000000000 ) ) ;
#2231 = CARTESIAN_POINT ( 'NONE',  ( 6.250000000000000888, -2.855690769635530479, 10.81173944269229814 ) ) ;
#2232 = CARTESIAN_POINT ( 'NONE',  ( -6.250000000000169642, 10.84938537728127805, 14.58013697817343157 ) ) ;
#2233 = CARTESIAN_POINT ( 'NONE',  ( 5.878923611741238453, -12.68339636628303779, 13.66214138883399443 ) ) ;
#2234 = CARTESIAN_POINT ( 'NONE',  ( 6.250000000000000888, -13.14635990577688673, 12.78358858090372152 ) ) ;
#2235 = CARTESIAN_POINT ( 'NONE',  ( -4.946310612798859196, -12.46229324208369604, 14.10645230257799732 ) ) ;
#2236 = CARTESIAN_POINT ( 'NONE',  ( 6.249999999999999112, 18.57155642087094449, 7.908740289742303808 ) ) ;
#2237 = CARTESIAN_POINT ( 'NONE',  ( 6.250000000000001776, 3.544865943851676082, 9.904792112840199891 ) ) ;
#2238 = CARTESIAN_POINT ( 'NONE',  ( 6.045360634217818330, -13.64841473676386130, 13.33487179739093698 ) ) ;
#2239 = CARTESIAN_POINT ( 'NONE',  ( -4.750000000000001776, 14.90566123385675468, 15.14746083155058720 ) ) ;
#2240 = ADVANCED_FACE ( 'NONE', ( #1541 ), #1110, .T. ) ;
#2241 = CARTESIAN_POINT ( 'NONE',  ( 6.250000000000000888, -13.33000584114068765, 12.32977079639000095 ) ) ;
#2242 = CARTESIAN_POINT ( 'NONE',  ( -6.239872322897418222, -13.10372035078271757, 12.97249113828380018 ) ) ;
#2243 = VERTEX_POINT ( 'NONE', #687 ) ;
#2244 = CARTESIAN_POINT ( 'NONE',  ( 6.250000000000000000, 18.40962858235423383, 7.789078302477483895 ) ) ;
#2245 = CARTESIAN_POINT ( 'NONE',  ( 4.750000000000000888, -12.65710487657100281, 0.8438616778608104552 ) ) ;
#2246 = CARTESIAN_POINT ( 'NONE',  ( 4.749999999999832134, 4.251866898487590696, 11.64468108674232028 ) ) ;
#2247 = CARTESIAN_POINT ( 'NONE',  ( -4.749999999983629984, 15.91663984027692003, 14.68705086611622512 ) ) ;
#2248 = CARTESIAN_POINT ( 'NONE',  ( -6.249999999999915623, 9.376780408816342671, 13.99271775138990748 ) ) ;
#2249 = CARTESIAN_POINT ( 'NONE',  ( 5.737338772443792756, -12.69893645265139703, 13.82463228843150738 ) ) ;
#2250 = CARTESIAN_POINT ( 'NONE',  ( 6.250000000000000000, -13.45866802147664387, 11.55711707709324187 ) ) ;
#2251 = CARTESIAN_POINT ( 'NONE',  ( 5.235369751295182894, -12.39549258727594250, 13.99403209332624343 ) ) ;
#2252 = CARTESIAN_POINT ( 'NONE',  ( 6.249999999999999112, -4.373052982679794809, 9.444563809862323467 ) ) ;
#2253 = CARTESIAN_POINT ( 'NONE',  ( 6.154230850159120081, -13.63565780225385993, 12.98688222424654093 ) ) ;
#2254 = CARTESIAN_POINT ( 'NONE',  ( 4.750000000000002665, -12.81024621412793074, 1.096697795354171001 ) ) ;
#2255 = CARTESIAN_POINT ( 'NONE',  ( -6.249999999999997335, 9.680341525089065868, 12.47160932603072681 ) ) ;
#2256 = CARTESIAN_POINT ( 'NONE',  ( -6.240239059257596921, -13.32804305703391456, 12.85953671362856277 ) ) ;
#2257 = ORIENTED_EDGE ( 'NONE', *, *, #1917, .T. ) ;
#2258 = CARTESIAN_POINT ( 'NONE',  ( 6.250000000000000000, 19.84055212187666939, 8.278054234725640725 ) ) ;
#2259 = CARTESIAN_POINT ( 'NONE',  ( 4.249999999999999112, -4.291116900467717876, 8.925754884130443045 ) ) ;
#2260 = CARTESIAN_POINT ( 'NONE',  ( 4.750000000000000000, -4.268051749242218307, 10.94434875820993547 ) ) ;
#2261 = CARTESIAN_POINT ( 'NONE',  ( -5.666782881369075042, -14.27358223871157072, 13.17271905098852969 ) ) ;
#2262 = CARTESIAN_POINT ( 'NONE',  ( -6.249999999999998224, 8.899496031594503975, 12.04433348078760702 ) ) ;
#2263 = CARTESIAN_POINT ( 'NONE',  ( 6.250000000000000000, -13.14635990577688673, 12.78358858090372330 ) ) ;
#2264 = CARTESIAN_POINT ( 'NONE',  ( 6.250000000000417444, -13.19333686577347464, 1.860805203358691706 ) ) ;
#2265 = CARTESIAN_POINT ( 'NONE',  ( 4.250000000000000888, 3.427284837092985370, 9.356637056750331638 ) ) ;
#2266 = CARTESIAN_POINT ( 'NONE',  ( -6.211820243647183659, -12.96604063042073918, 13.07228646437202357 ) ) ;
#2267 = CARTESIAN_POINT ( 'NONE',  ( 5.932204623291785772, -13.31164984806354035, 13.68834761518508714 ) ) ;
#2268 = CARTESIAN_POINT ( 'NONE',  ( -6.211799413757241872, -13.46803771852582621, 12.89463556323680038 ) ) ;
#2269 = CARTESIAN_POINT ( 'NONE',  ( -5.655329526015367314, -12.92340199729199313, 13.98246384218420246 ) ) ;
#2270 = VECTOR ( 'NONE', #699, 1000.000000000000000 ) ;
#2271 = CARTESIAN_POINT ( 'NONE',  ( -4.250000000000001776, -12.86078288138836179, 12.03805939669290659 ) ) ;
#2272 = CARTESIAN_POINT ( 'NONE',  ( 6.250000000000000000, 6.845821909752609180, 10.97432406274686834 ) ) ;
#2273 = EDGE_CURVE ( 'NONE', #6, #2099, #686, .T. ) ;
#2274 = CARTESIAN_POINT ( 'NONE',  ( -4.750000000000000888, 8.503397018475178371, 13.54745150152145605 ) ) ;
#2275 = EDGE_LOOP ( 'NONE', ( #637, #1651, #2636, #1047 ) ) ;
#2276 = CARTESIAN_POINT ( 'NONE',  ( -4.750000000000000888, -15.02588170808414425, 10.44822564902680639 ) ) ;
#2277 = CARTESIAN_POINT ( 'NONE',  ( 4.750000000000000888, -14.89665559010725282, 8.841358891041961598 ) ) ;
#2278 = CARTESIAN_POINT ( 'NONE',  ( 4.750000000000000000, 13.81022185786428480, 15.34523672809283923 ) ) ;
#2279 = CARTESIAN_POINT ( 'NONE',  ( 6.250000000000000888, 8.177008804367009276, 11.63733847256146170 ) ) ;
#2280 = CARTESIAN_POINT ( 'NONE',  ( 6.154775592205594670, -12.86750027341103575, 13.23312716722503346 ) ) ;
#2281 = CARTESIAN_POINT ( 'NONE',  ( -6.250000000000000888, -13.22671260575432584, 12.83839033284157516 ) ) ;
#2282 = CARTESIAN_POINT ( 'NONE',  ( -5.369136786809461270, -14.40233053330360491, 13.32706209032045841 ) ) ;
#2283 = CARTESIAN_POINT ( 'NONE',  ( 4.250000000000000888, 4.804460345950376521, 9.718995656932689187 ) ) ;
#2284 = CARTESIAN_POINT ( 'NONE',  ( 6.250000000000000000, 6.131982866582342595, 10.68473433934096839 ) ) ;
#2285 = CARTESIAN_POINT ( 'NONE',  ( -6.249999999999987566, 14.45171030477921192, 15.27734319919182937 ) ) ;
#2286 = CARTESIAN_POINT ( 'NONE',  ( -6.250000000000000888, -14.96128849315548059, 9.366174313782812177 ) ) ;
#2287 = CARTESIAN_POINT ( 'NONE',  ( 6.250000000000000000, -12.98191945570259520, 6.657281869959999376 ) ) ;
#2288 = CARTESIAN_POINT ( 'NONE',  ( 6.250000000000082601, 15.60187242024706755, 14.81166251010542112 ) ) ;
#2289 = ORIENTED_EDGE ( 'NONE', *, *, #1230, .T. ) ;
#2290 = CARTESIAN_POINT ( 'NONE',  ( 4.250000000000000000, 1.330209559900409122, 9.010449160591807782 ) ) ;
#2291 = CARTESIAN_POINT ( 'NONE',  ( -6.249999999999896083, -12.46164380867583965, 14.11948164024185459 ) ) ;
#2292 = CARTESIAN_POINT ( 'NONE',  ( 6.097625435610857458, -13.76143066406108950, 13.03977378671525678 ) ) ;
#2293 = CARTESIAN_POINT ( 'NONE',  ( -6.240127957191065278, -13.32184315101089034, 12.87108387765757023 ) ) ;
#2294 = CARTESIAN_POINT ( 'NONE',  ( -5.399645386537661018, -13.41081301657829528, 14.18260727651298758 ) ) ;
#2295 = B_SPLINE_CURVE_WITH_KNOTS ( 'NONE', 3,
 ( #2245, #1441, #1409, #1850, #484, #2555, #269, #1165, #1180, #1197, #1392, #1151, #2837, #254, #2998, #2129, #934, #28, #45, #2777, #951, #1901 ),
 .UNSPECIFIED., .F., .F.,
 ( 4, 2, 2, 2, 2, 2, 2, 2, 2, 2, 4 ),
 ( -5.999999999714181431E-08, 0.0003994663148096780684, 0.0007989926296193532868, 0.001598045259238703832, 0.003196150518477402103, 0.004794255777716099724, 0.006392361036954798646, 0.007990466296193496701, 0.009588571555432192153, 0.01118667681467089108, 0.01278478207390959000 ),
 .UNSPECIFIED. ) ;
#2296 = CARTESIAN_POINT ( 'NONE',  ( -4.250000000000000888, -1.544303135053382681, 8.769509864872762961 ) ) ;
#2297 = CARTESIAN_POINT ( 'NONE',  ( 4.750000000000043521, 11.12717458790495506, 14.68054305384600866 ) ) ;
#2298 = B_SPLINE_CURVE_WITH_KNOTS ( 'NONE', 3,
 ( #1461, #1032, #1001, #1268, #792, #2635 ),
 .UNSPECIFIED., .F., .F.,
 ( 4, 1, 1, 4 ),
 ( 0.0000000000000000000, 0.3651335903963838780, 0.6042944818925908290, 1.000000000000000000 ),
 .UNSPECIFIED. ) ;
#2299 = CARTESIAN_POINT ( 'NONE',  ( -4.750000000000000888, 14.65069298938870901, 15.22722065767472621 ) ) ;
#2300 = CARTESIAN_POINT ( 'NONE',  ( -4.750000000000001776, 18.58171508907767588, 11.36928637252617769 ) ) ;
#2301 = CARTESIAN_POINT ( 'NONE',  ( -6.250000000000002665, -14.89665737297607606, 8.841372148363589645 ) ) ;
#2302 = CARTESIAN_POINT ( 'NONE',  ( 4.750000000000000888, 15.38744181461881766, 14.92640268187679276 ) ) ;
#2303 = CARTESIAN_POINT ( 'NONE',  ( 4.749999999999669598, -7.995197377265975902, 11.91151959151569173 ) ) ;
#2304 = CARTESIAN_POINT ( 'NONE',  ( 4.250000000000000000, -2.862872125534078105, 8.783645517710775508 ) ) ;
#2305 = CARTESIAN_POINT ( 'NONE',  ( 6.249999999999999112, -12.81718319300417441, 12.59187690620029976 ) ) ;
#2306 = CARTESIAN_POINT ( 'NONE',  ( 4.988483344197428337, -13.88964685486789996, 14.19024316474031089 ) ) ;
#2307 = CARTESIAN_POINT ( 'NONE',  ( -6.154791855429262881, -12.86609563845838977, 13.23230212318494559 ) ) ;
#2308 = ADVANCED_FACE ( 'NONE', ( #895 ), #2042, .T. ) ;
#2309 = CARTESIAN_POINT ( 'NONE',  ( -5.543939857484792455, -14.35143363114637438, 13.19959427165244392 ) ) ;
#2310 = B_SPLINE_CURVE_WITH_KNOTS ( 'NONE', 3,
 ( #2630, #596, #1964, #2884, #2161, #75, #1732, #1699, #2438, #1245, #1062, #1470, #316, #1486, #2193, #2900 ),
 .UNSPECIFIED., .F., .F.,
 ( 4, 2, 2, 2, 2, 2, 2, 4 ),
 ( 8.845388854693243284E-18, 0.001318902135404529437, 0.002637804270809049768, 0.003956706406213570532, 0.005275608541618090862, 0.007913412812427128920, 0.009232314947831648383, 0.01055121708323616785 ),
 .UNSPECIFIED. ) ;
#2311 = CARTESIAN_POINT ( 'NONE',  ( 4.250000000000000888, -13.01036106239050483, 10.12421577464426292 ) ) ;
#2312 = CARTESIAN_POINT ( 'NONE',  ( 6.250000000000001776, 11.91145269014329777, 13.36913848112096481 ) ) ;
#2313 = PRESENTATION_LAYER_ASSIGNMENT (  '', '', ( #1192 ) ) ;
#2314 = CARTESIAN_POINT ( 'NONE',  ( -6.250000000000000888, 13.43029021921336863, 15.32255855257637123 ) ) ;
#2315 = CARTESIAN_POINT ( 'NONE',  ( 5.880493427278643992, -14.08485856461272334, 13.10459682522890468 ) ) ;
#2316 = CARTESIAN_POINT ( 'NONE',  ( -4.750000000000000888, -14.53642576851883739, 13.35135363814191756 ) ) ;
#2317 = CARTESIAN_POINT ( 'NONE',  ( 6.250000000000002665, 16.59368589634842905, 14.16777875426422284 ) ) ;
#2318 = CARTESIAN_POINT ( 'NONE',  ( 4.750000000000000000, -11.67935183255533538, 13.66434665863847187 ) ) ;
#2319 = CARTESIAN_POINT ( 'NONE',  ( -6.250000000000000000, -13.32112128057459444, 12.86921369837124907 ) ) ;
#2320 = CARTESIAN_POINT ( 'NONE',  ( 4.990938298374777204, -14.29399732435175707, 13.79128863076972600 ) ) ;
#2321 = CARTESIAN_POINT ( 'NONE',  ( -6.150225611355369715, -13.39339993633030268, 13.23170557223256516 ) ) ;
#2322 = CARTESIAN_POINT ( 'NONE',  ( -5.414798180148880036, -14.41946364242634893, 13.22307903547922514 ) ) ;
#2323 = EDGE_CURVE ( 'NONE', #991, #1885, #1573, .T. ) ;
#2324 = CARTESIAN_POINT ( 'NONE',  ( 4.249999999999999112, -12.43050067534553804, 6.450380835708981131 ) ) ;
#2325 = CARTESIAN_POINT ( 'NONE',  ( 6.167970080396590227, -13.43664101381782849, 13.15112707391013736 ) ) ;
#2326 = CARTESIAN_POINT ( 'NONE',  ( 4.750000000000000888, 10.85390173767108912, 14.58177173972377716 ) ) ;
#2327 = VECTOR ( 'NONE', #372, 1000.000000000000000 ) ;
#2328 = CARTESIAN_POINT ( 'NONE',  ( 6.250000000000001776, -12.88159330880889542, 6.150045279623157946 ) ) ;
#2329 = CARTESIAN_POINT ( 'NONE',  ( 4.799367386864871854, -14.56711001467210309, 13.26954825041139152 ) ) ;
#2330 = CARTESIAN_POINT ( 'NONE',  ( -4.749999999999988454, 14.45171030780187316, 15.27734321491936953 ) ) ;
#2331 = CARTESIAN_POINT ( 'NONE',  ( -4.250000000000000000, -9.490105119885406282, -5.605918286800371853 ) ) ;
#2332 =( BOUNDED_SURFACE ( )  B_SPLINE_SURFACE ( 3, 2, ( 
 ( #887, #1590, #2744 ),
 ( #1818, #2344, #876 ),
 ( #1088, #666, #2523 ),
 ( #1830, #2264, #2758 ),
 ( #1413, #1347, #1792 ),
 ( #2498, #205, #1105 ),
 ( #1129, #1337, #2023 ),
 ( #678, #1641, #413 ),
 ( #1886, #435, #2716 ),
 ( #1361, #2573, #489 ),
 ( #257, #2942, #166 ),
 ( #2287, #900, #2978 ),
 ( #194, #2059, #181 ),
 ( #1182, #2036, #424 ),
 ( #2955, #2115, #31 ),
 ( #1807, #2734, #2277 ),
 ( #954, #2810, #732 ),
 ( #1656, #2588, #655 ),
 ( #1579, #2511, #1319 ),
 ( #2250, #860, #2046 ),
 ( #641, #1119, #1565 ),
 ( #2966, #746, #1685 ),
 ( #2649, #2373, #2616 ),
 ( #304, #109, #534 ),
 ( #1030, #1458, #1949 ),
 ( #1013, #1428, #2131 ),
 ( #566, #2391, #2870 ),
 ( #1442, #1489, #2358 ),
 ( #1967, #549, #789 ),
 ( #271, #1718, #48 ) ),
 .UNSPECIFIED., .F., .F., .F. ) 
 B_SPLINE_SURFACE_WITH_KNOTS ( ( 4, 2, 2, 2, 2, 2, 2, 2, 2, 2, 2, 2, 2, 2, 4 ),
 ( 3, 3 ),
 ( 0.0000000000000000000, 0.0007210003405528601786, 0.001442000681105720357, 0.002884001362211440714, 0.004326002043317161289, 0.005047002383870020925, 0.005768002724422881429, 0.007210003405528601569, 0.008652004086634322577, 0.01009400476774004185, 0.01045450493801647167, 0.01081500510829290149, 0.01117550527856933304, 0.01135575536370754882, 0.01153600544884576286 ),
 ( 0.0000000000000000000, 1.000000000000000000 ),
 .UNSPECIFIED. ) 
 GEOMETRIC_REPRESENTATION_ITEM ( )  RATIONAL_B_SPLINE_SURFACE ( (
 ( 1.000000000000000000, 0.7071067811865475727, 1.000000000000000000),
 ( 1.000000000000000000, 0.7071067811865475727, 1.000000000000000000),
 ( 1.000000000000000000, 0.7071067811865477948, 1.000000000000000000),
 ( 1.000000000000000000, 0.7071067811865477948, 1.000000000000000000),
 ( 1.000000000000000000, 0.7071067811865475727, 1.000000000000000000),
 ( 1.000000000000000000, 0.7071067811865475727, 1.000000000000000000),
 ( 1.000000000000000000, 0.7071067811865475727, 1.000000000000000000),
 ( 1.000000000000000000, 0.7071067811865475727, 1.000000000000000000),
 ( 1.000000000000000000, 0.7071067811865475727, 1.000000000000000000),
 ( 1.000000000000000000, 0.7071067811865475727, 1.000000000000000000),
 ( 1.000000000000000000, 0.7071067811865475727, 1.000000000000000000),
 ( 1.000000000000000000, 0.7071067811865475727, 1.000000000000000000),
 ( 1.000000000000000000, 0.7071067811865476838, 1.000000000000000000),
 ( 1.000000000000000000, 0.7071067811865476838, 1.000000000000000000),
 ( 1.000000000000000000, 0.7071067811865475727, 1.000000000000000000),
 ( 1.000000000000000000, 0.7071067811865475727, 1.000000000000000000),
 ( 1.000000000000000000, 0.7071067811865475727, 1.000000000000000000),
 ( 1.000000000000000000, 0.7071067811865475727, 1.000000000000000000),
 ( 1.000000000000000000, 0.7071067811865475727, 1.000000000000000000),
 ( 1.000000000000000000, 0.7071067811865475727, 1.000000000000000000),
 ( 1.000000000000000000, 0.7071067811865480168, 1.000000000000000000),
 ( 1.000000000000000000, 0.7071067811865480168, 1.000000000000000000),
 ( 1.000000000000000000, 0.7071067811865476838, 1.000000000000000000),
 ( 1.000000000000000000, 0.7071067811865476838, 1.000000000000000000),
 ( 1.000000000000000000, 0.7071067811865476838, 1.000000000000000000),
 ( 1.000000000000000000, 0.7071067811865476838, 1.000000000000000000),
 ( 1.000000000000000000, 0.7071067811865475727, 1.000000000000000000),
 ( 1.000000000000000000, 0.7071067811865475727, 1.000000000000000000),
 ( 1.000000000000000000, 0.7071067811865476838, 1.000000000000000000),
 ( 1.000000000000000000, 0.7071067811865476838, 1.000000000000000000) ) ) 
 REPRESENTATION_ITEM ( '' )  SURFACE ( )  );
#2333 = CARTESIAN_POINT ( 'NONE',  ( -6.250000000000208722, -14.50039375398021413, 6.599717166076558783 ) ) ;
#2334 = CARTESIAN_POINT ( 'NONE',  ( 6.249999999999502620, 19.54257811033999914, 8.908376659692837762 ) ) ;
#2335 = ORIENTED_EDGE ( 'NONE', *, *, #1150, .T. ) ;
#2336 = CARTESIAN_POINT ( 'NONE',  ( -6.250000000000000888, -12.72804615336320921, 14.24719685866434382 ) ) ;
#2337 = CARTESIAN_POINT ( 'NONE',  ( 5.370632458038660850, -14.44065668055887386, 13.22629559108090547 ) ) ;
#2338 = CARTESIAN_POINT ( 'NONE',  ( -6.168618569297732002, -13.04352874375574345, 13.25202185195268356 ) ) ;
#2339 = CARTESIAN_POINT ( 'NONE',  ( -4.943691767014787963, -14.35770344982107716, 13.70030340785355349 ) ) ;
#2340 = CARTESIAN_POINT ( 'NONE',  ( 4.250000000000000000, -12.86078288138836179, 12.03805939669289948 ) ) ;
#2341 = CARTESIAN_POINT ( 'NONE',  ( 6.239974177016714307, -13.30643454524234848, 12.89230729796812547 ) ) ;
#2342 = CARTESIAN_POINT ( 'NONE',  ( 6.250000000000000000, 12.46077173100770885, 13.56059262050909275 ) ) ;
#2343 = EDGE_CURVE ( 'NONE', #2474, #1051, #444, .T. ) ;
#2344 = CARTESIAN_POINT ( 'NONE',  ( 6.250000000001270095, -12.81221154047949895, 1.099942578222379952 ) ) ;
#2345 = CARTESIAN_POINT ( 'NONE',  ( 6.250000000000000000, -8.715900501990764937, -4.890216078419009627 ) ) ;
#2346 = CARTESIAN_POINT ( 'NONE',  ( 4.799368362079926342, -14.37028868222602895, 13.70287295831832530 ) ) ;
#2347 = CARTESIAN_POINT ( 'NONE',  ( -6.250000000000000000, 18.09163356070686746, 8.486540267542224569 ) ) ;
#2348 = CARTESIAN_POINT ( 'NONE',  ( -4.250000000000003553, 10.22423746225457464, 12.18475339902692944 ) ) ;
#2349 = CARTESIAN_POINT ( 'NONE',  ( 4.547577592273199798E-11, -12.86078288138836179, 12.03805939669290659 ) ) ;
#2350 = CARTESIAN_POINT ( 'NONE',  ( 4.750000000000083489, 17.45886369222453638, 13.32607396940423961 ) ) ;
#2351 = CARTESIAN_POINT ( 'NONE',  ( -4.750000000000000888, -12.71710386547796467, 14.24227847703321359 ) ) ;
#2352 = CARTESIAN_POINT ( 'NONE',  ( 4.995036201942391507, -12.46940257986237555, 14.10199705943758985 ) ) ;
#2353 = CARTESIAN_POINT ( 'NONE',  ( -6.171044706879900588, -13.59182594471821659, 12.97006335554422485 ) ) ;
#2354 = ORIENTED_EDGE ( 'NONE', *, *, #2444, .F. ) ;
#2355 = CARTESIAN_POINT ( 'NONE',  ( -4.991832054032161459, -14.35168696241365005, 13.69557361660557682 ) ) ;
#2356 = LINE ( 'NONE', #226, #2270 ) ;
#2357 = CARTESIAN_POINT ( 'NONE',  ( 6.239810083145539643, -13.27517833761936217, 12.92132136609616566 ) ) ;
#2358 = CARTESIAN_POINT ( 'NONE',  ( 4.749999999999975131, -14.56459134876537931, 13.27757564505591326 ) ) ;
#2359 = CARTESIAN_POINT ( 'NONE',  ( 6.250000000000001776, -13.43099702039300247, 8.986274178451770567 ) ) ;
#2360 = CARTESIAN_POINT ( 'NONE',  ( -4.750000000000000888, 18.39345745728747517, 11.78312472502280706 ) ) ;
#2361 = CARTESIAN_POINT ( 'NONE',  ( -4.250000000000000000, -5.996575690540802306, 9.225280825627590886 ) ) ;
#2362 = EDGE_CURVE ( 'NONE', #1885, #948, #2295, .T. ) ;
#2363 = CARTESIAN_POINT ( 'NONE',  ( 4.250000000000002665, -11.36297945871884174, 2.651934226378471759 ) ) ;
#2364 = CARTESIAN_POINT ( 'NONE',  ( 4.750000000000000888, 12.19944945199648600, 15.05318795390769360 ) ) ;
#2365 = CARTESIAN_POINT ( 'NONE',  ( -4.749999999999002576, 1.078007501544404612, 10.98891525710179451 ) ) ;
#2366 = CARTESIAN_POINT ( 'NONE',  ( 5.356227128166548113, -13.82636671283102103, 14.06146414367660746 ) ) ;
#2367 = CARTESIAN_POINT ( 'NONE',  ( -6.097647606046508351, -13.76068258064148253, 13.04149330240656823 ) ) ;
#2368 = ORIENTED_EDGE ( 'NONE', *, *, #19, .F. ) ;
#2369 = CARTESIAN_POINT ( 'NONE',  ( -5.129647003152530083, -13.43956985610910593, 14.31265374832053716 ) ) ;
#2370 = CARTESIAN_POINT ( 'NONE',  ( -5.501486312610285090, -12.45718813778876566, 13.88697827882279512 ) ) ;
#2371 = CARTESIAN_POINT ( 'NONE',  ( -6.249999999999998224, -10.46990256115501161, 11.32915053914602055 ) ) ;
#2372 = CARTESIAN_POINT ( 'NONE',  ( -4.250000000000001776, -12.48002697917808845, 6.697549009249761376 ) ) ;
#2373 = CARTESIAN_POINT ( 'NONE',  ( 6.250000000000000000, -14.84074956144787372, 12.36128105430072743 ) ) ;
#2374 = CARTESIAN_POINT ( 'NONE',  ( 4.750000000000000888, -10.07353761039129303, -3.421603984674083332 ) ) ;
#2375 = CARTESIAN_POINT ( 'NONE',  ( -4.749999999999918288, 17.69841716798084263, 13.01661760306965121 ) ) ;
#2376 = CARTESIAN_POINT ( 'NONE',  ( -4.250000000000000000, 6.443639984588955372, 10.26445844681141750 ) ) ;
#2377 = VERTEX_POINT ( 'NONE', #967 ) ;
#2378 = LINE ( 'NONE', #2827, #2436 ) ;
#2379 = CARTESIAN_POINT ( 'NONE',  ( 6.250000000000000000, 14.07458501192172129, 13.82254970633538349 ) ) ;
#2380 = VECTOR ( 'NONE', #959, 1000.000000000000000 ) ;
#2381 = CARTESIAN_POINT ( 'NONE',  ( -6.250000000000000000, -1.777651037848434701, 9.276741720715465433 ) ) ;
#2382 = CARTESIAN_POINT ( 'NONE',  ( 5.528141918440202751, -13.68471292196350042, 14.00645221922207462 ) ) ;
#2383 = VECTOR ( 'NONE', #2969, 1000.000000000000000 ) ;
#2384 = CARTESIAN_POINT ( 'NONE',  ( -5.740386130075973981, -12.61821506830415274, 13.78427219539192805 ) ) ;
#2385 = ORIENTED_EDGE ( 'NONE', *, *, #1550, .F. ) ;
#2386 = CARTESIAN_POINT ( 'NONE',  ( -5.133721896046902877, -14.26901150614791547, 13.77193963651923347 ) ) ;
#2387 = CARTESIAN_POINT ( 'NONE',  ( -4.750000000000000888, -0.8876805065968291775, 10.81350074792701221 ) ) ;
#2388 = CARTESIAN_POINT ( 'NONE',  ( -6.250000000000000000, 0.5552133216911169233, 9.415128078173228943 ) ) ;
#2389 = CARTESIAN_POINT ( 'NONE',  ( 6.250000000000000000, -2.164108934521051353, 10.79288424740463803 ) ) ;
#2390 =( BOUNDED_SURFACE ( )  B_SPLINE_SURFACE ( 3, 2, ( 
 ( #345, #2700, #2480 ),
 ( #180, #148, #1743 ),
 ( #165, #1564, #2035 ),
 ( #1038, #2954, #1531 ),
 ( #622, #134, #2715 ),
 ( #2940, #859, #395 ),
 ( #1791, #639, #1072 ),
 ( #1055, #1974, #874 ),
 ( #1759, #1806, #2733 ),
 ( #814, #654, #2673 ),
 ( #829, #2909, #2687 ),
 ( #606, #247, #942 ),
 ( #2522, #2333, #899 ),
 ( #1829, #434, #2535 ),
 ( #927, #913, #1589 ),
 ( #20, #2301, #2088 ),
 ( #886, #2286, #448 ),
 ( #2276, #193, #1385 ),
 ( #1601, #2548, #1614 ),
 ( #4, #1859, #665 ),
 ( #2104, #1142, #2965 ),
 ( #2784, #706, #2757 ),
 ( #1346, #423, #1400 ),
 ( #1628, #2058, #1372 ),
 ( #1874, #677, #1359 ),
 ( #2799, #1578, #1172 ),
 ( #2510, #2770, #204 ),
 ( #1117, #2045, #217 ),
 ( #2316, #231, #2072 ),
 ( #1128, #1817, #2562 ) ),
 .UNSPECIFIED., .F., .F., .F. ) 
 B_SPLINE_SURFACE_WITH_KNOTS ( ( 4, 2, 2, 2, 2, 2, 2, 2, 2, 2, 2, 2, 2, 2, 4 ),
 ( 3, 3 ),
 ( 0.0000000000000000000, 0.0007210014905923620675, 0.001442002981184724135, 0.002884005962369448270, 0.004326008943554172405, 0.005047010434146534039, 0.005768011924738896540, 0.007210014905923620675, 0.008652017887108344810, 0.01009402086829306808, 0.01045452161358925020, 0.01081502235888543058, 0.01117552310418161096, 0.01135577347682970202, 0.01153602384947779308 ),
 ( 0.0000000000000000000, 1.000000000000000000 ),
 .UNSPECIFIED. ) 
 GEOMETRIC_REPRESENTATION_ITEM ( )  RATIONAL_B_SPLINE_SURFACE ( (
 ( 1.000000000000000000, 0.7071067811865475727, 1.000000000000000000),
 ( 1.000000000000000000, 0.7071067811865475727, 1.000000000000000000),
 ( 1.000000000000000000, 0.7071067811865476838, 1.000000000000000000),
 ( 1.000000000000000000, 0.7071067811865476838, 1.000000000000000000),
 ( 1.000000000000000000, 0.7071067811865473507, 1.000000000000000000),
 ( 1.000000000000000000, 0.7071067811865473507, 1.000000000000000000),
 ( 1.000000000000000000, 0.7071067811865471286, 1.000000000000000000),
 ( 1.000000000000000000, 0.7071067811865471286, 1.000000000000000000),
 ( 1.000000000000000000, 0.7071067811865476838, 1.000000000000000000),
 ( 1.000000000000000000, 0.7071067811865476838, 1.000000000000000000),
 ( 1.000000000000000000, 0.7071067811865475727, 1.000000000000000000),
 ( 1.000000000000000000, 0.7071067811865475727, 1.000000000000000000),
 ( 1.000000000000000000, 0.7071067811865479058, 1.000000000000000000),
 ( 1.000000000000000000, 0.7071067811865479058, 1.000000000000000000),
 ( 1.000000000000000000, 0.7071067811865471286, 1.000000000000000000),
 ( 1.000000000000000000, 0.7071067811865471286, 1.000000000000000000),
 ( 1.000000000000000000, 0.7071067811865475727, 1.000000000000000000),
 ( 1.000000000000000000, 0.7071067811865475727, 1.000000000000000000),
 ( 1.000000000000000000, 0.7071067811865475727, 1.000000000000000000),
 ( 1.000000000000000000, 0.7071067811865475727, 1.000000000000000000),
 ( 1.000000000000000000, 0.7071067811865473507, 1.000000000000000000),
 ( 1.000000000000000000, 0.7071067811865473507, 1.000000000000000000),
 ( 1.000000000000000000, 0.7071067811865471286, 1.000000000000000000),
 ( 1.000000000000000000, 0.7071067811865471286, 1.000000000000000000),
 ( 1.000000000000000000, 0.7071067811865479058, 1.000000000000000000),
 ( 1.000000000000000000, 0.7071067811865479058, 1.000000000000000000),
 ( 1.000000000000000000, 0.7071067811865477948, 1.000000000000000000),
 ( 1.000000000000000000, 0.7071067811865477948, 1.000000000000000000),
 ( 1.000000000000000000, 0.7071067811865471286, 1.000000000000000000),
 ( 1.000000000000000000, 0.7071067811865471286, 1.000000000000000000) ) ) 
 REPRESENTATION_ITEM ( '' )  SURFACE ( )  );
#2391 = CARTESIAN_POINT ( 'NONE',  ( 6.250000000000052403, -14.62066216515295380, 13.12674590140161079 ) ) ;
#2392 = CARTESIAN_POINT ( 'NONE',  ( 6.250000000000000000, -13.32117496455041206, 12.86921561998685348 ) ) ;
#2393 = CARTESIAN_POINT ( 'NONE',  ( -4.750000000000000888, 18.20480431750357653, 12.18841118834779103 ) ) ;
#2394 = DIRECTION ( 'NONE',  ( -1.000000000000000000, -0.0000000000000000000, -0.0000000000000000000 ) ) ;
#2395 = EDGE_LOOP ( 'NONE', ( #2653, #2368, #267, #726 ) ) ;
#2396 = CARTESIAN_POINT ( 'NONE',  ( 6.250000000000042633, 15.01614290929866158, 15.10015870667725579 ) ) ;
#2397 = CARTESIAN_POINT ( 'NONE',  ( -6.250000000000000888, 0.3569814201049802405, 10.90295290613350332 ) ) ;
#2398 = CARTESIAN_POINT ( 'NONE',  ( 5.529968420570663845, -13.93836492686875950, 13.84551531008723479 ) ) ;
#2399 = CARTESIAN_POINT ( 'NONE',  ( -5.730040206022493088, -13.90645289389675732, 13.65121745021284383 ) ) ;
#2400 = CARTESIAN_POINT ( 'NONE',  ( -4.993314659188783367, -12.57259140117202989, 14.15636402630994617 ) ) ;
#2401 = LINE ( 'NONE', #330, #1216 ) ;
#2402 = CARTESIAN_POINT ( 'NONE',  ( -4.250000000000001776, -11.13803967863962363, 2.212747920386421985 ) ) ;
#2403 = CARTESIAN_POINT ( 'NONE',  ( 4.799370800117563007, -13.45518645564675531, 14.36847388578845575 ) ) ;
#2404 = CARTESIAN_POINT ( 'NONE',  ( 6.250000000000000000, 14.72824193998076581, 9.957426734848230154 ) ) ;
#2405 = DIRECTION ( 'NONE',  ( -1.000000000000000000, 0.0000000000000000000, 0.0000000000000000000 ) ) ;
#2406 = CARTESIAN_POINT ( 'NONE',  ( 6.250000000000000000, -10.63402665632317046, 11.40691086803948195 ) ) ;
#2407 = CARTESIAN_POINT ( 'NONE',  ( -6.249999999999834799, 16.58963140991576779, 14.17091552405892330 ) ) ;
#2408 = PRESENTATION_STYLE_ASSIGNMENT (( #2180 ) ) ;
#2409 = EDGE_LOOP ( 'NONE', ( #1845, #66, #1227, #1194 ) ) ;
#2410 = CARTESIAN_POINT ( 'NONE',  ( 6.250000000000000888, 14.51569413965942346, 15.26292142310361122 ) ) ;
#2411 = CARTESIAN_POINT ( 'NONE',  ( -6.250000000000334843, -3.214750468797953786, 10.83378546665394460 ) ) ;
#2412 = CARTESIAN_POINT ( 'NONE',  ( 5.653908091812451353, -13.95199380376555176, 13.70398760913334435 ) ) ;
#2413 = VECTOR ( 'NONE', #803, 1000.000000000000000 ) ;
#2414 = CARTESIAN_POINT ( 'NONE',  ( -5.936336378301207972, -13.85218142213166814, 13.36890373289934075 ) ) ;
#2415 = CARTESIAN_POINT ( 'NONE',  ( 6.211140555670279895, -13.00674710490140740, 13.09347670557894538 ) ) ;
#2416 = CARTESIAN_POINT ( 'NONE',  ( -4.846374397028960779, -12.89044133494885713, 14.31657993770411963 ) ) ;
#2417 = CARTESIAN_POINT ( 'NONE',  ( 6.211812944364219824, -12.96694356340023901, 13.07281857174415052 ) ) ;
#2418 = CARTESIAN_POINT ( 'NONE',  ( 4.250000000000000000, -7.517027009737734744, -3.781934900364689600 ) ) ;
#2419 = CARTESIAN_POINT ( 'NONE',  ( -6.250000000000000888, -12.81725382640286881, 12.59191912631895427 ) ) ;
#2420 = CARTESIAN_POINT ( 'NONE',  ( -4.750000000000001776, -15.01525165267675632, 10.35437390916182387 ) ) ;
#2421 = EDGE_CURVE ( 'NONE', #80, #2005, #470, .T. ) ;
#2422 = CARTESIAN_POINT ( 'NONE',  ( 4.946983161822298136, -14.55545888814725863, 13.26556304741196790 ) ) ;
#2423 = CARTESIAN_POINT ( 'NONE',  ( -4.250000000000001776, 11.21099267591272408, 12.58285362314524036 ) ) ;
#2424 = CARTESIAN_POINT ( 'NONE',  ( 6.250000000000001776, -12.66850012677283033, 14.22042969518485656 ) ) ;
#2425 = CARTESIAN_POINT ( 'NONE',  ( -6.250000000000000888, 19.73649153119975352, 8.490136236414048909 ) ) ;
#2426 = CARTESIAN_POINT ( 'NONE',  ( 6.250000000000000000, -13.47562286744244631, -6.566612261936166206 ) ) ;
#2427 = ORIENTED_EDGE ( 'NONE', *, *, #114, .T. ) ;
#2428 = CARTESIAN_POINT ( 'NONE',  ( -6.250000000000000000, 0.5145804595012346550, 9.410514178232663340 ) ) ;
#2429 = CARTESIAN_POINT ( 'NONE',  ( 5.400015738869653248, -13.81486816658950012, 14.03814820495920301 ) ) ;
#2430 = CARTESIAN_POINT ( 'NONE',  ( -5.880582178236520186, -12.62078785263026859, 13.62504903516630073 ) ) ;
#2431 = CARTESIAN_POINT ( 'NONE',  ( 6.249999999999999112, -13.22198101810285031, 12.84320176436282246 ) ) ;
#2432 = CARTESIAN_POINT ( 'NONE',  ( -6.250000000000000000, -8.949320015015642227, -2.382337365599187073 ) ) ;
#2433 = CARTESIAN_POINT ( 'NONE',  ( 5.140848760654683325, -12.38034654283985070, 14.01844843263787865 ) ) ;
#2434 = CARTESIAN_POINT ( 'NONE',  ( -4.750000000000000000, 4.097680322353006943, 11.58965744298522971 ) ) ;
#2435 = CARTESIAN_POINT ( 'NONE',  ( -4.750000000000000000, 15.43394171767801559, 14.90484732648616628 ) ) ;
#2436 = VECTOR ( 'NONE', #36, 1000.000000000000114 ) ;
#2437 = CARTESIAN_POINT ( 'NONE',  ( 6.250000000000000000, -8.949320015015642227, -2.382337365599186185 ) ) ;
#2438 = CARTESIAN_POINT ( 'NONE',  ( -4.250000000000000000, -12.59543584118043213, 7.273425578539500336 ) ) ;
#2439 = CARTESIAN_POINT ( 'NONE',  ( 4.995840716618978661, -14.54852431338464491, 13.26319111469930512 ) ) ;
#2440 = CARTESIAN_POINT ( 'NONE',  ( -4.750000000000000888, 19.79843382984223865, 8.363882134742819829 ) ) ;
#2441 = CARTESIAN_POINT ( 'NONE',  ( 6.250000000000000000, -12.91875081913049073, 12.65286807900630706 ) ) ;
#2442 = FILL_AREA_STYLE ('',( #602 ) ) ;
#2443 = ORIENTED_EDGE ( 'NONE', *, *, #2221, .T. ) ;
#2444 = EDGE_CURVE ( 'NONE', #2099, #1953, #2356, .T. ) ;
#2445 = EDGE_LOOP ( 'NONE', ( #1523, #2732 ) ) ;
#2446 = CARTESIAN_POINT ( 'NONE',  ( -6.250000000000000000, 9.664646629133885725, 12.46249843577160199 ) ) ;
#2447 = CARTESIAN_POINT ( 'NONE',  ( 5.409890305843395808, -12.62245698838105845, 14.02960668199949978 ) ) ;
#2448 = CARTESIAN_POINT ( 'NONE',  ( -5.727568099335761609, -13.69549201526027993, 13.80786496800010354 ) ) ;
#2449 = CARTESIAN_POINT ( 'NONE',  ( 6.249999999999999112, -13.16238299614779983, 12.87435817719141795 ) ) ;
#2450 = CARTESIAN_POINT ( 'NONE',  ( -4.749999999983628207, -14.30746947917266887, 13.80714838273714840 ) ) ;
#2451 = FACE_OUTER_BOUND ( 'NONE', #2409, .T. ) ;
#2452 = CARTESIAN_POINT ( 'NONE',  ( 6.250000000000000888, 18.06024879573401165, 8.502861880872874423 ) ) ;
#2453 = CARTESIAN_POINT ( 'NONE',  ( 4.750000000000002665, -4.276534977829363093, 10.67990469265326503 ) ) ;
#2454 = FACE_OUTER_BOUND ( 'NONE', #2074, .T. ) ;
#2455 = DIRECTION ( 'NONE',  ( 1.000000000000000000, 0.0000000000000000000, 0.0000000000000000000 ) ) ;
#2456 = CARTESIAN_POINT ( 'NONE',  ( -4.250000000000000000, -10.94643134796799799, 1.880006493288146618 ) ) ;
#2457 = ORIENTED_EDGE ( 'NONE', *, *, #1040, .T. ) ;
#2458 = CARTESIAN_POINT ( 'NONE',  ( -4.250000000000000000, -7.517027009737734744, -3.781934900364689600 ) ) ;
#2459 = CARTESIAN_POINT ( 'NONE',  ( 4.750000000000000888, 2.504266258841354453, 11.22028468506215759 ) ) ;
#2460 = CARTESIAN_POINT ( 'NONE',  ( 6.249999999999999112, -9.984655084147718185, 12.75975918884970639 ) ) ;
#2461 = ADVANCED_FACE ( 'NONE', ( #1425 ), #1083, .T. ) ;
#2462 = CARTESIAN_POINT ( 'NONE',  ( -6.250000000000079936, 9.074454074139058690, 13.84546518165476847 ) ) ;
#2463 = CARTESIAN_POINT ( 'NONE',  ( 5.867304643143353537, -13.40546963804874281, 13.75449293692678765 ) ) ;
#2464 = CARTESIAN_POINT ( 'NONE',  ( 6.250000000000000000, -13.14635990577688673, 12.78358858090372330 ) ) ;
#2465 = CARTESIAN_POINT ( 'NONE',  ( -4.845494737993340628, -13.45063577910513786, 14.36686598325597330 ) ) ;
#2466 = CARTESIAN_POINT ( 'NONE',  ( 5.501442897793562103, -12.46067004989550853, 13.88896208316584513 ) ) ;
#2467 = CARTESIAN_POINT ( 'NONE',  ( 6.249999999999999112, 14.03726274892545867, 13.83050920854341648 ) ) ;
#2468 = CARTESIAN_POINT ( 'NONE',  ( 6.091418196586606548, -13.31262341691710738, 13.41237695431309085 ) ) ;
#2469 = DIRECTION ( 'NONE',  ( 0.0000000000000000000, 0.0000000000000000000, -1.000000000000000000 ) ) ;
#2470 = CARTESIAN_POINT ( 'NONE',  ( -4.749999999983629095, -13.24476770533805592, 14.49737870567642517 ) ) ;
#2471 = CARTESIAN_POINT ( 'NONE',  ( -6.250000000000000888, -13.21068634547670229, 12.85261240572680919 ) ) ;
#2472 = ORIENTED_EDGE ( 'NONE', *, *, #661, .F. ) ;
#2473 = DIRECTION ( 'NONE',  ( 0.0000000000000000000, -0.4339065333998636809, 0.9009578903993865628 ) ) ;
#2474 = VERTEX_POINT ( 'NONE', #303 ) ;
#2475 = CARTESIAN_POINT ( 'NONE',  ( -4.249999999999999112, 10.99349662601319544, 12.50231611147443900 ) ) ;
#2476 = CARTESIAN_POINT ( 'NONE',  ( 4.749999999999668709, 0.3594618237192814814, 10.90321021888833464 ) ) ;
#2477 = CARTESIAN_POINT ( 'NONE',  ( 4.750000000000002665, 15.91663984027692003, 14.68705086611622512 ) ) ;
#2478 = CARTESIAN_POINT ( 'NONE',  ( -6.250000000000000888, 8.503397014996968650, 13.54745150815901766 ) ) ;
#2479 = CARTESIAN_POINT ( 'NONE',  ( 5.937376862640827646, -13.89421245532169458, 13.31250888776254904 ) ) ;
#2480 = CARTESIAN_POINT ( 'NONE',  ( -6.250000000000000000, -11.37409973011871323, 1.620970289431250988 ) ) ;
#2481 = CARTESIAN_POINT ( 'NONE',  ( -4.799503169266991165, -12.45693528502206071, 14.11747271185316244 ) ) ;
#2482 = CARTESIAN_POINT ( 'NONE',  ( 4.249999999999998224, 10.22423746225457464, 12.18475339902692944 ) ) ;
#2483 = CARTESIAN_POINT ( 'NONE',  ( 6.250000000000000000, -1.706406048109107898, 9.277764698877136951 ) ) ;
#2484 = CARTESIAN_POINT ( 'NONE',  ( 6.046814655521641768, -13.72697579006074342, 13.25549219850427285 ) ) ;
#2485 = CARTESIAN_POINT ( 'NONE',  ( -4.750000000000000000, 12.60942785348697370, 15.17928526179997561 ) ) ;
#2486 = CARTESIAN_POINT ( 'NONE',  ( -6.250000000000000888, 16.36871682099679148, 12.29165649269715388 ) ) ;
#2487 = CARTESIAN_POINT ( 'NONE',  ( -6.239705783664735605, -13.22199982514947436, 12.95154534835786819 ) ) ;
#2488 = ORIENTED_EDGE ( 'NONE', *, *, #1412, .T. ) ;
#2489 = CARTESIAN_POINT ( 'NONE',  ( 6.250000000000249578, 19.64731487577747160, 8.677189585418286555 ) ) ;
#2490 = CARTESIAN_POINT ( 'NONE',  ( 4.250000000000000000, 3.757517900887561435, 9.447816475098068878 ) ) ;
#2491 =( NAMED_UNIT ( * ) SI_UNIT ( $, .STERADIAN. ) SOLID_ANGLE_UNIT ( ) );
#2492 = CARTESIAN_POINT ( 'NONE',  ( 6.250000000000664357, -1.072734850992225653, 10.79707015060073338 ) ) ;
#2493 = CARTESIAN_POINT ( 'NONE',  ( -4.749999999983629984, 13.84441608143447411, 15.68054719046056711 ) ) ;
#2494 = CARTESIAN_POINT ( 'NONE',  ( -6.250000000000039080, 11.12272901680580262, 14.67893309610671082 ) ) ;
#2495 = CARTESIAN_POINT ( 'NONE',  ( 5.867404311207859990, -13.55448623877593484, 13.70094459613142313 ) ) ;
#2496 = UNCERTAINTY_MEASURE_WITH_UNIT (LENGTH_MEASURE( 1.000000000000000082E-05 ), #1473, 'distance_accuracy_value', 'NONE');
#2497 = CARTESIAN_POINT ( 'NONE',  ( 6.249999999999999112, -13.16985611917096399, 12.87234799190276568 ) ) ;
#2498 = CARTESIAN_POINT ( 'NONE',  ( 6.250000000000000000, -12.18461916358515218, 3.369379295602186630 ) ) ;
#2499 = CARTESIAN_POINT ( 'NONE',  ( 4.750000000000000888, 14.38655513738135028, 15.29637739053497469 ) ) ;
#2500 = CARTESIAN_POINT ( 'NONE',  ( 6.250000000000001776, 13.08597620235031300, 13.74369563432471963 ) ) ;
#2501 = CARTESIAN_POINT ( 'NONE',  ( 5.939987909637067354, -12.77928170726168311, 13.62260898638470863 ) ) ;
#2502 = CARTESIAN_POINT ( 'NONE',  ( -6.239818143845297094, -13.27476596621388971, 12.92169056756509349 ) ) ;
#2503 = B_SPLINE_SURFACE_WITH_KNOTS ( 'NONE', 3, 1, ( 
 ( #2903, #2695 ),
 ( #2632, #1311 ),
 ( #1488, #2213 ),
 ( #773, #1999 ) ),
 .UNSPECIFIED., .F., .F., .F.,
 ( 4, 4 ),
 ( 2, 2 ),
 ( 0.0000000000000000000, 1.000000000000000000 ),
 ( 0.0000000000000000000, 1.000000000000000000 ),
 .UNSPECIFIED. ) ;
#2504 = CARTESIAN_POINT ( 'NONE',  ( -5.486147056836427893, -13.78609329376913095, 13.98927790436389529 ) ) ;
#2505 = EDGE_CURVE ( 'NONE', #1680, #1510, #124, .T. ) ;
#2506 = CARTESIAN_POINT ( 'NONE',  ( -4.250000000000000000, 7.666319954458958641, 10.80502209244028755 ) ) ;
#2507 = CARTESIAN_POINT ( 'NONE',  ( 6.249999999999998224, -5.608245805337718437, 9.642245129815711024 ) ) ;
#2508 = LINE ( 'NONE', #1561, #2191 ) ;
#2509 = CARTESIAN_POINT ( 'NONE',  ( -4.750000000000000888, 5.268411116849460285, 11.96705203649802662 ) ) ;
#2510 = CARTESIAN_POINT ( 'NONE',  ( -4.750000000000026645, -14.62065915790091530, 13.12675421829479738 ) ) ;
#2511 = CARTESIAN_POINT ( 'NONE',  ( 6.250000000000000888, -15.02870203976884333, 11.00834633187243838 ) ) ;
#2512 = CARTESIAN_POINT ( 'NONE',  ( 4.750000000000000888, 16.61391649962524397, 14.16005448289157265 ) ) ;
#2513 = CARTESIAN_POINT ( 'NONE',  ( 6.249999999999999112, 17.80131335581732444, 9.215697261828708520 ) ) ;
#2514 = CARTESIAN_POINT ( 'NONE',  ( 6.093498342699559700, -13.00906683711519385, 13.43485602595743522 ) ) ;
#2515 = CARTESIAN_POINT ( 'NONE',  ( -6.250000000000000888, -13.14635990577688318, 12.78358858090372330 ) ) ;
#2516 =( GEOMETRIC_REPRESENTATION_CONTEXT ( 3 ) GLOBAL_UNCERTAINTY_ASSIGNED_CONTEXT ( ( #2496 ) ) GLOBAL_UNIT_ASSIGNED_CONTEXT ( ( #1473, #336, #518 ) ) REPRESENTATION_CONTEXT ( 'NONE', 'WORKASPACE' ) );
#2517 = CARTESIAN_POINT ( 'NONE',  ( -5.366339358035638440, -14.35899232766186095, 13.42742318586210892 ) ) ;
#2518 = CARTESIAN_POINT ( 'NONE',  ( 4.250000000000000000, -8.058817106499290617, 9.815646202338882631 ) ) ;
#2519 = EDGE_CURVE ( 'NONE', #2669, #1051, #2310, .T. ) ;
#2520 = CARTESIAN_POINT ( 'NONE',  ( 4.750000000000000888, 4.597215877521600547, 11.74650368549077584 ) ) ;
#2521 = CARTESIAN_POINT ( 'NONE',  ( -4.750000000000000888, 15.26681893807322865, 14.98747184101557295 ) ) ;
#2522 = CARTESIAN_POINT ( 'NONE',  ( -4.750000000000105693, -14.50039375307599698, 6.599717166255365974 ) ) ;
#2523 = CARTESIAN_POINT ( 'NONE',  ( 4.749999999999896083, -12.94626185547168973, 1.351269263172043988 ) ) ;
#2524 = CARTESIAN_POINT ( 'NONE',  ( 4.750000000000001776, -9.598763335461146795, 12.57687380585614356 ) ) ;
#2525 = CARTESIAN_POINT ( 'NONE',  ( 4.249999999999999112, -4.953044476281614372, 9.020977792643375182 ) ) ;
#2526 = CARTESIAN_POINT ( 'NONE',  ( -6.250000000000000000, -13.29923670480407516, 12.85937693510897795 ) ) ;
#2527 = CARTESIAN_POINT ( 'NONE',  ( 5.935487371720570060, -12.96613134391766486, 13.69006472469971314 ) ) ;
#2528 = CARTESIAN_POINT ( 'NONE',  ( -6.250000000000000888, -13.14635990577688318, 12.78358858090371974 ) ) ;
#2529 = CARTESIAN_POINT ( 'NONE',  ( -5.362788407940218605, -14.25984549530803136, 13.61498647399427497 ) ) ;
#2530 = CARTESIAN_POINT ( 'NONE',  ( 4.250000000000000888, -1.544303135053382681, 8.769509864872762961 ) ) ;
#2531 = CARTESIAN_POINT ( 'NONE',  ( 6.250000000000000000, 9.668652606062126509, 12.46456195635720476 ) ) ;
#2532 = CARTESIAN_POINT ( 'NONE',  ( -6.250000000000000000, 13.01318333174987707, 13.72452780989598686 ) ) ;
#2533 = CARTESIAN_POINT ( 'NONE',  ( 4.750000000000002665, 4.065030925295447517, 11.50841359157928778 ) ) ;
#2534 = ADVANCED_FACE ( 'NONE', ( #546, #1010 ), #2173, .T. ) ;
#2535 = CARTESIAN_POINT ( 'NONE',  ( -6.250000000000000000, -13.17044232469432075, 7.606953859312780786 ) ) ;
#2536 = CARTESIAN_POINT ( 'NONE',  ( 6.250000000000000000, 14.95531293057982580, 13.45382404917699937 ) ) ;
#2537 = CARTESIAN_POINT ( 'NONE',  ( 4.750000000000000888, -12.01737629955058040, 13.86143299117892980 ) ) ;
#2538 = CARTESIAN_POINT ( 'NONE',  ( 4.750000000000001776, 19.57349734222238169, 8.822253674449836325 ) ) ;
#2539 = CARTESIAN_POINT ( 'NONE',  ( -4.750000000000000888, -12.40251079250440291, 14.08681587438573146 ) ) ;
#2540 = CARTESIAN_POINT ( 'NONE',  ( 5.222647714693005483, -13.85737267304199527, 14.12446646865000943 ) ) ;
#2541 = CARTESIAN_POINT ( 'NONE',  ( -6.154245060085244745, -13.63506167926129109, 12.98824946725316920 ) ) ;
#2542 = CARTESIAN_POINT ( 'NONE',  ( -5.487372441963889180, -13.10298634834011366, 14.14511508418625141 ) ) ;
#2543 = CARTESIAN_POINT ( 'NONE',  ( -4.250000000000001776, 3.232070798333824602, 9.332183747210530456 ) ) ;
#2544 = CARTESIAN_POINT ( 'NONE',  ( 4.750000000000001776, 9.381655820418584923, 13.99499218940959544 ) ) ;
#2545 = CARTESIAN_POINT ( 'NONE',  ( -6.249999999999833022, 12.19409550274546028, 15.05151370404215072 ) ) ;
#2546 = CARTESIAN_POINT ( 'NONE',  ( 5.742252376100839051, -14.21595042457276037, 13.14943606651593377 ) ) ;
#2547 = B_SPLINE_CURVE_WITH_KNOTS ( 'NONE', 3,
 ( #2160, #769, #2419, #1244, #743, #2629, #1469, #2371, #74, #1026, #2614, #1009, #44, #2192, #1945, #1667, #2866, #2388, #994, #2645, #331, #1262, #515, #1731, #2662, #1440, #966, #1502, #1899, #2255, #2916, #123, #611, #2013, #2947, #1061, #1781, #2931, #1078, #2706, #849, #628, #864, #1995, #595, #2209, #1555, #1796, #1044, #834, #1980, #2486, #171, #1536, #2721, #1093, #1764, #2692, #402, #1324 ),
 .UNSPECIFIED., .F., .F.,
 ( 4, 2, 2, 2, 2, 2, 2, 2, 2, 2, 2, 2, 2, 2, 2, 2, 2, 2, 2, 2, 2, 2, 2, 2, 2, 2, 2, 2, 2, 4 ),
 ( 0.0000000000000000000, 0.0005711358865001600225, 0.001142271773000320045, 0.002284543546000640090, 0.004569087092001277578, 0.009138174184002551687, 0.01028044595700287021, 0.01142271773000318874, 0.01370726127600382406, 0.01599180482200445938, 0.01827634836800509643, 0.02056089191400572655, 0.02170316368700604334, 0.02284543546000636013, 0.02398770723300668040, 0.02455884311950684226, 0.02512997900600700066, 0.02627225077900731398, 0.02741452255200762383, 0.02798565843850777876, 0.02855679432500793369, 0.02884236226825801289, 0.02912793021150809208, 0.02969906609800826089, 0.03084133787100859503, 0.03141247375750876036, 0.03198360964400892570, 0.03312588141700925637, 0.03426815319000958704, 0.03655269673601024838 ),
 .UNSPECIFIED. ) ;
#2548 = CARTESIAN_POINT ( 'NONE',  ( -6.250000000000000888, -15.02870153817980814, 11.00836455596957641 ) ) ;
#2549 = CARTESIAN_POINT ( 'NONE',  ( 4.750000000000166978, 18.86876171001295432, 10.62734713026086197 ) ) ;
#2550 = ORIENTED_EDGE ( 'NONE', *, *, #691, .T. ) ;
#2551 = CARTESIAN_POINT ( 'NONE',  ( -4.750000000000000888, -12.70616157759267928, 14.23736009540206560 ) ) ;
#2552 = CARTESIAN_POINT ( 'NONE',  ( 4.988359085918445679, -13.45179787486362244, 14.34781698504248659 ) ) ;
#2553 = CARTESIAN_POINT ( 'NONE',  ( -6.198539878521599711, -13.46239071696639122, 13.00103970268181897 ) ) ;
#2554 = CARTESIAN_POINT ( 'NONE',  ( -5.501353072225538376, -14.37562250456665680, 13.20794455660496602 ) ) ;
#2555 = CARTESIAN_POINT ( 'NONE',  ( 4.750000000000000888, -13.15983832017408339, 1.788337329070087245 ) ) ;
#2556 = CARTESIAN_POINT ( 'NONE',  ( 6.211805452841120179, -13.46837010920476807, 12.89373037927922994 ) ) ;
#2557 = CARTESIAN_POINT ( 'NONE',  ( 4.750000000000000888, 9.892294322428709208, 14.21835748976518587 ) ) ;
#2558 = CARTESIAN_POINT ( 'NONE',  ( 6.250000000000000000, -13.33212204521095323, 12.87413039020835193 ) ) ;
#2559 = CARTESIAN_POINT ( 'NONE',  ( 4.943603488302802162, -14.35984612805786220, 13.69657682402253585 ) ) ;
#2560 = CARTESIAN_POINT ( 'NONE',  ( -4.750000000000000888, 13.28736285479264900, 15.30446552984429864 ) ) ;
#2561 = CARTESIAN_POINT ( 'NONE',  ( 6.250000000000000000, -13.24011457814110315, 12.81565684492261248 ) ) ;
#2562 = CARTESIAN_POINT ( 'NONE',  ( -6.250000000000000000, -13.11969021008193081, 12.84704640521361974 ) ) ;
#2563 = CARTESIAN_POINT ( 'NONE',  ( 6.250000000000000000, 18.09186288064978498, 8.485998508114382943 ) ) ;
#2564 = VERTEX_POINT ( 'NONE', #2917 ) ;
#2565 = CARTESIAN_POINT ( 'NONE',  ( -6.250000000000000000, -13.34300585634512437, 12.87905046163353084 ) ) ;
#2566 = CARTESIAN_POINT ( 'NONE',  ( 5.222213243633265556, -13.54556839851269245, 14.25332564365097454 ) ) ;
#2567 = CARTESIAN_POINT ( 'NONE',  ( -6.098455120351297332, -12.79387385156386792, 13.34793189696015148 ) ) ;
#2568 = CARTESIAN_POINT ( 'NONE',  ( -5.132657476508398986, -12.89660882152802834, 14.26711007956332722 ) ) ;
#2569 = CARTESIAN_POINT ( 'NONE',  ( 4.250000000000000000, -11.13803967863962363, 2.212747920386421985 ) ) ;
#2570 = CARTESIAN_POINT ( 'NONE',  ( 6.198502304849865752, -13.46302677519782875, 13.00013231229113586 ) ) ;
#2571 = CARTESIAN_POINT ( 'NONE',  ( 4.750000000000083489, 10.76106647870467192, 14.54815489808528461 ) ) ;
#2572 = B_SPLINE_CURVE_WITH_KNOTS ( 'NONE', 3,
 ( #1617, #207, #2537, #2318, #2992, #1375, #694, #2524, #450, #902, #1387, #888, #1819, #1403, #2786, #249, #2760, #1144, #233, #1174, #462, #929, #2106, #709, #2980, #680, #22, #1131, #944, #1877, #2048, #2967, #2745, #667, #1591, #2061, #1832, #1362, #1120, #2049, #1808, #2278, #1605, #2499, #1338, #2735, #2981, #1833, #878, #668, #2968, #2512, #2993, #656, #889, #1132, #916, #2062, #903, #1580, #2538, #2956 ),
 .UNSPECIFIED., .F., .F.,
 ( 4, 2, 2, 2, 2, 2, 2, 2, 2, 2, 2, 2, 2, 2, 2, 2, 2, 2, 2, 2, 2, 2, 2, 2, 2, 2, 2, 2, 2, 2, 4 ),
 ( 0.0000000000000000000, 0.0005867622686251312576, 0.001173524537250262515, 0.002347049074500522428, 0.004694098149001036183, 0.007041147223501554274, 0.009388196298002074100, 0.01056172083525233271, 0.01173524537250258959, 0.01408229444700310508, 0.01642934352150362057, 0.01760286805875387744, 0.01877639259600413085, 0.01994991713325438773, 0.02112344167050464808, 0.02229696620775490495, 0.02347049074500516530, 0.02464401528225542218, 0.02581753981950567906, 0.02699106435675593940, 0.02757782662538107304, 0.02816458889400619975, 0.02875135116263132992, 0.02933811343125646010, 0.02992487569988158333, 0.03051163796850671350, 0.03168516250575696691, 0.03285868704300722032, 0.03520573611750774101, 0.03637926065475800136, 0.03755278519200826171 ),
 .UNSPECIFIED. ) ;
#2573 = CARTESIAN_POINT ( 'NONE',  ( 6.250000000000210498, -14.30728837604596571, 5.642971913306094933 ) ) ;
#2574 = CARTESIAN_POINT ( 'NONE',  ( 4.750000000000000888, -12.67397366710310180, 14.22288708029560134 ) ) ;
#2575 = CARTESIAN_POINT ( 'NONE',  ( 4.940737864236617760, -13.56818095764408660, 14.33293726549082336 ) ) ;
#2576 = CARTESIAN_POINT ( 'NONE',  ( -6.250000000000084377, 14.86953017595408788, 15.16040146062149319 ) ) ;
#2577 = CARTESIAN_POINT ( 'NONE',  ( -4.250000000000000888, -4.430814148227645966, 8.944420007642367665 ) ) ;
#2578 = DIRECTION ( 'NONE',  ( -1.000000000000000000, -0.0000000000000000000, -0.0000000000000000000 ) ) ;
#2579 = CARTESIAN_POINT ( 'NONE',  ( 6.250000000000165201, 17.45886368760374552, 13.32607396583146553 ) ) ;
#2580 = CARTESIAN_POINT ( 'NONE',  ( -6.250000000000042633, -12.15102633936326626, 13.94151201320244482 ) ) ;
#2581 = CARTESIAN_POINT ( 'NONE',  ( 4.990471580052141753, -12.89813208553085033, 14.30062320784625918 ) ) ;
#2582 = CARTESIAN_POINT ( 'NONE',  ( -6.199669603267926377, -13.50481130529096951, 12.93352790071287828 ) ) ;
#2583 = ORIENTED_EDGE ( 'NONE', *, *, #1040, .F. ) ;
#2584 = CARTESIAN_POINT ( 'NONE',  ( -5.131809589221739465, -14.13104855046538333, 13.94777877461800664 ) ) ;
#2585 = CARTESIAN_POINT ( 'NONE',  ( 4.250000000000000888, -12.33220431089186597, 5.969074123174079816 ) ) ;
#2586 = CARTESIAN_POINT ( 'NONE',  ( 6.171007709024920906, -12.91881575143328575, 13.20962919533481461 ) ) ;
#2587 = ADVANCED_FACE ( 'NONE', ( #1981 ), #1946, .F. ) ;
#2588 = CARTESIAN_POINT ( 'NONE',  ( 6.249999999999584332, -15.02588135238391942, 10.44820894627198804 ) ) ;
#2589 = CARTESIAN_POINT ( 'NONE',  ( 6.250000000000000888, -12.97548238867536163, 6.621587984200703048 ) ) ;
#2590 = CARTESIAN_POINT ( 'NONE',  ( -6.250000000000000000, 17.87367007567569388, 9.018663344428707873 ) ) ;
#2591 = CARTESIAN_POINT ( 'NONE',  ( -4.250000000000000000, -2.862872125534078105, 8.783645517710775508 ) ) ;
#2592 = CARTESIAN_POINT ( 'NONE',  ( 4.250000000000004441, -11.68467250831660209, 3.458033811878198804 ) ) ;
#2593 = CARTESIAN_POINT ( 'NONE',  ( 6.250000000000166978, 18.39464171403631099, 11.78051469477759383 ) ) ;
#2594 = CARTESIAN_POINT ( 'NONE',  ( -6.250000000000000000, -10.63461215590112197, 11.40719769833044772 ) ) ;
#2595 = CARTESIAN_POINT ( 'NONE',  ( 5.140848760654683325, -12.38034654283985070, 14.01844843263787865 ) ) ;
#2596 = CARTESIAN_POINT ( 'NONE',  ( -6.150617569685675967, -13.11287231709414414, 13.30501045874998667 ) ) ;
#2597 = ORIENTED_EDGE ( 'NONE', *, *, #298, .T. ) ;
#2598 = CARTESIAN_POINT ( 'NONE',  ( -5.227076730913475799, -14.24676728838234574, 13.74872979049910171 ) ) ;
#2599 = CARTESIAN_POINT ( 'NONE',  ( -4.250000000000000888, 17.32975890952996423, 9.047229582840698114 ) ) ;
#2600 = CARTESIAN_POINT ( 'NONE',  ( -4.250000000000001776, -12.89675248179730715, 8.833489977758976153 ) ) ;
#2601 = CARTESIAN_POINT ( 'NONE',  ( 4.249999999999997335, 17.51732205853057778, 8.559619861825282783 ) ) ;
#2602 = DIRECTION ( 'NONE',  ( 0.0000000000000000000, 0.7343060468724628143, 0.6788185542002637129 ) ) ;
#2603 = CARTESIAN_POINT ( 'NONE',  ( -4.750000000000005329, 19.72298844552144104, 8.517913185652032482 ) ) ;
#2604 = CARTESIAN_POINT ( 'NONE',  ( -4.250000000000000000, 7.169548425843027317, 10.57333704498460847 ) ) ;
#2605 = ORIENTED_EDGE ( 'NONE', *, *, #2273, .T. ) ;
#2606 = CARTESIAN_POINT ( 'NONE',  ( 4.250000000000000888, -12.33767750475241165, 5.988161759319887700 ) ) ;
#2607 = CARTESIAN_POINT ( 'NONE',  ( 6.250000000000087041, 13.91970208123565378, 15.34474347962209073 ) ) ;
#2608 = CARTESIAN_POINT ( 'NONE',  ( -6.249999999999997335, 2.785832833927271324, 9.746267093256745895 ) ) ;
#2609 = CARTESIAN_POINT ( 'NONE',  ( 5.496280286003781157, -12.63852695637660339, 13.98551850368159677 ) ) ;
#2610 = CARTESIAN_POINT ( 'NONE',  ( -5.872171029896870564, -13.91214552353313216, 13.42299085605005438 ) ) ;
#2611 = EDGE_LOOP ( 'NONE', ( #30, #1326, #529, #2427, #340, #2057 ) ) ;
#2612 = CARTESIAN_POINT ( 'NONE',  ( -5.139731846514160374, -14.47889254132018166, 13.36356817319850343 ) ) ;
#2613 = CARTESIAN_POINT ( 'NONE',  ( -4.749999999999997335, 6.267521243623193961, 12.35753862618137866 ) ) ;
#2614 = CARTESIAN_POINT ( 'NONE',  ( -6.249999999999998224, -6.244982371644558938, 9.736238935194233335 ) ) ;
#2615 = CARTESIAN_POINT ( 'NONE',  ( 4.250000000000000000, -12.02192917710935127, 4.590189666689517445 ) ) ;
#2616 = CARTESIAN_POINT ( 'NONE',  ( 4.750000000000000888, -14.84074955994328526, 12.36128105393204812 ) ) ;
#2617 = CARTESIAN_POINT ( 'NONE',  ( 6.250000000000001776, -12.32417018415683785, 3.813126650256794203 ) ) ;
#2618 = CARTESIAN_POINT ( 'NONE',  ( -6.249999999999877431, 17.36887516212116722, 13.43419448904636049 ) ) ;
#2619 = DIRECTION ( 'NONE',  ( 1.000000000000000000, 0.0000000000000000000, 0.0000000000000000000 ) ) ;
#2620 = ORIENTED_EDGE ( 'NONE', *, *, #1771, .F. ) ;
#2621 = CARTESIAN_POINT ( 'NONE',  ( 6.249999999999999112, 13.75034799797236751, 15.34272443933534724 ) ) ;
#2622 = PRESENTATION_LAYER_ASSIGNMENT (  '', '', ( #2677 ) ) ;
#2623 = EDGE_CURVE ( 'NONE', #2377, #2243, #1333, .T. ) ;
#2624 = CARTESIAN_POINT ( 'NONE',  ( -4.750000000000000888, 4.248960519484343834, 11.64385276831312943 ) ) ;
#2625 = CARTESIAN_POINT ( 'NONE',  ( 5.491170669182509734, -14.15336635421368250, 13.64866519883103813 ) ) ;
#2626 = CARTESIAN_POINT ( 'NONE',  ( -5.732630580441925972, -14.01950475536786911, 13.52326964431772360 ) ) ;
#2627 = CARTESIAN_POINT ( 'NONE',  ( -4.988527409799481838, -13.88579662632853839, 14.19249184898537308 ) ) ;
#2628 = CARTESIAN_POINT ( 'NONE',  ( -4.750000000000000000, -7.417792582811080671, 11.70206019643627471 ) ) ;
#2629 = CARTESIAN_POINT ( 'NONE',  ( -6.250000000000000888, -11.82514890668695706, 12.02557507145478155 ) ) ;
#2630 = CARTESIAN_POINT ( 'NONE',  ( -4.250000000000000000, -12.86078288138836179, 12.03805939669290304 ) ) ;
#2631 = CARTESIAN_POINT ( 'NONE',  ( 4.941503950126422851, -14.07967250275334692, 14.06038909563521599 ) ) ;
#2632 = CARTESIAN_POINT ( 'NONE',  ( 4.250000000000000000, 17.70181864744494149, 8.098167760235744694 ) ) ;
#2633 = CARTESIAN_POINT ( 'NONE',  ( 4.750000000000000888, -12.15096975628610743, 13.94147828572626580 ) ) ;
#2634 = CARTESIAN_POINT ( 'NONE',  ( -6.250000000000168754, 18.39345745205520899, 11.78312472279193912 ) ) ;
#2635 = CARTESIAN_POINT ( 'NONE',  ( 4.750000000000000000, -12.35468592525588960, 14.05981489954086960 ) ) ;
#2636 = ORIENTED_EDGE ( 'NONE', *, *, #1100, .T. ) ;
#2637 = CARTESIAN_POINT ( 'NONE',  ( 4.750000000000000888, 13.75034799624178561, 15.34272446725488770 ) ) ;
#2638 = CARTESIAN_POINT ( 'NONE',  ( -6.250000000000000000, -11.66257495872225647, 11.93774130334083239 ) ) ;
#2639 = CARTESIAN_POINT ( 'NONE',  ( 5.666818412348182399, -14.27478123469428617, 13.16955881777565907 ) ) ;
#2640 = CARTESIAN_POINT ( 'NONE',  ( -5.727121315721261929, -13.35675390792452255, 13.92829703929796104 ) ) ;
#2641 = EDGE_CURVE ( 'NONE', #1335, #2723, #467, .T. ) ;
#2642 = CARTESIAN_POINT ( 'NONE',  ( 6.197290327294849632, -13.24084400983894128, 13.14174445866871821 ) ) ;
#2643 = CARTESIAN_POINT ( 'NONE',  ( -4.749999999983629984, -13.11063509365661695, 14.38201463775864397 ) ) ;
#2644 = DIRECTION ( 'NONE',  ( 0.0000000000000000000, 0.0000000000000000000, 1.000000000000000000 ) ) ;
#2645 = CARTESIAN_POINT ( 'NONE',  ( -6.250000000000000000, 2.798602502450266982, 9.749015838483753527 ) ) ;
#2646 = DIRECTION ( 'NONE',  ( 0.0000000000000000000, 0.0000000000000000000, -1.000000000000000000 ) ) ;
#2647 = CARTESIAN_POINT ( 'NONE',  ( 4.848757518917808262, -12.35600024689934529, 14.05769613359193038 ) ) ;
#2648 = CARTESIAN_POINT ( 'NONE',  ( -4.750000000000000888, 19.81953307645589746, 8.320886468458089880 ) ) ;
#2649 = CARTESIAN_POINT ( 'NONE',  ( 6.250000000000000000, -13.37519949715557388, 12.03959150618641871 ) ) ;
#2650 = CARTESIAN_POINT ( 'NONE',  ( 6.250000000000000888, -11.98859968347183269, 13.84502797812979047 ) ) ;
#2651 = CARTESIAN_POINT ( 'NONE',  ( -6.250000000000000000, 17.46655988638659096, 10.09458219510274546 ) ) ;
#2652 = CARTESIAN_POINT ( 'NONE',  ( -6.249999999999999112, -13.43099702039300070, 8.986274178451758132 ) ) ;
#2653 = ORIENTED_EDGE ( 'NONE', *, *, #114, .F. ) ;
#2654 = CARTESIAN_POINT ( 'NONE',  ( -4.749999999999668709, -5.300483856950729766, 11.11198534227650825 ) ) ;
#2655 = CARTESIAN_POINT ( 'NONE',  ( 5.399634890191920888, -13.71898603633275293, 14.08789501432229585 ) ) ;
#2656 = COLOUR_RGB ( '',0.7921568627450980005, 0.8196078431372548767, 0.9333333333333333481 ) ;
#2657 = CARTESIAN_POINT ( 'NONE',  ( -5.935275479920209207, -12.96337780577033527, 13.68937937701306140 ) ) ;
#2658 = CARTESIAN_POINT ( 'NONE',  ( 6.239911524619336625, -13.29690527549612078, 12.90253864636164494 ) ) ;
#2659 = CARTESIAN_POINT ( 'NONE',  ( -4.749999999983629984, -12.88970627622703091, 14.31886131482371383 ) ) ;
#2660 = CARTESIAN_POINT ( 'NONE',  ( 5.414880120900841476, -12.43620926258440207, 13.92839435113109126 ) ) ;
#2661 = CARTESIAN_POINT ( 'NONE',  ( 6.250000000000000000, 14.72824193998076581, 11.60742673484823229 ) ) ;
#2662 = CARTESIAN_POINT ( 'NONE',  ( -6.250000000000000000, 7.154446802579914610, 11.11235323448260637 ) ) ;
#2663 = EDGE_CURVE ( 'NONE', #1510, #1034, #579, .T. ) ;
#2664 = CARTESIAN_POINT ( 'NONE',  ( 4.946389994312244021, -14.51311944690893796, 13.37552583601779688 ) ) ;
#2665 = CARTESIAN_POINT ( 'NONE',  ( -6.250000000000000000, 18.42018795233385831, 7.767560607740177758 ) ) ;
#2666 = CARTESIAN_POINT ( 'NONE',  ( 6.250000000000000000, -9.935461159088649907, 11.08464944805216845 ) ) ;
#2667 = CARTESIAN_POINT ( 'NONE',  ( -4.749999999999999112, -11.37409973011874875, 1.620970289431312494 ) ) ;
#2668 = ORIENTED_EDGE ( 'NONE', *, *, #503, .T. ) ;
#2669 = VERTEX_POINT ( 'NONE', #770 ) ;
#2670 = CARTESIAN_POINT ( 'NONE',  ( -6.250000000000000000, 5.766223585271118779, 10.55172180202947629 ) ) ;
#2671 = CARTESIAN_POINT ( 'NONE',  ( 5.531003042141077408, -14.00928494626781884, 13.77815785770912882 ) ) ;
#2672 = CARTESIAN_POINT ( 'NONE',  ( -5.937545044052137122, -13.89273523329416804, 13.31473931075544748 ) ) ;
#2673 = CARTESIAN_POINT ( 'NONE',  ( -6.249999999999998224, -12.83810080972372347, 5.945536360300483381 ) ) ;
#2674 = CARTESIAN_POINT ( 'NONE',  ( 6.052452235747469267, -12.75019677867152446, 13.42222749253338066 ) ) ;
#2675 = CARTESIAN_POINT ( 'NONE',  ( -5.370718007459901244, -12.42149277648024430, 13.94412788326216202 ) ) ;
#2676 = CARTESIAN_POINT ( 'NONE',  ( 4.750000000000002665, 11.58278031010024200, 14.83846978498290525 ) ) ;
#2677 = STYLED_ITEM ( 'NONE', ( #2408 ), #1638 ) ;
#2678 = CARTESIAN_POINT ( 'NONE',  ( -4.749999999983629984, -12.68922637364122430, 14.24845595613429339 ) ) ;
#2679 = CARTESIAN_POINT ( 'NONE',  ( -4.749999999983628207, -14.56557692842477358, 13.27351906847446550 ) ) ;
#2680 = CARTESIAN_POINT ( 'NONE',  ( 6.250000000000000000, 19.81947048889295360, 8.321014008271118811 ) ) ;
#2681 = CARTESIAN_POINT ( 'NONE',  ( -4.250000000000000888, 8.407590119796129358, 11.19349544298221844 ) ) ;
#2682 = CARTESIAN_POINT ( 'NONE',  ( 6.250000000000000000, 8.903319995858996805, 12.04651303642671323 ) ) ;
#2683 = CARTESIAN_POINT ( 'NONE',  ( 6.250000000000120792, -12.61141428448575397, 14.19469475804218206 ) ) ;
#2684 = CARTESIAN_POINT ( 'NONE',  ( -6.250000000000000000, -13.14635990577687963, 12.78358858090371797 ) ) ;
#2685 = CARTESIAN_POINT ( 'NONE',  ( -6.250000000000001776, 6.842153606711559810, 10.97273406971653564 ) ) ;
#2686 = CARTESIAN_POINT ( 'NONE',  ( 5.880493427278643992, -14.08485856461272334, 13.10459682522890468 ) ) ;
#2687 = CARTESIAN_POINT ( 'NONE',  ( -6.250000000000000000, -12.88633224189773507, 6.182728411793360301 ) ) ;
#2688 = CARTESIAN_POINT ( 'NONE',  ( -4.799371918855965369, -13.45095976563922413, 14.36908478334207295 ) ) ;
#2689 = CARTESIAN_POINT ( 'NONE',  ( 6.199971483542510597, -12.94188559596717880, 13.11321353016956159 ) ) ;
#2690 = CARTESIAN_POINT ( 'NONE',  ( 6.249999999999997335, 17.39655996840697938, 10.27665125212145014 ) ) ;
#2691 = CARTESIAN_POINT ( 'NONE',  ( -4.750000000011277201, 19.57272731520936304, 8.823822821684721873 ) ) ;
#2692 = CARTESIAN_POINT ( 'NONE',  ( -6.250000000000000000, 17.80095031513147319, 9.216697407131777098 ) ) ;
#2693 = CARTESIAN_POINT ( 'NONE',  ( -6.209744583994834422, -13.20177658626699646, 13.10356291962135344 ) ) ;
#2694 = CARTESIAN_POINT ( 'NONE',  ( 4.750000000000000888, 19.84055212187666939, 8.278054234725640725 ) ) ;
#2695 = CARTESIAN_POINT ( 'NONE',  ( -4.250000000000000888, 17.94260393606009529, 7.605833133630169662 ) ) ;
#2696 = CARTESIAN_POINT ( 'NONE',  ( 4.750000000000000888, -1.786795690691502125, 10.77786310325323704 ) ) ;
#2697 = CARTESIAN_POINT ( 'NONE',  ( -4.749999999983629984, 18.95667443917983164, 10.07920432210103812 ) ) ;
#2698 = CARTESIAN_POINT ( 'NONE',  ( -6.250000000000004441, 5.598723673385402222, 12.08722786883812006 ) ) ;
#2699 = CARTESIAN_POINT ( 'NONE',  ( 5.940245372133142077, -13.96236814079724731, 13.19889716905479737 ) ) ;
#2700 = CARTESIAN_POINT ( 'NONE',  ( -6.250000000000000888, -12.65710487657099925, 0.8438616778608047930 ) ) ;
#2701 = CARTESIAN_POINT ( 'NONE',  ( -4.846120321719753044, -14.16387198363250732, 13.98867643625683499 ) ) ;
#2702 = CARTESIAN_POINT ( 'NONE',  ( 6.098432075145083786, -12.79564270956738881, 13.34896590441588238 ) ) ;
#2703 = CARTESIAN_POINT ( 'NONE',  ( 6.250000000000001776, 7.158118913674096362, 11.11404735129566568 ) ) ;
#2704 = CARTESIAN_POINT ( 'NONE',  ( 6.150197444742969033, -13.39478883314518498, 13.23095996904894278 ) ) ;
#2705 = CARTESIAN_POINT ( 'NONE',  ( -4.750000000000000000, 14.34288048672979698, 15.30416616518669493 ) ) ;
#2706 = CARTESIAN_POINT ( 'NONE',  ( -6.250000000000000000, 13.45825562523617513, 13.81665160923888713 ) ) ;
#2707 = CARTESIAN_POINT ( 'NONE',  ( -6.250000000000000000, -13.13971374697998762, 12.87838271815577329 ) ) ;
#2708 = CARTESIAN_POINT ( 'NONE',  ( 4.750000000000000888, 19.68265535909874941, 8.601469347435655166 ) ) ;
#2709 = CARTESIAN_POINT ( 'NONE',  ( -4.250000000000002665, -4.291116900467717876, 8.925754884130443045 ) ) ;
#2710 = CARTESIAN_POINT ( 'NONE',  ( 4.750000000000000888, -2.855690769644343874, 10.81173944241420237 ) ) ;
#2711 = CARTESIAN_POINT ( 'NONE',  ( 4.750000000000002665, 18.95667443917983164, 10.07920432210103812 ) ) ;
#2712 = CARTESIAN_POINT ( 'NONE',  ( -6.249999999999914735, 10.75652436844555915, 14.54650469128238122 ) ) ;
#2713 = CARTESIAN_POINT ( 'NONE',  ( 5.727104025833929413, -13.61721012233595118, 13.84716458663391592 ) ) ;
#2714 = VERTEX_POINT ( 'NONE', #1503 ) ;
#2715 = CARTESIAN_POINT ( 'NONE',  ( -6.249999999999997335, -11.92106594442851453, 2.698250414982573453 ) ) ;
#2716 = CARTESIAN_POINT ( 'NONE',  ( 4.749999999999791278, -14.15253665269317374, 4.910257579034811748 ) ) ;
#2717 = ADVANCED_FACE ( 'NONE', ( #351 ), #653, .T. ) ;
#2718 = CARTESIAN_POINT ( 'NONE',  ( 4.750000000000000888, -12.96646423106239965, 4.249961680492774896 ) ) ;
#2719 = CARTESIAN_POINT ( 'NONE',  ( 6.250000000000000000, 18.39309148752256817, 7.822790545156227182 ) ) ;
#2720 = CARTESIAN_POINT ( 'NONE',  ( 6.096169094786028531, -12.87578546064546536, 13.39137278465024217 ) ) ;
#2721 = CARTESIAN_POINT ( 'NONE',  ( -6.250000000000000000, 16.95131096289204109, 11.32399568870545359 ) ) ;
#2722 = CARTESIAN_POINT ( 'NONE',  ( -6.239982611863388762, -13.30611208399189493, 12.89276136603454503 ) ) ;
#2723 = VERTEX_POINT ( 'NONE', #2432 ) ;
#2724 = CARTESIAN_POINT ( 'NONE',  ( -5.542063774208371818, -12.55424675693493697, 13.91359426927949094 ) ) ;
#2725 = AXIS2_PLACEMENT_3D ( 'NONE', #1252, #1721, #584 ) ;
#2726 = CARTESIAN_POINT ( 'NONE',  ( 6.250000000000039968, 19.73649826212711744, 8.490122471501351242 ) ) ;
#2727 = DIRECTION ( 'NONE',  ( 0.0000000000000000000, 0.5180724077136680261, -0.8553367643015018507 ) ) ;
#2728 = CARTESIAN_POINT ( 'NONE',  ( 6.249999999999664269, 4.251866898430852970, 11.64468108695602311 ) ) ;
#2729 = CARTESIAN_POINT ( 'NONE',  ( -5.235303924954157750, -14.49244094937751015, 13.24827166423551894 ) ) ;
#2730 = CARTESIAN_POINT ( 'NONE',  ( -4.749999999999874767, 11.03294332616077256, 14.64649389389364842 ) ) ;
#2731 = ORIENTED_EDGE ( 'NONE', *, *, #2444, .T. ) ;
#2732 = ORIENTED_EDGE ( 'NONE', *, *, #1812, .F. ) ;
#2733 = CARTESIAN_POINT ( 'NONE',  ( -6.249999999999998224, -12.68804390794380410, 5.235050441172500513 ) ) ;
#2734 = CARTESIAN_POINT ( 'NONE',  ( 6.250000000000000888, -14.89665558768688136, 8.841358891418533261 ) ) ;
#2735 = CARTESIAN_POINT ( 'NONE',  ( 4.750000000000000000, 14.94785216154132712, 15.13106469992861491 ) ) ;
#2736 = CARTESIAN_POINT ( 'NONE',  ( -6.240309885420350255, -13.04222702913747867, 12.95030919923965840 ) ) ;
#2737 = CARTESIAN_POINT ( 'NONE',  ( 6.049644944168709237, -12.84208476265109589, 13.47110919478691748 ) ) ;
#2738 = CARTESIAN_POINT ( 'NONE',  ( -6.250000000000000888, -13.22180415460904790, 12.84341616663248864 ) ) ;
#2739 = CARTESIAN_POINT ( 'NONE',  ( -5.499494140645698081, -12.54301795774968120, 13.93652957187320673 ) ) ;
#2740 = CARTESIAN_POINT ( 'NONE',  ( 4.250000000000000000, -9.555600955768138505, 10.38391622894368638 ) ) ;
#2741 = CARTESIAN_POINT ( 'NONE',  ( 6.250000000000000000, 5.769697558962392669, 10.55294131630322418 ) ) ;
#2742 = CARTESIAN_POINT ( 'NONE',  ( -6.250000000000001776, 15.59726543255214359, 14.81423311670789111 ) ) ;
#2743 = CARTESIAN_POINT ( 'NONE',  ( 4.250000000000000888, -12.96529664809690630, 11.61102876654092242 ) ) ;
#2744 = CARTESIAN_POINT ( 'NONE',  ( 4.750000000000000888, -12.65710487657099925, 0.8438616778608049040 ) ) ;
#2745 = CARTESIAN_POINT ( 'NONE',  ( 4.750000000000000888, 9.379903817062873017, 14.00078437042664170 ) ) ;
#2746 = CARTESIAN_POINT ( 'NONE',  ( 4.249999999999999112, -6.519674653624505822, 9.352938966628972395 ) ) ;
#2747 = CARTESIAN_POINT ( 'NONE',  ( 6.250000000000000000, -7.680013589300675569, 10.17271529359034510 ) ) ;
#2748 = CARTESIAN_POINT ( 'NONE',  ( 6.169306259796666581, -13.54026821043606965, 13.05390727152382446 ) ) ;
#2749 = CARTESIAN_POINT ( 'NONE',  ( -6.250000000000000888, -13.14635990577688318, 12.78358858090372330 ) ) ;
#2750 = PRODUCT_DEFINITION_FORMATION_WITH_SPECIFIED_SOURCE ( 'ANY', '', #411, .NOT_KNOWN. ) ;
#2751 = CARTESIAN_POINT ( 'NONE',  ( -5.496815283123943630, -14.30031216539706840, 13.39266994213547157 ) ) ;
#2752 = CARTESIAN_POINT ( 'NONE',  ( 4.249999999999999112, 0.5998351370697564411, 8.923414466140952683 ) ) ;
#2753 = CARTESIAN_POINT ( 'NONE',  ( 4.750000000000000888, 10.28666471657377457, 14.37345102153685339 ) ) ;
#2754 = EDGE_CURVE ( 'NONE', #2110, #1493, #2205, .T. ) ;
#2755 = CARTESIAN_POINT ( 'NONE',  ( -6.250000000000000000, 13.87508221786691109, 13.84240020959807715 ) ) ;
#2756 = CARTESIAN_POINT ( 'NONE',  ( -4.749999999983629984, -12.65710487657099925, 0.8438616778608051261 ) ) ;
#2757 = CARTESIAN_POINT ( 'NONE',  ( -6.250000000000001776, -13.40021533283211852, 11.91856891423206122 ) ) ;
#2758 = CARTESIAN_POINT ( 'NONE',  ( 4.750000000000105693, -13.19333686522065641, 1.860805203626885396 ) ) ;
#2759 = CARTESIAN_POINT ( 'NONE',  ( 6.250000000000000000, 14.70214179239802732, 13.59185822227996887 ) ) ;
#2760 = CARTESIAN_POINT ( 'NONE',  ( 4.750000000000000000, -1.706649595069501313, 10.78843902654726072 ) ) ;
#2761 = CARTESIAN_POINT ( 'NONE',  ( 4.250000000000000000, 4.452895694980832708, 9.600639424786416853 ) ) ;
#2762 = CARTESIAN_POINT ( 'NONE',  ( 6.249999999999999112, -12.48843000005189374, 12.39939938045309376 ) ) ;
#2763 = CARTESIAN_POINT ( 'NONE',  ( 6.043910836370807615, -13.27794407515021824, 13.51483137788250133 ) ) ;
#2764 = CARTESIAN_POINT ( 'NONE',  ( -6.091389828307206322, -13.31065016161332082, 13.41288910314825422 ) ) ;
#2765 = CARTESIAN_POINT ( 'NONE',  ( -5.405188122862058187, -14.18702071710786683, 13.68780558155092208 ) ) ;
#2766 = CARTESIAN_POINT ( 'NONE',  ( 4.250000000000000000, -12.86078288138836179, 12.03805939669290659 ) ) ;
#2767 = CARTESIAN_POINT ( 'NONE',  ( 6.249999999999915623, 9.079022976098309883, 13.84777270088301648 ) ) ;
#2768 = CARTESIAN_POINT ( 'NONE',  ( -6.249999999999958256, 14.19665520051893104, 15.32025130843557292 ) ) ;
#2769 = CARTESIAN_POINT ( 'NONE',  ( -4.749999999983629984, -13.74071459128509787, 2.832203217072660983 ) ) ;
#2770 = CARTESIAN_POINT ( 'NONE',  ( -6.250000000000000000, -14.62065915846088515, 13.12675421850296331 ) ) ;
#2771 = CARTESIAN_POINT ( 'NONE',  ( 6.249999999999918288, 17.83823231208365812, 12.80456671457914908 ) ) ;
#2772 = ORIENTED_EDGE ( 'NONE', *, *, #1100, .F. ) ;
#2773 = CARTESIAN_POINT ( 'NONE',  ( -4.749999999999917399, -11.75267743842076307, 13.70717440172724721 ) ) ;
#2774 = CARTESIAN_POINT ( 'NONE',  ( 5.361034253538894845, -14.20553066982967749, 13.70095841127725400 ) ) ;
#2775 = CARTESIAN_POINT ( 'NONE',  ( -6.153384983989054646, -13.61864838630662433, 13.02088702351751692 ) ) ;
#2776 = CARTESIAN_POINT ( 'NONE',  ( -5.532426771074346661, -12.91378468026613291, 14.07140519693755643 ) ) ;
#2777 = CARTESIAN_POINT ( 'NONE',  ( 4.750000000000001776, -14.88379468659632643, 12.24205159329780379 ) ) ;
#2778 = CARTESIAN_POINT ( 'NONE',  ( 6.240234331141638613, -13.05340968314382977, 12.95722513308957780 ) ) ;
#2779 = CARTESIAN_POINT ( 'NONE',  ( 6.250000000000000000, 9.754810436455018774, 12.50855029776925242 ) ) ;
#2780 = DIRECTION ( 'NONE',  ( 0.0000000000000000000, -0.7343060468724629253, -0.6788185542002637129 ) ) ;
#2781 = CARTESIAN_POINT ( 'NONE',  ( 4.846629514694207330, -14.30770613116209411, 13.80242926909181378 ) ) ;
#2782 = CARTESIAN_POINT ( 'NONE',  ( -6.250000000000000000, 13.20249158917608945, 13.77071730137795313 ) ) ;
#2783 = CARTESIAN_POINT ( 'NONE',  ( -4.250000000000000000, 10.96111370378457117, 12.49032490529792128 ) ) ;
#2784 = CARTESIAN_POINT ( 'NONE',  ( -4.750000000000001776, -14.87275898464008250, 12.20609616070152548 ) ) ;
#2785 = CARTESIAN_POINT ( 'NONE',  ( 6.250000000000000000, 17.73898634061378843, 9.376388378210311458 ) ) ;
#2786 = CARTESIAN_POINT ( 'NONE',  ( 4.750000000000000888, -2.879770877086280656, 10.81226696657254394 ) ) ;
#2787 = CARTESIAN_POINT ( 'NONE',  ( -6.249999999999994671, -12.67607028590821194, 14.22383454591643925 ) ) ;
#2788 = CARTESIAN_POINT ( 'NONE',  ( 5.129544578239238817, -13.55580375450301922, 14.28899431079814697 ) ) ;
#2789 = CARTESIAN_POINT ( 'NONE',  ( -6.096105356092054173, -12.87390350687391383, 13.39054630927743794 ) ) ;
#2790 = CARTESIAN_POINT ( 'NONE',  ( -5.359845984213730041, -12.90411603014457853, 14.17292749548935404 ) ) ;
#2791 = CARTESIAN_POINT ( 'NONE',  ( 4.250000000000000000, -11.31933926627706199, 2.575827719318079190 ) ) ;
#2792 = CARTESIAN_POINT ( 'NONE',  ( 6.211559049923322640, -12.98555142022250486, 13.08429079283191854 ) ) ;
#2793 = B_SPLINE_CURVE_WITH_KNOTS ( 'NONE', 3,
 ( #2883, #2851, #302, #757, #578, #284, #1931, #545, #1485, #2147, #562, #1714, #1231, #2835 ),
 .UNSPECIFIED., .F., .F.,
 ( 4, 2, 2, 2, 2, 2, 4 ),
 ( 0.0000000000000000000, 0.0002929082047342949284, 0.0005858164094685898568, 0.0008787246142028847309, 0.001171632818937179714, 0.001757449228405765992, 0.002343265637874352488 ),
 .UNSPECIFIED. ) ;
#2794 = CARTESIAN_POINT ( 'NONE',  ( 6.250000000000000000, 12.09394788441107416, 13.43501763751128308 ) ) ;
#2795 = CARTESIAN_POINT ( 'NONE',  ( 6.250000000000000888, -12.67397366710310713, 14.22288708029559956 ) ) ;
#2796 = CARTESIAN_POINT ( 'NONE',  ( 4.848444445935779612, -14.52203008349539637, 13.37955441812832724 ) ) ;
#2797 = CARTESIAN_POINT ( 'NONE',  ( -6.250000000000082601, 11.98581911951223056, 14.98352164094228200 ) ) ;
#2798 = CARTESIAN_POINT ( 'NONE',  ( -4.250000000000000888, 8.119285787731921999, 11.03791170531440891 ) ) ;
#2799 = CARTESIAN_POINT ( 'NONE',  ( -4.750000000000000888, -14.64710082519080636, 13.05095258066871899 ) ) ;
#2800 = CARTESIAN_POINT ( 'NONE',  ( 4.750000000000085265, 16.79200524931882654, 14.00961425635433777 ) ) ;
#2801 = CARTESIAN_POINT ( 'NONE',  ( 6.250000000000000000, -12.32321580275039175, 12.30467525145352248 ) ) ;
#2802 = CARTESIAN_POINT ( 'NONE',  ( 5.223936471867412834, -13.11294431310877329, 14.29220282838024048 ) ) ;
#2803 = CARTESIAN_POINT ( 'NONE',  ( -6.153212836150641074, -12.92873144050193268, 13.26541285731195785 ) ) ;
#2804 = ADVANCED_FACE ( 'NONE', ( #2895 ), #2332, .T. ) ;
#2805 = ORIENTED_EDGE ( 'NONE', *, *, #691, .F. ) ;
#2806 = CARTESIAN_POINT ( 'NONE',  ( -5.355890440017038401, -13.72521150573092186, 14.11384986253434271 ) ) ;
#2807 = CARTESIAN_POINT ( 'NONE',  ( 6.250000000000000000, 19.74455986418033859, 8.473665535612399324 ) ) ;
#2808 = CARTESIAN_POINT ( 'NONE',  ( 6.197306699599281821, -13.29890097059377929, 13.12095651684297337 ) ) ;
#2809 = APPLICATION_CONTEXT ( 'automotive_design' ) ;
#2810 = CARTESIAN_POINT ( 'NONE',  ( 6.250000000000416556, -14.96128699112516003, 9.366159949904069748 ) ) ;
#2811 = CARTESIAN_POINT ( 'NONE',  ( 6.250000000000001776, -12.72870907040572774, 14.24746093140302072 ) ) ;
#2812 = CARTESIAN_POINT ( 'NONE',  ( -4.749999999999915623, 19.54241238897726873, 8.908751979653274589 ) ) ;
#2813 = CARTESIAN_POINT ( 'NONE',  ( -4.250000000000000000, 5.951159060393990785, 10.08337177393871009 ) ) ;
#2814 = DIRECTION ( 'NONE',  ( -1.000000000000000000, -0.0000000000000000000, -0.0000000000000000000 ) ) ;
#2815 = CARTESIAN_POINT ( 'NONE',  ( 6.249999999999913847, 17.08629710188300166, 13.73513457813796279 ) ) ;
#2816 = CARTESIAN_POINT ( 'NONE',  ( -6.250000000000662581, -9.326848636001416892, 12.45635674999991949 ) ) ;
#2817 = CARTESIAN_POINT ( 'NONE',  ( 5.139582908024196151, -12.48142909975024928, 14.07567369121520073 ) ) ;
#2818 = CARTESIAN_POINT ( 'NONE',  ( -6.154744520786499251, -13.64632642552598085, 12.95618293178934088 ) ) ;
#2819 = ORIENTED_EDGE ( 'NONE', *, *, #158, .T. ) ;
#2820 = CARTESIAN_POINT ( 'NONE',  ( -5.355667723336286379, -13.52198316621456975, 14.18617312194731106 ) ) ;
#2821 = CARTESIAN_POINT ( 'NONE',  ( 4.750000000000000000, -12.35468592525588960, 14.05981489954086960 ) ) ;
#2822 = CARTESIAN_POINT ( 'NONE',  ( -4.250000000000001776, -12.99203846657261252, 11.32917617853473402 ) ) ;
#2823 = CARTESIAN_POINT ( 'NONE',  ( 6.239700623422169912, -13.19339827159522294, 12.96173008003971816 ) ) ;
#2824 = CARTESIAN_POINT ( 'NONE',  ( 6.250000000000000888, -12.69039428809390024, 14.23025923562784456 ) ) ;
#2825 = CARTESIAN_POINT ( 'NONE',  ( -6.249999999999997335, 18.28549913127173099, 8.048234906716317028 ) ) ;
#2826 = CARTESIAN_POINT ( 'NONE',  ( -4.249999999999997335, 1.330209559900409122, 9.010449160591807782 ) ) ;
#2827 = CARTESIAN_POINT ( 'NONE',  ( -6.250000000000000000, -10.07353761039129303, -3.421603984674083332 ) ) ;
#2828 = CARTESIAN_POINT ( 'NONE',  ( 6.249999999999960032, 15.27234836134500640, 14.98477159249900836 ) ) ;
#2829 = CARTESIAN_POINT ( 'NONE',  ( -6.250000000000000000, -12.50336875855562901, 12.40852736465580897 ) ) ;
#2830 = CARTESIAN_POINT ( 'NONE',  ( 4.993575189346167065, -14.45986535569222298, 13.48299874495403117 ) ) ;
#2831 = CARTESIAN_POINT ( 'NONE',  ( -6.044899551569060669, -13.60200563469131652, 13.37245929499549568 ) ) ;
#2832 = ORIENTED_EDGE ( 'NONE', *, *, #1270, .F. ) ;
#2833 = CARTESIAN_POINT ( 'NONE',  ( -5.355866390121007292, -13.41638878824412195, 14.20804904144993408 ) ) ;
#2834 = DIRECTION ( 'NONE',  ( 0.0000000000000000000, -0.8553367643015019617, -0.5180724077136678041 ) ) ;
#2835 = CARTESIAN_POINT ( 'NONE',  ( -4.749999999999999112, 19.74455986418033859, 8.473665535612399324 ) ) ;
#2836 = B_SPLINE_CURVE_WITH_KNOTS ( 'NONE', 3,
 ( #972, #18, #274, #507, #1659, #1202, #2361, #51, #2577, #2591, #2134, #720, #291, #2826, #690, #748, #1673, #2813, #2376, #2604, #705, #1220, #2798, #1873, #521, #1445, #2348, #1857, #2783, #459 ),
 .UNSPECIFIED., .F., .F.,
 ( 4, 2, 2, 2, 2, 2, 2, 2, 2, 2, 2, 2, 2, 2, 4 ),
 ( 1.734723475976807094E-18, 0.003178153127523437090, 0.006356306255046872446, 0.007945382818808589473, 0.009534459382570305633, 0.01271261251009373622, 0.01430168907385545064, 0.01589076563761716854, 0.01906891876514059392, 0.02065799532890230661, 0.02145253361078316989, 0.02224707189266402624, 0.02383614845642573893, 0.02463068673830659527, 0.02542522502018744468 ),
 .UNSPECIFIED. ) ;
#2837 = CARTESIAN_POINT ( 'NONE',  ( 4.750000000000000888, -14.46318153963152753, 6.408548211815550566 ) ) ;
#2838 = EDGE_CURVE ( 'NONE', #2564, #1970, #1033, .T. ) ;
#2839 =( LENGTH_UNIT ( ) NAMED_UNIT ( * ) SI_UNIT ( .MILLI., .METRE. ) );
#2840 = DIRECTION ( 'NONE',  ( 1.000000000000000000, 0.0000000000000000000, 0.0000000000000000000 ) ) ;
#2841 = CARTESIAN_POINT ( 'NONE',  ( -4.750000000000000888, 19.72748385771092927, 8.508639349949765673 ) ) ;
#2842 = PLANE ( 'NONE',  #2725 ) ;
#2843 = ORIENTED_EDGE ( 'NONE', *, *, #158, .F. ) ;
#2844 = CARTESIAN_POINT ( 'NONE',  ( 6.249999999999960032, 14.20738321857192155, 15.31898589004918954 ) ) ;
#2845 = CARTESIAN_POINT ( 'NONE',  ( -4.750000000000000888, 0.3569814200716220354, 10.90295290658424321 ) ) ;
#2846 = CARTESIAN_POINT ( 'NONE',  ( 5.404019906303820342, -12.91010937867175201, 14.15108353801160490 ) ) ;
#2847 = CARTESIAN_POINT ( 'NONE',  ( -6.047833518934543129, -13.75967609386417223, 13.21412535821524870 ) ) ;
#2848 = ORIENTED_EDGE ( 'NONE', *, *, #1412, .F. ) ;
#2849 = CARTESIAN_POINT ( 'NONE',  ( -4.988303370297878736, -13.44744358664005013, 14.34843729254241396 ) ) ;
#2850 = CARTESIAN_POINT ( 'NONE',  ( -5.666918036333627562, -12.51440954641679149, 13.79536466997624800 ) ) ;
#2851 = CARTESIAN_POINT ( 'NONE',  ( -6.250000000000000000, 18.48232399291117289, 7.865765436094350527 ) ) ;
#2852 = DIRECTION ( 'NONE',  ( 0.0000000000000000000, 0.9009578903993865628, 0.4339065333998636254 ) ) ;
#2853 = CARTESIAN_POINT ( 'NONE',  ( 4.947003416093918027, -12.36117930656257258, 14.04934717630568208 ) ) ;
#2854 = CARTESIAN_POINT ( 'NONE',  ( -6.250000000000000000, 18.47293606886810124, 7.660071442028180577 ) ) ;
#2855 = CARTESIAN_POINT ( 'NONE',  ( 6.250000000000000000, -13.12738106216015588, 12.77351167308334290 ) ) ;
#2856 = CARTESIAN_POINT ( 'NONE',  ( -4.750000000000000888, 19.47426958420900078, 9.068367507241802628 ) ) ;
#2857 = EDGE_LOOP ( 'NONE', ( #1221, #851, #14, #810 ) ) ;
#2858 = AXIS2_PLACEMENT_3D ( 'NONE', #2028, #819, #139 ) ;
#2859 = CARTESIAN_POINT ( 'NONE',  ( 6.250000000000000888, 12.64778708082165792, 15.17988198137177136 ) ) ;
#2860 = MECHANICAL_DESIGN_GEOMETRIC_PRESENTATION_REPRESENTATION (  '', ( #2677 ), #640 ) ;
#2861 = CARTESIAN_POINT ( 'NONE',  ( -6.250000000001002753, -9.985206563241108668, 12.76002932421417491 ) ) ;
#2862 = CARTESIAN_POINT ( 'NONE',  ( 5.406540308654126825, -14.24502996954957545, 13.59690327850361768 ) ) ;
#2863 = CARTESIAN_POINT ( 'NONE',  ( -6.046943254184840022, -13.72562262723066695, 13.25721237452584944 ) ) ;
#2864 = CARTESIAN_POINT ( 'NONE',  ( -4.749999999983629095, -13.45095976563922413, 14.36908478334207295 ) ) ;
#2865 = CYLINDRICAL_SURFACE ( 'NONE', #443, 3.650000000000000355 ) ;
#2866 = CARTESIAN_POINT ( 'NONE',  ( -6.250000000000000000, -0.9515937049627030131, 9.300503440849826831 ) ) ;
#2867 = DIRECTION ( 'NONE',  ( 0.0000000000000000000, 0.0000000000000000000, -1.000000000000000000 ) ) ;
#2868 = CARTESIAN_POINT ( 'NONE',  ( 4.845864667233399814, -14.08611206749395706, 14.06800439778973200 ) ) ;
#2869 = CARTESIAN_POINT ( 'NONE',  ( -4.250000000000000888, 10.14371103388593554, 12.14288231729886292 ) ) ;
#2870 = CARTESIAN_POINT ( 'NONE',  ( 4.750000000000026645, -14.62066216459252210, 13.12674590119326901 ) ) ;
#2871 = CARTESIAN_POINT ( 'NONE',  ( 6.250000000000000000, -12.75294087963704470, 12.55437444741183128 ) ) ;
#2872 = CARTESIAN_POINT ( 'NONE',  ( -6.250000000000000000, 16.29246193817688138, 12.38222026115805541 ) ) ;
#2873 = CARTESIAN_POINT ( 'NONE',  ( 6.250000000000000000, -8.949320015015642227, -2.382337365599186185 ) ) ;
#2874 = ORIENTED_EDGE ( 'NONE', *, *, #1771, .T. ) ;
#2875 = CARTESIAN_POINT ( 'NONE',  ( 4.750000000000000888, 15.01614291890716579, 15.10015872801223047 ) ) ;
#2876 = CARTESIAN_POINT ( 'NONE',  ( -4.750000000000000888, -7.326052598801669369, 11.67198931908383308 ) ) ;
#2877 = CARTESIAN_POINT ( 'NONE',  ( 5.742252376100839051, -14.21595042457276037, 13.14943606651593377 ) ) ;
#2878 = CARTESIAN_POINT ( 'NONE',  ( -6.049564614191291767, -12.83995680260708561, 13.47016801306355305 ) ) ;
#2879 = CARTESIAN_POINT ( 'NONE',  ( 6.168226243091390337, -13.46596124979205200, 13.12892886302163120 ) ) ;
#2880 = CARTESIAN_POINT ( 'NONE',  ( -4.940804520980612402, -13.78426984683729550, 14.25553611618072658 ) ) ;
#2881 = CARTESIAN_POINT ( 'NONE',  ( 5.948647302343416321, 19.22448689379332620, 8.223195383677150971 ) ) ;
#2882 = CARTESIAN_POINT ( 'NONE',  ( -4.750000000000001776, -12.17951934508428202, 13.96104467166546925 ) ) ;
#2883 = CARTESIAN_POINT ( 'NONE',  ( -6.250000000000000000, 18.39309148752256817, 7.822790545156227182 ) ) ;
#2884 = CARTESIAN_POINT ( 'NONE',  ( -4.250000000000000000, -13.02102200659845899, 10.29794167876276134 ) ) ;
#2885 = CARTESIAN_POINT ( 'NONE',  ( 4.799367874472398654, -14.47747691911339096, 13.49152552320742871 ) ) ;
#2886 = CARTESIAN_POINT ( 'NONE',  ( -4.250000000000001776, 9.293219933078770367, 11.69268545943312887 ) ) ;
#2887 = CARTESIAN_POINT ( 'NONE',  ( 4.750000000000000888, -9.984655084265005698, 12.75975918862311609 ) ) ;
#2888 = CARTESIAN_POINT ( 'NONE',  ( -6.250000000000000000, -12.88159330880892206, 6.150045279623141070 ) ) ;
#2889 = EDGE_LOOP ( 'NONE', ( #1095, #1017, #937, #2597, #1689, #1557 ) ) ;
#2890 = AXIS2_PLACEMENT_3D ( 'NONE', #2389, #2455, #2646 ) ;
#2891 = CARTESIAN_POINT ( 'NONE',  ( -6.249999999999999112, 8.156604365163239834, 13.34746892783771344 ) ) ;
#2892 = CARTESIAN_POINT ( 'NONE',  ( 5.485535676250612447, -13.50331069679820928, 14.10475779102313787 ) ) ;
#2893 = CARTESIAN_POINT ( 'NONE',  ( -6.043724887915334243, -13.33414867714986407, 13.50122656264264975 ) ) ;
#2894 = CARTESIAN_POINT ( 'NONE',  ( 6.250000000000000000, -13.14635990577688673, 12.78358858090372330 ) ) ;
#2895 = FACE_OUTER_BOUND ( 'NONE', #1805, .T. ) ;
#2896 = DIRECTION ( 'NONE',  ( 0.0000000000000000000, -0.5180724077136680261, 0.8553367643015018507 ) ) ;
#2897 = CARTESIAN_POINT ( 'NONE',  ( -4.750000000000001776, -2.052714995586256919, 10.77667245105189231 ) ) ;
#2898 = CARTESIAN_POINT ( 'NONE',  ( 4.750000000000002665, -14.18553332444782811, 14.12065026706117266 ) ) ;
#2899 = FACE_OUTER_BOUND ( 'NONE', #95, .T. ) ;
#2900 = CARTESIAN_POINT ( 'NONE',  ( -4.250000000000000000, -10.94643134796799799, 1.880006493288146618 ) ) ;
#2901 = CARTESIAN_POINT ( 'NONE',  ( 6.250000000000000000, 18.45179184832159791, 7.703158755386578349 ) ) ;
#2902 = ORIENTED_EDGE ( 'NONE', *, *, #1358, .F. ) ;
#2903 = CARTESIAN_POINT ( 'NONE',  ( 4.249999999999999112, 17.94260393606009529, 7.605833133630169662 ) ) ;
#2904 = CARTESIAN_POINT ( 'NONE',  ( 6.250000000000081712, -12.46165080542918169, 14.11948605366345966 ) ) ;
#2905 = AXIS2_PLACEMENT_3D ( 'NONE', #2345, #733, #2602 ) ;
#2906 = CARTESIAN_POINT ( 'NONE',  ( -6.250000000000000888, 8.977522566627023082, 13.79590242137856393 ) ) ;
#2907 = CARTESIAN_POINT ( 'NONE',  ( 5.876552495359929296, -14.03076646701718211, 13.23586779266725522 ) ) ;
#2908 = CARTESIAN_POINT ( 'NONE',  ( -5.666782881369075042, -14.27358223871157072, 13.17271905098852969 ) ) ;
#2909 = CARTESIAN_POINT ( 'NONE',  ( -6.250000000000000888, -14.35642794837513492, 5.884697977003448877 ) ) ;
#2910 = VECTOR ( 'NONE', #524, 1000.000000000000000 ) ;
#2911 = CARTESIAN_POINT ( 'NONE',  ( -4.941573344697030912, -14.07646308131043433, 14.06327577666156436 ) ) ;
#2912 = CARTESIAN_POINT ( 'NONE',  ( 4.750000000000000000, -12.35468592525588960, 14.05981489954086960 ) ) ;
#2913 = CARTESIAN_POINT ( 'NONE',  ( 6.250000000000001776, 15.24205817533797891, 13.29173171206140935 ) ) ;
#2914 = DIRECTION ( 'NONE',  ( 1.000000000000000000, 0.0000000000000000000, 0.0000000000000000000 ) ) ;
#2915 = AXIS2_PLACEMENT_3D ( 'NONE', #544, #2159, #2834 ) ;
#2916 = CARTESIAN_POINT ( 'NONE',  ( -6.249999999999999112, 9.850722303921944700, 12.55810080718642574 ) ) ;
#2917 = CARTESIAN_POINT ( 'NONE',  ( 4.249999999999998224, 17.32975890952996423, 9.047229582840698114 ) ) ;
#2918 = CARTESIAN_POINT ( 'NONE',  ( 4.750000000000000888, 19.72300640937124783, 8.517876096879113845 ) ) ;
#2919 = ORIENTED_EDGE ( 'NONE', *, *, #910, .T. ) ;
#2920 = CARTESIAN_POINT ( 'NONE',  ( -4.250000000000001776, 10.50245810840835503, 12.30491579319858886 ) ) ;
#2921 = CARTESIAN_POINT ( 'NONE',  ( 4.750000000000000000, -5.299310450132421302, 11.11173182449469010 ) ) ;
#2922 = FACE_OUTER_BOUND ( 'NONE', #614, .T. ) ;
#2923 = CARTESIAN_POINT ( 'NONE',  ( -6.250000000000002665, 5.268411116739202704, 11.96705203683367991 ) ) ;
#2924 = CARTESIAN_POINT ( 'NONE',  ( 5.742305727006550953, -12.55038194600274615, 13.74434108295116097 ) ) ;
#2925 = CARTESIAN_POINT ( 'NONE',  ( 6.250000000000000000, -13.14635990577688673, 12.78358858090371974 ) ) ;
#2926 = CARTESIAN_POINT ( 'NONE',  ( -4.799371346942558070, -13.56683316066037825, 14.34588161953444008 ) ) ;
#2927 = CARTESIAN_POINT ( 'NONE',  ( -6.250000000000000000, -13.47562286744244631, -6.566612261936166206 ) ) ;
#2928 = CARTESIAN_POINT ( 'NONE',  ( 6.250000000000001776, 1.307916039190797131, 9.505861550013744221 ) ) ;
#2929 = CARTESIAN_POINT ( 'NONE',  ( 5.942361973515687623, -12.71853869514327684, 13.59333258139393230 ) ) ;
#2930 = CARTESIAN_POINT ( 'NONE',  ( 4.750000000000002665, -14.37930715174566387, 5.987462434695474123 ) ) ;
#2931 = CARTESIAN_POINT ( 'NONE',  ( -6.250000000000001776, 12.89604735519295886, 13.69334917255922868 ) ) ;
#2932 = CARTESIAN_POINT ( 'NONE',  ( -6.211122403445101803, -13.00578703228794986, 13.09306223893315035 ) ) ;
#2933 = CARTESIAN_POINT ( 'NONE',  ( 4.750000000000000888, 19.79838885590937991, 8.363973781816476105 ) ) ;
#2934 = CARTESIAN_POINT ( 'NONE',  ( 4.250000000000000000, 1.652873048757717456, 9.055035534275347686 ) ) ;
#2935 = CARTESIAN_POINT ( 'NONE',  ( 4.750000000000000888, -5.976219194241346955, 11.27163200530041820 ) ) ;
#2936 = CARTESIAN_POINT ( 'NONE',  ( -5.414798180148880036, -14.41946364242634893, 13.22307903547922514 ) ) ;
#2937 = EDGE_CURVE ( 'NONE', #142, #1510, #1217, .T. ) ;
#2938 = CARTESIAN_POINT ( 'NONE',  ( -6.250000000000169642, 10.28198983848416859, 14.37167865664184063 ) ) ;
#2939 = CARTESIAN_POINT ( 'NONE',  ( 5.726984397194095244, -13.44798839858722062, 13.90801327664185116 ) ) ;
#2940 = CARTESIAN_POINT ( 'NONE',  ( -4.749999999999999112, -13.60642293518986712, 2.886285401465551903 ) ) ;
#2941 = B_SPLINE_CURVE_WITH_KNOTS ( 'NONE', 3,
 ( #1499, #2024, #398, #2417, #2689, #167, #1745, #2702, #2674, #329, #151, #592, #2189, #1761, #2466, #2660, #1320, #2251, #2433, #103, #1024, #1961, #136, #2912 ),
 .UNSPECIFIED., .F., .F.,
 ( 4, 2, 2, 2, 2, 2, 2, 2, 2, 2, 2, 4 ),
 ( 0.0000000000000000000, 0.1250000000000000000, 0.1875000000000000000, 0.2500000000000000000, 0.3750000000000000000, 0.5000000000000000000, 0.6250000000000000000, 0.6875000000000000000, 0.7500000000000000000, 0.8750000000000000000, 0.9375000000000000000, 1.000000000000000000 ),
 .UNSPECIFIED. ) ;
#2942 = CARTESIAN_POINT ( 'NONE',  ( 6.250000000000000888, -14.35642638972631246, 5.884690290721965589 ) ) ;
#2943 = CARTESIAN_POINT ( 'NONE',  ( 4.849041837738763405, 19.74455986418034570, 8.473665535612399324 ) ) ;
#2944 = CARTESIAN_POINT ( 'NONE',  ( 6.249999999999998224, 15.55787410550923688, 13.08446498054837726 ) ) ;
#2945 = CARTESIAN_POINT ( 'NONE',  ( 6.150687596842492333, -13.11446726782189742, 13.30512602559986313 ) ) ;
#2946 = CARTESIAN_POINT ( 'NONE',  ( -4.749999999999999112, 19.74455986418033859, 8.473665535612399324 ) ) ;
#2947 = CARTESIAN_POINT ( 'NONE',  ( -6.249999999999999112, 11.26588216453265368, 13.13563408263859245 ) ) ;
#2948 = CARTESIAN_POINT ( 'NONE',  ( -6.211820243647183659, -12.96604063042073918, 13.07228646437202357 ) ) ;
#2949 = CARTESIAN_POINT ( 'NONE',  ( 4.750000000074578566, -14.52415593731367416, 13.38092733239913379 ) ) ;
#2950 = CARTESIAN_POINT ( 'NONE',  ( 4.250000000000000888, -5.945597522580416516, 9.212832891136462976 ) ) ;
#2951 = CARTESIAN_POINT ( 'NONE',  ( 6.250000000000000000, -7.805635596717969804, 10.24960461511586907 ) ) ;
#2952 = CARTESIAN_POINT ( 'NONE',  ( -5.501353072225538376, -14.37562250456665680, 13.20794455660496602 ) ) ;
#2953 = CARTESIAN_POINT ( 'NONE',  ( -6.249999999999912070, 9.273437038529522169, 13.94361126549775065 ) ) ;
#2954 = CARTESIAN_POINT ( 'NONE',  ( -6.250000000000206946, -13.19333761713723874, 1.860806839664806978 ) ) ;
#2955 = CARTESIAN_POINT ( 'NONE',  ( 6.250000000000000000, -13.26066862230059584, 8.083305740394779448 ) ) ;
#2956 = CARTESIAN_POINT ( 'NONE',  ( 4.750000000000000000, 19.74455986418033859, 8.473665535612399324 ) ) ;
#2957 = CARTESIAN_POINT ( 'NONE',  ( 4.250000000000000000, 11.21099267591271342, 12.58285362314523326 ) ) ;
#2958 = CARTESIAN_POINT ( 'NONE',  ( 6.092704537708100609, -13.58969358253999360, 13.26706086014021402 ) ) ;
#2959 = CARTESIAN_POINT ( 'NONE',  ( -6.210481697467590045, -13.40732748341716452, 12.99220015500599779 ) ) ;
#2960 = CARTESIAN_POINT ( 'NONE',  ( -5.539369603960962785, -14.27795951736937496, 13.37961735920720230 ) ) ;
#2961 = AXIS2_PLACEMENT_3D ( 'NONE', #275, #2578, #973 ) ;
#2962 = CARTESIAN_POINT ( 'NONE',  ( -4.250000000000000000, -11.91424254928373117, 11.48594262760541262 ) ) ;
#2963 = CARTESIAN_POINT ( 'NONE',  ( 6.250000000000000888, 7.180406945234993898, 12.80071086949036996 ) ) ;
#2964 = CARTESIAN_POINT ( 'NONE',  ( -6.250000000000000000, 14.23357019148848224, 13.78621856927823508 ) ) ;
#2965 = CARTESIAN_POINT ( 'NONE',  ( -6.250000000000001776, -13.44187844540155119, 11.67754102394487781 ) ) ;
#2966 = CARTESIAN_POINT ( 'NONE',  ( 6.250000000000000000, -13.40021863178926864, 11.91855198841795627 ) ) ;
#2967 = CARTESIAN_POINT ( 'NONE',  ( 4.750000000000000888, 9.031209898070340358, 13.82792510150194332 ) ) ;
#2968 = CARTESIAN_POINT ( 'NONE',  ( 4.750000000000001776, 16.13914626982586498, 14.48946648422002603 ) ) ;
#2969 = DIRECTION ( 'NONE',  ( 1.000000000000000000, 0.0000000000000000000, 0.0000000000000000000 ) ) ;
#2970 = CARTESIAN_POINT ( 'NONE',  ( 6.171032823414262403, -13.59236985874534120, 12.96881697054650040 ) ) ;
#2971 = CARTESIAN_POINT ( 'NONE',  ( -6.209991376721545109, -13.34923683993439347, 13.04087111833135282 ) ) ;
#2972 = EDGE_CURVE ( 'NONE', #1861, #2110, #1702, .T. ) ;
#2973 = CARTESIAN_POINT ( 'NONE',  ( -5.529865241853348046, -13.10214397589919777, 14.11536775038450209 ) ) ;
#2974 = CARTESIAN_POINT ( 'NONE',  ( -4.250000000000001776, -2.638396306550559345, 8.771658466696356626 ) ) ;
#2975 = CARTESIAN_POINT ( 'NONE',  ( 4.750000000000000888, 7.496617140295304793, 12.97531269770998641 ) ) ;
#2976 = CARTESIAN_POINT ( 'NONE',  ( -6.250000000000000000, 14.34780978321396994, 13.75133691930840563 ) ) ;
#2977 = CARTESIAN_POINT ( 'NONE',  ( 4.249999999999999112, -13.00759466676227838, 11.17027432249023455 ) ) ;
#2978 = CARTESIAN_POINT ( 'NONE',  ( 4.750000000000105693, -14.45275676022517253, 6.362933186172099909 ) ) ;
#2979 = CARTESIAN_POINT ( 'NONE',  ( 6.250000000000002665, 16.19664246408047958, 14.45341773711422917 ) ) ;
#2980 = CARTESIAN_POINT ( 'NONE',  ( 4.750000000000000888, 5.191062957035224024, 11.93884462033481064 ) ) ;
#2981 = CARTESIAN_POINT ( 'NONE',  ( 4.750000000000001776, 15.12518120666728727, 15.05488817746994457 ) ) ;
#2982 = CARTESIAN_POINT ( 'NONE',  ( -4.750000000000000888, -12.15102633563325440, 13.94151201948152341 ) ) ;
#2983 = CARTESIAN_POINT ( 'NONE',  ( 6.153342990780406474, -13.61933857869477471, 13.01953830888134789 ) ) ;
#2984 = CARTESIAN_POINT ( 'NONE',  ( -6.250000000000000888, -13.14635990577688318, 12.78358858090372330 ) ) ;
#2985 = CARTESIAN_POINT ( 'NONE',  ( -5.487656010209720492, -13.95205903517988055, 13.87300744069786163 ) ) ;
#2986 = CARTESIAN_POINT ( 'NONE',  ( -4.250000000000001776, 1.652873048757717456, 9.055035534275347686 ) ) ;
#2987 = CARTESIAN_POINT ( 'NONE',  ( 4.750000000000001776, 9.690359377740380253, 14.13486523145062890 ) ) ;
#2988 = CARTESIAN_POINT ( 'NONE',  ( -6.250000000000000000, 14.21055612651840150, 13.79270346307822592 ) ) ;
#2989 = CARTESIAN_POINT ( 'NONE',  ( -4.749999999983629984, -4.276534977829363093, 10.67990469265326503 ) ) ;
#2990 = CARTESIAN_POINT ( 'NONE',  ( 4.249999999999994671, 17.94260393606002779, 7.605833133630308218 ) ) ;
#2991 = CARTESIAN_POINT ( 'NONE',  ( 4.750000000000084377, 15.99776796109719790, 14.58071005335206038 ) ) ;
#2992 = CARTESIAN_POINT ( 'NONE',  ( 4.750000000000001776, -11.50940477722623712, 13.56749776014450148 ) ) ;
#2993 = CARTESIAN_POINT ( 'NONE',  ( 4.750000000000000888, 16.91051461975877501, 13.91701453390527377 ) ) ;
#2994 = CARTESIAN_POINT ( 'NONE',  ( -6.250000000000125233, -11.91124053830279550, 13.79948923252971937 ) ) ;
#2995 = CARTESIAN_POINT ( 'NONE',  ( 5.133554269667298442, -14.27138499050319709, 13.76841481386279398 ) ) ;
#2996 = CARTESIAN_POINT ( 'NONE',  ( -6.199954064768748552, -13.51296387630568496, 12.91014460380953643 ) ) ;
#2997 = CARTESIAN_POINT ( 'NONE',  ( -5.651079452275618920, -13.37180800920974733, 14.00019145724641767 ) ) ;
#2998 = CARTESIAN_POINT ( 'NONE',  ( 4.750000000000000888, -14.76706391012316111, 7.984342492800040603 ) ) ;
#2999 = CARTESIAN_POINT ( 'NONE',  ( 6.240112939862307861, -13.06550970285587354, 12.96227279310789804 ) ) ;
#3000 = CARTESIAN_POINT ( 'NONE',  ( 6.249999999999664269, 8.507490468819101537, 13.54975008170975315 ) ) ;
ENDSEC;
END-ISO-10303-21;
