ISO-10303-21;
HEADER;
FILE_DESCRIPTION (( 'STEP AP214' ),
    '1' );
FILE_NAME ('Viper Face Plate.STEP',
    '2020-07-18T15:26:56',
    ( '' ),
    ( '' ),
    'SwSTEP 2.0',
    'SolidWorks 2019',
    '' );
FILE_SCHEMA (( 'AUTOMOTIVE_DESIGN' ));
ENDSEC;

DATA;
#1 = CARTESIAN_POINT ( 'NONE',  ( -19.48861892624203662, 155.1459321832163027, 24.75072591644772402 ) ) ;
#2 = CARTESIAN_POINT ( 'NONE',  ( -20.57819298938238717, 161.2070154527042405, 31.33280001878831911 ) ) ;
#3 = CARTESIAN_POINT ( 'NONE',  ( 15.51124872649204356, 144.9428783581390974, 17.93210088347297315 ) ) ;
#4 = CARTESIAN_POINT ( 'NONE',  ( 24.87658496782875162, 156.7922312047591049, 26.20363248616647311 ) ) ;
#5 = CARTESIAN_POINT ( 'NONE',  ( 12.19130498644207705, 151.0378850417106094, 22.15311685893245297 ) ) ;
#6 = CARTESIAN_POINT ( 'NONE',  ( -8.036627017418977559, 131.4470956330090701, 8.239368688953224051 ) ) ;
#7 = CARTESIAN_POINT ( 'NONE',  ( 12.22565012504142246, 131.2680088402643150, 8.190527936613900550 ) ) ;
#8 = CARTESIAN_POINT ( 'NONE',  ( 27.83613801547978994, 139.1851141862198915, 13.85703829755424188 ) ) ;
#9 = CYLINDRICAL_SURFACE ( 'NONE', #3601, 9.000000000000008882 ) ;
#10 = DIRECTION ( 'NONE',  ( 0.0000000000000000000, 0.8189665403419608136, 0.5738412723047372488 ) ) ;
#11 = CARTESIAN_POINT ( 'NONE',  ( -7.577034181797340118, 128.8695302077451856, 9.736631690887982415 ) ) ;
#12 = CARTESIAN_POINT ( 'NONE',  ( -18.01346634466404950, 166.0055012994195920, 32.66413539772522512 ) ) ;
#13 = ADVANCED_FACE ( 'NONE', ( #2308, #5509 ), #4494, .T. ) ;
#14 = CARTESIAN_POINT ( 'NONE',  ( 31.35361784213551317, 133.7096130127266917, 10.05135720715660774 ) ) ;
#15 = EDGE_CURVE ( 'NONE', #6746, #1914, #5610, .T. ) ;
#16 = FACE_BOUND ( 'NONE', #1950, .T. ) ;
#17 = CARTESIAN_POINT ( 'NONE',  ( 5.773617936100928993, 167.5366077854695561, 33.69102585255942017 ) ) ;
#18 = EDGE_LOOP ( 'NONE', ( #461, #3912, #6661, #3245, #1866, #6289, #2564, #4653, #256 ) ) ;
#19 = CARTESIAN_POINT ( 'NONE',  ( 0.02732515301196022928, 130.5498446798175678, 7.573485747810289936 ) ) ;
#20 = CARTESIAN_POINT ( 'NONE',  ( 15.73412532377495587, 187.5568585326642221, -36.00771775417063481 ) ) ;
#21 = CARTESIAN_POINT ( 'NONE',  ( -17.06112820746102443, 168.1130483998850309, 33.82872969177295630 ) ) ;
#22 = CARTESIAN_POINT ( 'NONE',  ( 31.10415255936965551, 142.1931939957728730, 19.17915745002117944 ) ) ;
#23 = DIRECTION ( 'NONE',  ( -0.0007442450898864460922, -0.5767790250261927154, 0.8168998729275704918 ) ) ;
#24 = ORIENTED_EDGE ( 'NONE', *, *, #1068, .T. ) ;
#25 = CARTESIAN_POINT ( 'NONE',  ( -14.99177391156846184, 129.0459942220128085, 6.948887051448276786 ) ) ;
#26 = CARTESIAN_POINT ( 'NONE',  ( -11.75335188318472923, 164.2123827442857475, 29.24095149273260574 ) ) ;
#27 = CARTESIAN_POINT ( 'NONE',  ( -15.46191321594202606, 135.4253870294553792, 13.13412569881751146 ) ) ;
#28 = CARTESIAN_POINT ( 'NONE',  ( -13.83788177634284544, 145.6333913287130031, 18.40920154174549594 ) ) ;
#29 = CARTESIAN_POINT ( 'NONE',  ( 11.53945206092072517, 140.8398063721688231, 15.02137377527110118 ) ) ;
#30 = CARTESIAN_POINT ( 'NONE',  ( -13.38210278213612092, 128.5439543767691646, 6.457551574906711167 ) ) ;
#31 = ORIENTED_EDGE ( 'NONE', *, *, #2676, .F. ) ;
#32 = CARTESIAN_POINT ( 'NONE',  ( -5.415602665283961059, 128.4486677882168522, 9.441447434887633605 ) ) ;
#33 = CARTESIAN_POINT ( 'NONE',  ( 20.30232931617023340, 154.0407562977181612, 24.27969216918599216 ) ) ;
#34 = CARTESIAN_POINT ( 'NONE',  ( 20.45600112370113166, 139.8927964972952225, 14.38211424359109714 ) ) ;
#35 = CARTESIAN_POINT ( 'NONE',  ( 30.20215594893310396, 150.0860313352720823, 23.52699962324491878 ) ) ;
#36 = CARTESIAN_POINT ( 'NONE',  ( -2.385724586207747855, 136.8794442606216251, 12.14587884452517130 ) ) ;
#37 = CARTESIAN_POINT ( 'NONE',  ( 27.62664258987123134, 161.8103653105362127, 29.69777110895671512 ) ) ;
#38 = CARTESIAN_POINT ( 'NONE',  ( -14.01681169861901921, 150.9757088394990205, 22.17692216997338406 ) ) ;
#39 = CARTESIAN_POINT ( 'NONE',  ( -21.86198436951636737, 130.9248811985864052, 8.948591861549198612 ) ) ;
#40 = CARTESIAN_POINT ( 'NONE',  ( 27.81693631710322734, 139.5465283171588737, 14.11111159871138199 ) ) ;
#41 = FACE_OUTER_BOUND ( 'NONE', #663, .T. ) ;
#42 = CARTESIAN_POINT ( 'NONE',  ( 0.02602875003691189001, 129.5451513950192464, 8.996446329024463395 ) ) ;
#43 =( NAMED_UNIT ( * ) SI_UNIT ( $, .STERADIAN. ) SOLID_ANGLE_UNIT ( ) );
#44 = CARTESIAN_POINT ( 'NONE',  ( -22.57466433133211936, 166.0167506039336729, 32.63686211219526712 ) ) ;
#45 = CARTESIAN_POINT ( 'NONE',  ( -13.81597697049259388, 133.0013892392231014, 9.538715835506666352 ) ) ;
#46 = CARTESIAN_POINT ( 'NONE',  ( -10.68640949660549744, 140.8467910496666207, 15.01470883798243960 ) ) ;
#47 = EDGE_CURVE ( 'NONE', #5713, #1035, #4645, .T. ) ;
#48 = CARTESIAN_POINT ( 'NONE',  ( 19.93322295867055161, 168.1154697311775408, 34.10399867870015811 ) ) ;
#49 = VERTEX_POINT ( 'NONE', #5098 ) ;
#50 = DIRECTION ( 'NONE',  ( 0.0007442459860544277123, 0.5767790251485576114, -0.8168998728403572551 ) ) ;
#51 = CARTESIAN_POINT ( 'NONE',  ( 15.63519927606810533, 169.1839199296704237, 34.22819933978217932 ) ) ;
#52 = CARTESIAN_POINT ( 'NONE',  ( -5.847581602663992406, 171.1079673017264895, 38.33687081024841348 ) ) ;
#53 = CARTESIAN_POINT ( 'NONE',  ( -7.895554227302719497, 173.6213072770945303, 37.73006075786082647 ) ) ;
#54 = CARTESIAN_POINT ( 'NONE',  ( 21.54501508394976028, 168.4848870485030545, 26.44130638911877540 ) ) ;
#55 = ORIENTED_EDGE ( 'NONE', *, *, #6525, .T. ) ;
#56 = CARTESIAN_POINT ( 'NONE',  ( -7.238184675553546832, 129.2457373908479781, 6.683701014391224327 ) ) ;
#57 = DIRECTION ( 'NONE',  ( -0.0007442459860544277123, -0.5767790251485576114, 0.8168998728403572551 ) ) ;
#58 = CARTESIAN_POINT ( 'NONE',  ( 15.83083610491351223, 168.6796480658014161, 36.64208593971054029 ) ) ;
#59 = CARTESIAN_POINT ( 'NONE',  ( 21.21751752377746669, 145.6676697479062454, 18.44694916135464169 ) ) ;
#60 = CARTESIAN_POINT ( 'NONE',  ( -16.32967796163424978, 137.9168412322727306, 12.94589418699873562 ) ) ;
#61 = CARTESIAN_POINT ( 'NONE',  ( -9.340473947358107765, 129.2252565989039113, 6.707664756213732815 ) ) ;
#62 = VERTEX_POINT ( 'NONE', #2374 ) ;
#63 = CARTESIAN_POINT ( 'NONE',  ( -7.576289936702607974, 129.4463092327646621, 8.919731817968202137 ) ) ;
#64 = CARTESIAN_POINT ( 'NONE',  ( 13.15123145304288421, 159.8087851413685598, 28.25999145659131173 ) ) ;
#65 = CARTESIAN_POINT ( 'NONE',  ( 16.86033884038554120, 144.6117504040759059, 17.70544186015084165 ) ) ;
#66 = CARTESIAN_POINT ( 'NONE',  ( -20.46411801697063382, 157.9129311463065051, 29.00708802175476464 ) ) ;
#67 = DIRECTION ( 'NONE',  ( -0.0007442450898864458753, -0.5767790250261926044, 0.8168998729275703807 ) ) ;
#68 = CARTESIAN_POINT ( 'NONE',  ( -14.52452702596970013, 151.7201381383860905, 22.69582159178459690 ) ) ;
#69 = VECTOR ( 'NONE', #6603, 1000.000000000000114 ) ;
#70 = CARTESIAN_POINT ( 'NONE',  ( -22.54400908815880555, 148.3317543587128853, 20.23306544569694765 ) ) ;
#71 = CARTESIAN_POINT ( 'NONE',  ( -16.31829998538618298, 131.2124282781531690, 8.552964398483354103 ) ) ;
#72 = DIRECTION ( 'NONE',  ( 0.0001635243220480100468, 0.5738412646324204669, -0.8189665293922950839 ) ) ;
#73 = CARTESIAN_POINT ( 'NONE',  ( 30.18463667906369707, 144.4938482127555233, 19.57857574084095020 ) ) ;
#74 = CARTESIAN_POINT ( 'NONE',  ( -8.312484008735848917, 131.5164615638790906, 8.235581654654884787 ) ) ;
#75 = ORIENTED_EDGE ( 'NONE', *, *, #493, .T. ) ;
#76 = SURFACE_STYLE_USAGE ( .BOTH. , #6066 ) ;
#77 = CARTESIAN_POINT ( 'NONE',  ( -21.26950862369684003, 166.0120513780617841, 32.64677335234847533 ) ) ;
#78 = CARTESIAN_POINT ( 'NONE',  ( 13.39316960360594955, 136.9702592052304908, 12.30584082170657645 ) ) ;
#79 = VECTOR ( 'NONE', #2416, 1000.000000000000000 ) ;
#80 = CARTESIAN_POINT ( 'NONE',  ( 27.67531014285408730, 133.7126524114589472, 10.03795003959595533 ) ) ;
#81 = B_SPLINE_CURVE_WITH_KNOTS ( 'NONE', 3,
 ( #1770, #5568, #4110, #4071 ),
 .UNSPECIFIED., .F., .F.,
 ( 4, 4 ),
 ( 0.02375835614032098184, 0.03300832785791786572 ),
 .UNSPECIFIED. ) ;
#82 = CARTESIAN_POINT ( 'NONE',  ( -12.06331125926315906, 144.5492048809095706, 17.64666623011902757 ) ) ;
#83 = CARTESIAN_POINT ( 'NONE',  ( 5.426011414253578913, 154.8702610258667960, 24.82073795310969899 ) ) ;
#84 = ORIENTED_EDGE ( 'NONE', *, *, #1400, .F. ) ;
#85 = CARTESIAN_POINT ( 'NONE',  ( -10.34648197968590644, 142.3545074027827866, 17.35787270267036320 ) ) ;
#86 = ADVANCED_FACE ( 'NONE', ( #4961 ), #3345, .F. ) ;
#87 = AXIS2_PLACEMENT_3D ( 'NONE', #4350, #5501, #6955 ) ;
#88 = CARTESIAN_POINT ( 'NONE',  ( -19.52358880101211724, 162.8002204403078679, 30.07531938228884982 ) ) ;
#89 = CARTESIAN_POINT ( 'NONE',  ( -6.980646942748078843, 173.6213859049943835, 37.72994854282554655 ) ) ;
#90 = DIRECTION ( 'NONE',  ( 0.9999286218478021793, 0.009312016980020291698, 0.007485823222506679704 ) ) ;
#91 = EDGE_LOOP ( 'NONE', ( #3788, #5105, #2799, #1697, #4748 ) ) ;
#92 = CARTESIAN_POINT ( 'NONE',  ( 4.889161086407216139, 128.7110255647633323, 6.264838092580882645 ) ) ;
#93 = CARTESIAN_POINT ( 'NONE',  ( 22.64552916648450775, 138.9894718481081384, 13.73323958330778538 ) ) ;
#94 = DIRECTION ( 'NONE',  ( 0.0007442459860544277123, 0.5767790251485576114, -0.8168998728403572551 ) ) ;
#95 = CARTESIAN_POINT ( 'NONE',  ( -10.66837138456316225, 140.8183711860054927, 14.99706125131131174 ) ) ;
#96 = CARTESIAN_POINT ( 'NONE',  ( -11.18143051503408891, 140.8202124532753032, 14.99317367537064705 ) ) ;
#97 = CARTESIAN_POINT ( 'NONE',  ( 19.66678356195614441, 129.0790812613404626, 6.987350869771646877 ) ) ;
#98 = ADVANCED_FACE ( 'NONE', ( #2475 ), #4695, .F. ) ;
#99 = EDGE_CURVE ( 'NONE', #914, #894, #3475, .T. ) ;
#100 = ORIENTED_EDGE ( 'NONE', *, *, #3331, .F. ) ;
#101 = CARTESIAN_POINT ( 'NONE',  ( -10.89283306623600645, 132.5674816995467893, 9.067243614805713392 ) ) ;
#102 = CARTESIAN_POINT ( 'NONE',  ( 14.23003680989359410, 164.5278911791724283, 31.56880353113348647 ) ) ;
#103 = CARTESIAN_POINT ( 'NONE',  ( -21.67890248672505038, 162.5507778622148294, 29.97698399886726506 ) ) ;
#104 = CARTESIAN_POINT ( 'NONE',  ( 7.983431312184070983, 174.5650830787701011, 38.64538103154713156 ) ) ;
#105 = CARTESIAN_POINT ( 'NONE',  ( -17.68077312784921418, 148.5231708538498481, 23.60404477916619470 ) ) ;
#106 = CARTESIAN_POINT ( 'NONE',  ( 27.65020934404697073, 138.4775070755903528, 13.36010292726585291 ) ) ;
#107 = CARTESIAN_POINT ( 'NONE',  ( -12.74822525000815432, 156.7178978590694101, 26.21655851616833033 ) ) ;
#108 = CARTESIAN_POINT ( 'NONE',  ( -10.68602814579975835, 150.9696485458971154, 22.19377153826182436 ) ) ;
#109 = CARTESIAN_POINT ( 'NONE',  ( -12.96073750708236005, 131.3713035946778689, 8.335099790564488131 ) ) ;
#110 = CARTESIAN_POINT ( 'NONE',  ( 0.03798117883876175188, 137.2168790685139470, 12.36144000604547166 ) ) ;
#111 = CARTESIAN_POINT ( 'NONE',  ( 7.998196912508538148, 166.0641536900208735, 32.64486112223294612 ) ) ;
#112 = CARTESIAN_POINT ( 'NONE',  ( 30.20619637435608951, 146.7301780794928447, 21.15757489191571139 ) ) ;
#113 = DIRECTION ( 'NONE',  ( 0.0007442459860544277123, 0.5767790251485576114, -0.8168998728403572551 ) ) ;
#114 = ORIENTED_EDGE ( 'NONE', *, *, #2806, .F. ) ;
#115 = CARTESIAN_POINT ( 'NONE',  ( 27.61187556667177745, 170.3345738637156899, 35.66515393649960686 ) ) ;
#116 = CARTESIAN_POINT ( 'NONE',  ( 1.700741516096046846, 137.0296505903236834, 12.19243399713507081 ) ) ;
#117 = CARTESIAN_POINT ( 'NONE',  ( -3.995868660383178117, 133.0991824003513386, 9.423753721415851103 ) ) ;
#118 = CARTESIAN_POINT ( 'NONE',  ( -7.160312508457661096, 171.4024421098710036, 39.76773147981364076 ) ) ;
#119 = CARTESIAN_POINT ( 'NONE',  ( 21.05965357224418710, 168.1703003661617970, 33.57537592551668837 ) ) ;
#120 = ORIENTED_EDGE ( 'NONE', *, *, #5486, .T. ) ;
#121 = CARTESIAN_POINT ( 'NONE',  ( -21.39591946093187147, 158.6688329333079821, 27.45267081196796966 ) ) ;
#122 = CARTESIAN_POINT ( 'NONE',  ( -9.546802898663674597, 138.6362747772149646, 13.43946258190679544 ) ) ;
#123 = CARTESIAN_POINT ( 'NONE',  ( -18.55105426686021630, 169.0414883135898378, 34.52442863832854414 ) ) ;
#124 = ORIENTED_EDGE ( 'NONE', *, *, #3065, .F. ) ;
#125 = CARTESIAN_POINT ( 'NONE',  ( -10.64715990179880123, 128.6269122110057879, 6.346215784256870052 ) ) ;
#126 = CARTESIAN_POINT ( 'NONE',  ( -11.75335188318472923, 166.3416957491748178, 30.73293880072491646 ) ) ;
#127 = CARTESIAN_POINT ( 'NONE',  ( 19.84385898410832283, 167.3834074453423284, 36.95466068691045791 ) ) ;
#128 = CARTESIAN_POINT ( 'NONE',  ( -12.72060786016940881, 140.8249791254012564, 14.98258869534799231 ) ) ;
#129 = CARTESIAN_POINT ( 'NONE',  ( 18.07223460006096971, 137.9303388912079242, 13.01160922188071467 ) ) ;
#130 = CARTESIAN_POINT ( 'NONE',  ( 24.92542498910643545, 128.5254538977846153, 6.578456689310923977 ) ) ;
#131 = VERTEX_POINT ( 'NONE', #2406 ) ;
#132 = CARTESIAN_POINT ( 'NONE',  ( -15.04535158300518027, 134.5777728805950062, 12.53604011375663418 ) ) ;
#133 = CARTESIAN_POINT ( 'NONE',  ( 14.23064484376685890, 164.8156844044603133, 31.15963608556095110 ) ) ;
#134 = CARTESIAN_POINT ( 'NONE',  ( 21.49191357483465481, 139.9995831008855305, 14.45199589139510721 ) ) ;
#135 = CARTESIAN_POINT ( 'NONE',  ( -19.64269275185458241, 153.1408765966853878, 26.86262737631276920 ) ) ;
#136 = LINE ( 'NONE', #4599, #2268 ) ;
#137 = EDGE_CURVE ( 'NONE', #5395, #5122, #3583, .T. ) ;
#138 = CARTESIAN_POINT ( 'NONE',  ( -4.162574053846062050, 167.1023731087212525, 33.18452179884390318 ) ) ;
#139 = CARTESIAN_POINT ( 'NONE',  ( -10.68731691901895964, 151.7129300210999361, 22.71555506933301061 ) ) ;
#140 = CARTESIAN_POINT ( 'NONE',  ( -0.7687506961697948560, 145.6641357344746268, 18.39770189913483733 ) ) ;
#141 = CARTESIAN_POINT ( 'NONE',  ( -11.16346915582040289, 130.5095115223866458, 7.648749541986937572 ) ) ;
#142 = CARTESIAN_POINT ( 'NONE',  ( 28.93615280286556057, 164.3186955674945864, 31.45442705288472496 ) ) ;
#143 = CARTESIAN_POINT ( 'NONE',  ( -0.8040454194934557597, 166.0358275395573742, 32.66345219057856042 ) ) ;
#144 = CARTESIAN_POINT ( 'NONE',  ( 7.332950240914224871, 129.3435216003632036, 8.860740963407133464 ) ) ;
#145 = CARTESIAN_POINT ( 'NONE',  ( 10.55851467278237976, 129.3591046502405391, 10.09882242271653219 ) ) ;
#146 = ORIENTED_EDGE ( 'NONE', *, *, #2366, .T. ) ;
#147 = CARTESIAN_POINT ( 'NONE',  ( 10.10674452102041521, 166.0681635614880065, 32.64435861101252812 ) ) ;
#148 =( GEOMETRIC_REPRESENTATION_CONTEXT ( 3 ) GLOBAL_UNCERTAINTY_ASSIGNED_CONTEXT ( ( #6101 ) ) GLOBAL_UNIT_ASSIGNED_CONTEXT ( ( #1057, #6524, #43 ) ) REPRESENTATION_CONTEXT ( 'NONE', 'WORKASPACE' ) );
#149 = CARTESIAN_POINT ( 'NONE',  ( 33.18710911801303354, 136.9885315870812121, 12.32869629831156999 ) ) ;
#150 = CARTESIAN_POINT ( 'NONE',  ( 13.39883043021700537, 133.7184054816289915, 9.994516200360099134 ) ) ;
#151 = CIRCLE ( 'NONE', #7013, 1.099999999999981437 ) ;
#152 = CARTESIAN_POINT ( 'NONE',  ( -5.431661220302890669, 149.3727099273164924, 21.06202248088837692 ) ) ;
#153 = B_SPLINE_CURVE_WITH_KNOTS ( 'NONE', 3,
 ( #5511, #4897, #6044, #5975 ),
 .UNSPECIFIED., .F., .F.,
 ( 4, 4 ),
 ( 0.0000000000000000000, 0.001057249619223167222 ),
 .UNSPECIFIED. ) ;
#154 = EDGE_LOOP ( 'NONE', ( #6262, #6787, #5434, #6223 ) ) ;
#155 = DIRECTION ( 'NONE',  ( 0.0001635243220480100197, 0.5738412646324202449, -0.8189665293922948619 ) ) ;
#156 = CARTESIAN_POINT ( 'NONE',  ( -19.57946653125348035, 161.1582550764611028, 31.29928224518999968 ) ) ;
#157 = CARTESIAN_POINT ( 'NONE',  ( -11.92052228379789369, 133.2360593949740633, 9.572411432675616894 ) ) ;
#158 = DIRECTION ( 'NONE',  ( 0.0000000000000000000, 0.8189665403419613687, 0.5738412723047364716 ) ) ;
#159 = CARTESIAN_POINT ( 'NONE',  ( 17.42766359598449810, 129.1026084071072262, 6.948333052042593216 ) ) ;
#160 = CARTESIAN_POINT ( 'NONE',  ( 12.44866343051770485, 130.3282807296697854, 9.560699151493459169 ) ) ;
#161 = CARTESIAN_POINT ( 'NONE',  ( -14.31004162223543652, 150.9025838876699765, 22.12268828343805538 ) ) ;
#162 = CARTESIAN_POINT ( 'NONE',  ( 10.15042134651485206, 140.8482145045328480, 15.00597597274705386 ) ) ;
#163 = CARTESIAN_POINT ( 'NONE',  ( -12.69840495898999322, 127.9926041465866149, 6.034121747460541307 ) ) ;
#164 = B_SPLINE_CURVE_WITH_KNOTS ( 'NONE', 3,
 ( #1253, #238, #6215, #134, #3425, #2918, #2351, #6683, #1309, #2953, #2415, #1881, #6718, #2859, #1820, #4596, #3996, #3523, #6185, #4059, #1340, #1219, #2887, #5716, #2987, #5074, #2450, #1282, #2319, #4630, #3930, #1787, #3705, #5859 ),
 .UNSPECIFIED., .F., .F.,
 ( 4, 2, 2, 2, 2, 2, 2, 2, 2, 2, 2, 2, 2, 2, 2, 2, 4 ),
 ( 0.01250587860177717128, 0.01328731914439924139, 0.01406875968702130976, 0.01485020022964337813, 0.01563164077226544824, 0.01641308131488751834, 0.01719452185750958845, 0.01797596240013165508, 0.01875740294275372519, 0.01953884348537578836, 0.02032028402799785152, 0.02110172457061991469, 0.02188316511324198133, 0.02266460565586404102, 0.02344604619848610766, 0.02422748674110817083, 0.02500892728373023399 ),
 .UNSPECIFIED. ) ;
#165 = ORIENTED_EDGE ( 'NONE', *, *, #551, .F. ) ;
#166 = LINE ( 'NONE', #4057, #3383 ) ;
#167 = CARTESIAN_POINT ( 'NONE',  ( 15.51966151442698916, 166.4484016830807604, 32.92224388272137503 ) ) ;
#168 = CARTESIAN_POINT ( 'NONE',  ( -7.762794312202186298, 143.2235398537874858, 16.72059825628845076 ) ) ;
#169 = CARTESIAN_POINT ( 'NONE',  ( -11.75314747778216784, 167.0589973299653366, 29.70923063898455041 ) ) ;
#170 = CARTESIAN_POINT ( 'NONE',  ( 13.21623889116830952, 146.3944458414044050, 18.92982294886765970 ) ) ;
#171 = CARTESIAN_POINT ( 'NONE',  ( 27.55131554257162207, 138.3167081731259884, 13.24725602784050693 ) ) ;
#172 = CARTESIAN_POINT ( 'NONE',  ( 10.13276201356178419, 151.0415668257656421, 22.14279401405291736 ) ) ;
#173 = CARTESIAN_POINT ( 'NONE',  ( 29.48906912020989424, 148.3704253481546971, 20.30647342756128282 ) ) ;
#174 = CARTESIAN_POINT ( 'NONE',  ( -0.7436864439868298149, 131.2991631638876697, 8.114163261955381401 ) ) ;
#175 = EDGE_CURVE ( 'NONE', #944, #1035, #4124, .T. ) ;
#176 = CARTESIAN_POINT ( 'NONE',  ( -0.4614559805413895321, 137.3088658868153971, 12.43293566732846678 ) ) ;
#177 = EDGE_CURVE ( 'NONE', #6417, #812, #3691, .T. ) ;
#178 = CARTESIAN_POINT ( 'NONE',  ( 19.60287284619918324, 166.0757742606519116, 32.65696827077260878 ) ) ;
#179 = CARTESIAN_POINT ( 'NONE',  ( 21.54464715422515297, 163.3855497904900176, 25.61561916403430672 ) ) ;
#180 = CARTESIAN_POINT ( 'NONE',  ( 29.99601982503276787, 161.9632199722260566, 29.26218006683283335 ) ) ;
#181 = CIRCLE ( 'NONE', #4177, 4.649999999999995914 ) ;
#182 = VERTEX_POINT ( 'NONE', #229 ) ;
#183 = DIRECTION ( 'NONE',  ( 0.0000000000000000000, 0.0000000000000000000, 1.000000000000000000 ) ) ;
#184 = CARTESIAN_POINT ( 'NONE',  ( 11.50315739411049343, 161.8197857341756105, 29.64455719182807059 ) ) ;
#185 = CARTESIAN_POINT ( 'NONE',  ( -19.25798646948904747, 132.7984405970432249, 9.814171381156727492 ) ) ;
#186 = CARTESIAN_POINT ( 'NONE',  ( 31.35620651138735226, 132.2041771212274455, 9.021987956321918745 ) ) ;
#187 = ADVANCED_FACE ( 'NONE', ( #6880 ), #1945, .F. ) ;
#188 = CARTESIAN_POINT ( 'NONE',  ( 20.55951028961914417, 168.0734547337069671, 33.91441300263885239 ) ) ;
#189 = EDGE_LOOP ( 'NONE', ( #5161, #6532, #3130, #4449 ) ) ;
#190 = AXIS2_PLACEMENT_3D ( 'NONE', #6179, #4463, #1746 ) ;
#191 = CARTESIAN_POINT ( 'NONE',  ( -0.2632821683241596267, 171.3666150995709074, 38.52457889685361181 ) ) ;
#192 = CIRCLE ( 'NONE', #6483, 4.649999999999997691 ) ;
#193 = CARTESIAN_POINT ( 'NONE',  ( 11.55741237471811189, 130.5462091347920932, 7.652603128412705402 ) ) ;
#194 = B_SPLINE_CURVE_WITH_KNOTS ( 'NONE', 3,
 ( #2223, #5562, #6593, #1696, #1163, #3334, #5527, #2260, #1732, #3906, #6097, #1194, #6261, #1292, #180, #4609, #5728, #5121 ),
 .UNSPECIFIED., .F., .F.,
 ( 4, 2, 2, 2, 2, 2, 2, 2, 4 ),
 ( 6.736447455048116623E-17, 0.0008758473924879653242, 0.001751694784975863428, 0.002627542177463761206, 0.003065465873707670739, 0.003284427721829662368, 0.003393908645890700033, 0.003448649107921179183, 0.003503389569951658334 ),
 .UNSPECIFIED. ) ;
#195 = DIRECTION ( 'NONE',  ( 0.0000000000000000000, 0.8189665403419613687, 0.5738412723047361386 ) ) ;
#196 = ORIENTED_EDGE ( 'NONE', *, *, #5689, .T. ) ;
#197 = CARTESIAN_POINT ( 'NONE',  ( 29.52330846037442669, 128.5413491694216361, 6.567181183846305004 ) ) ;
#198 = CARTESIAN_POINT ( 'NONE',  ( -1.572914802423116543, 138.8645137839431243, 13.56271068389191470 ) ) ;
#199 = DIRECTION ( 'NONE',  ( 0.0000000000000000000, 0.8189665403419611467, 0.5738412723047364716 ) ) ;
#200 = CARTESIAN_POINT ( 'NONE',  ( 8.756359764944082968, 143.7528261562622731, 17.03533866171197531 ) ) ;
#201 = CARTESIAN_POINT ( 'NONE',  ( 19.66777119885310299, 128.5000333634932019, 6.601662289598076327 ) ) ;
#202 = ORIENTED_EDGE ( 'NONE', *, *, #1069, .T. ) ;
#203 = CARTESIAN_POINT ( 'NONE',  ( 21.54440186774208144, 162.5247878935414008, 26.84406895812274740 ) ) ;
#204 = CARTESIAN_POINT ( 'NONE',  ( 16.98154573549219393, 167.3212143015442734, 33.53965227865688803 ) ) ;
#205 = CARTESIAN_POINT ( 'NONE',  ( -7.762345134528063184, 142.6683340267147742, 16.32582367515585631 ) ) ;
#206 = CARTESIAN_POINT ( 'NONE',  ( -14.56402415757446001, 174.5503882593559126, 38.61063537640460908 ) ) ;
#207 = AXIS2_PLACEMENT_3D ( 'NONE', #6563, #4767, #2622 ) ;
#208 = DIRECTION ( 'NONE',  ( -0.0007442459860544277123, -0.5767790251485576114, 0.8168998728403572551 ) ) ;
#209 = DIRECTION ( 'NONE',  ( -0.0007442450898864458753, -0.5767790250261926044, 0.8168998729275703807 ) ) ;
#210 = CARTESIAN_POINT ( 'NONE',  ( -4.028333769417820953, 151.7262919431371984, 22.71297396414911773 ) ) ;
#211 = CARTESIAN_POINT ( 'NONE',  ( -11.96403708334900706, 148.2972338447233653, 20.30832311725386319 ) ) ;
#212 = CARTESIAN_POINT ( 'NONE',  ( -8.036338439717756188, 131.2811515847690202, 8.121798644629334873 ) ) ;
#213 = ORIENTED_EDGE ( 'NONE', *, *, #301, .F. ) ;
#214 = CARTESIAN_POINT ( 'NONE',  ( 29.07936774480954867, 164.0957554735903159, 31.29855441909316838 ) ) ;
#215 = CARTESIAN_POINT ( 'NONE',  ( 11.50315739411049343, 161.8197857341756105, 29.64455719182807059 ) ) ;
#216 = CARTESIAN_POINT ( 'NONE',  ( 9.278494534924371706, 129.6753571183365352, 9.096808729693135476 ) ) ;
#217 = CARTESIAN_POINT ( 'NONE',  ( 7.332205995820407551, 128.7667425753348027, 9.677640836333154084 ) ) ;
#218 = ORIENTED_EDGE ( 'NONE', *, *, #714, .T. ) ;
#219 = CARTESIAN_POINT ( 'NONE',  ( -15.03962559157478118, 156.7221996056833859, 26.20477831798559265 ) ) ;
#220 = CARTESIAN_POINT ( 'NONE',  ( -17.30710458945655716, 132.8733435404202226, 9.712365824248697876 ) ) ;
#221 = CARTESIAN_POINT ( 'NONE',  ( -11.16647241134086244, 132.2535156019674787, 8.846780020045768467 ) ) ;
#222 = UNCERTAINTY_MEASURE_WITH_UNIT (LENGTH_MEASURE( 1.000000000000000082E-05 ), #1195, 'distance_accuracy_value', 'NONE');
#223 = VERTEX_POINT ( 'NONE', #3012 ) ;
#224 = DIRECTION ( 'NONE',  ( 0.0001635243220479844597, 0.5738412646324201338, -0.8189665293922950839 ) ) ;
#225 = EDGE_CURVE ( 'NONE', #4795, #2575, #5199, .T. ) ;
#226 = EDGE_CURVE ( 'NONE', #4322, #4218, #2471, .T. ) ;
#227 = CARTESIAN_POINT ( 'NONE',  ( 10.16838134992976173, 130.5596953272203962, 7.629976883815920097 ) ) ;
#228 = CARTESIAN_POINT ( 'NONE',  ( -5.572742603727160571, 142.3176983572988092, 16.06985559045383027 ) ) ;
#229 = CARTESIAN_POINT ( 'NONE',  ( -10.34707737647475234, 142.7916742916538055, 18.64584970431960897 ) ) ;
#230 = CARTESIAN_POINT ( 'NONE',  ( 11.56066164043372524, 128.6794858324502684, 6.326203827446946981 ) ) ;
#231 = DIRECTION ( 'NONE',  ( 0.0001635243220480100197, 0.5738412646324203559, -0.8189665293922948619 ) ) ;
#232 = CARTESIAN_POINT ( 'NONE',  ( -10.34648197968590644, 142.3545074027827866, 17.35787270267036320 ) ) ;
#233 = CARTESIAN_POINT ( 'NONE',  ( 13.38142669169426924, 143.7321001585315514, 17.07625936349735341 ) ) ;
#234 = CARTESIAN_POINT ( 'NONE',  ( 4.889161086407216139, 128.7110255647633323, 6.264838092580882645 ) ) ;
#235 = ORIENTED_EDGE ( 'NONE', *, *, #1540, .F. ) ;
#236 = CARTESIAN_POINT ( 'NONE',  ( -0.5031093431217784628, 130.5478014360003840, 7.573219537538790291 ) ) ;
#237 = CARTESIAN_POINT ( 'NONE',  ( 14.03964318950576029, 165.0497261664843904, 31.93526545065427413 ) ) ;
#238 = CARTESIAN_POINT ( 'NONE',  ( 20.71700353732547484, 139.8934304640660855, 14.38121634794669035 ) ) ;
#239 = CARTESIAN_POINT ( 'NONE',  ( 25.74538470951594604, 135.0983002888045519, 12.94072569048134902 ) ) ;
#240 = CARTESIAN_POINT ( 'NONE',  ( -20.54145562439757811, 157.8811919840816245, 30.20874809215042234 ) ) ;
#241 = CARTESIAN_POINT ( 'NONE',  ( -19.22961518337983478, 164.2841582858008849, 31.20781891973883759 ) ) ;
#242 = DIRECTION ( 'NONE',  ( 0.0001635243220480100197, 0.5738412646324202449, -0.8189665293922950839 ) ) ;
#243 = CARTESIAN_POINT ( 'NONE',  ( 29.48314134117314467, 151.7926419891360581, 22.70125723493368497 ) ) ;
#244 = CARTESIAN_POINT ( 'NONE',  ( -9.369076248771614601, 145.6262637664627562, 18.43037958043572289 ) ) ;
#245 = CARTESIAN_POINT ( 'NONE',  ( 33.19708803257147878, 131.1933279143208608, 8.348606110036682182 ) ) ;
#246 = ORIENTED_EDGE ( 'NONE', *, *, #4858, .F. ) ;
#247 = CARTESIAN_POINT ( 'NONE',  ( 31.20242823308503688, 154.7274016777367365, 26.80498949368083572 ) ) ;
#248 = CARTESIAN_POINT ( 'NONE',  ( 21.18222055722704056, 166.0760622083582518, 32.66045734498359820 ) ) ;
#249 = CARTESIAN_POINT ( 'NONE',  ( -12.41343429517002050, 144.2455496982871068, 17.42813843137881236 ) ) ;
#250 = CARTESIAN_POINT ( 'NONE',  ( 17.55585761331818162, 133.5439761584428879, 9.778784435247143136 ) ) ;
#251 = CARTESIAN_POINT ( 'NONE',  ( 30.20406375645994501, 157.1108131573409992, 28.48690764198317993 ) ) ;
#252 = CARTESIAN_POINT ( 'NONE',  ( -17.35692796076263633, 161.7352450151531400, 29.69365066011753385 ) ) ;
#253 = CARTESIAN_POINT ( 'NONE',  ( 4.880322270768136406, 133.7883347603739139, 9.873944552284047660 ) ) ;
#254 = CARTESIAN_POINT ( 'NONE',  ( -19.25510571154634221, 131.0696185734076380, 8.748998896694670790 ) ) ;
#255 = B_SPLINE_SURFACE_WITH_KNOTS ( 'NONE', 3, 1, ( 
 ( #2528, #4641 ),
 ( #6824, #968 ),
 ( #1466, #4749 ),
 ( #1503, #3641 ),
 ( #6973, #2068 ),
 ( #1386, #1351 ),
 ( #5797, #354 ),
 ( #3563, #5760 ),
 ( #895, #3531 ),
 ( #5834, #932 ),
 ( #859, #4678 ),
 ( #3104, #5724 ),
 ( #5291, #6325 ),
 ( #392, #3029 ) ),
 .UNSPECIFIED., .F., .F., .F.,
 ( 4, 2, 2, 2, 2, 2, 4 ),
 ( 2, 2 ),
 ( 0.0000000000000000000, 0.2500000000000306422, 0.3750000000000459632, 0.5000000000000612843, 0.7500000000000581757, 0.8750000000000290878, 1.000000000000000000 ),
 ( 0.0000000000000000000, 1.000000000000000000 ),
 .UNSPECIFIED. ) ;
#256 = ORIENTED_EDGE ( 'NONE', *, *, #3063, .F. ) ;
#257 = CARTESIAN_POINT ( 'NONE',  ( 28.93924020612419667, 164.7790254798865419, 33.89996110782325189 ) ) ;
#258 = CARTESIAN_POINT ( 'NONE',  ( 16.25764807269582590, 130.4382354243942927, 7.817903474932025532 ) ) ;
#259 = CARTESIAN_POINT ( 'NONE',  ( 4.874661947525628314, 137.0319530457828705, 12.19699203377075314 ) ) ;
#260 = VECTOR ( 'NONE', #6411, 1000.000000000000227 ) ;
#261 = EDGE_CURVE ( 'NONE', #1639, #4927, #1445, .T. ) ;
#262 = CARTESIAN_POINT ( 'NONE',  ( 12.58394429167187134, 161.9237503794936970, 29.73801621776080850 ) ) ;
#263 = CARTESIAN_POINT ( 'NONE',  ( -20.62602057593611349, 159.5636678559721418, 30.17245705453415994 ) ) ;
#264 = CARTESIAN_POINT ( 'NONE',  ( 1.716227545106191466, 128.1418928304978238, 5.857200119547433914 ) ) ;
#265 = CARTESIAN_POINT ( 'NONE',  ( -15.28702052001446532, 138.8608802420738186, 13.59347573036431100 ) ) ;
#266 = CARTESIAN_POINT ( 'NONE',  ( 30.18480042965879306, 160.4915183521367794, 28.14140734834667157 ) ) ;
#267 = CARTESIAN_POINT ( 'NONE',  ( 1.699060682902206132, 137.9934500914413036, 12.88135194773956727 ) ) ;
#268 = CARTESIAN_POINT ( 'NONE',  ( 10.17261759017411116, 128.1247609039413078, 5.902463227250964728 ) ) ;
#269 = ORIENTED_EDGE ( 'NONE', *, *, #47, .F. ) ;
#270 = CARTESIAN_POINT ( 'NONE',  ( -13.67806941382754538, 135.0678359170918839, 10.85203653398766832 ) ) ;
#271 = CARTESIAN_POINT ( 'NONE',  ( 28.06226115594017401, 136.6354031179441506, 14.02812088359573117 ) ) ;
#272 = CARTESIAN_POINT ( 'NONE',  ( -8.276300125806912433, 141.6550252339430358, 15.60376453933533547 ) ) ;
#273 = CARTESIAN_POINT ( 'NONE',  ( -12.57049918260042887, 131.6628426623202870, 10.48018385985918144 ) ) ;
#274 = CARTESIAN_POINT ( 'NONE',  ( -13.88056067177896402, 170.2779938300843412, 35.64326068396986358 ) ) ;
#275 = CARTESIAN_POINT ( 'NONE',  ( -19.62305293623922609, 160.6270301615685696, 28.64994852811717863 ) ) ;
#276 = CARTESIAN_POINT ( 'NONE',  ( -17.64143981602477851, 144.0857922925228820, 19.24689198432156800 ) ) ;
#277 = CARTESIAN_POINT ( 'NONE',  ( -16.35236675345942459, 150.9833564831838260, 22.16027019870622894 ) ) ;
#278 = CARTESIAN_POINT ( 'NONE',  ( -7.271424322940426066, 148.2985235892838034, 20.31807192945192497 ) ) ;
#279 = CARTESIAN_POINT ( 'NONE',  ( -14.99403745633380680, 130.3650157660313198, 7.844977631697474862 ) ) ;
#280 = ORIENTED_EDGE ( 'NONE', *, *, #2110, .T. ) ;
#281 = CARTESIAN_POINT ( 'NONE',  ( 31.13560017955249393, 159.8754128665175926, 30.43972520153178962 ) ) ;
#282 = CARTESIAN_POINT ( 'NONE',  ( 28.25938152722896746, 156.9460266516689444, 25.69428201146568824 ) ) ;
#283 = CARTESIAN_POINT ( 'NONE',  ( -12.30444289874608188, 141.5559285787130364, 15.51000556148195741 ) ) ;
#284 = CARTESIAN_POINT ( 'NONE',  ( -0.008721069276379066898, 157.1855976331848979, 25.23549021448355489 ) ) ;
#285 = CARTESIAN_POINT ( 'NONE',  ( 26.18080289306386277, 166.5793168351987106, 33.03431640338393294 ) ) ;
#286 = ORIENTED_EDGE ( 'NONE', *, *, #591, .T. ) ;
#287 = CARTESIAN_POINT ( 'NONE',  ( -13.43960992583178005, 161.7316571834423939, 29.70842855103819602 ) ) ;
#288 = CARTESIAN_POINT ( 'NONE',  ( 18.07957849961773178, 133.6780418629357996, 10.06352783115943517 ) ) ;
#289 = CARTESIAN_POINT ( 'NONE',  ( -19.25654602533233728, 131.9329631101898599, 9.283103229085876151 ) ) ;
#290 = CARTESIAN_POINT ( 'NONE',  ( -15.57627840173979017, 171.3643860325614696, 36.15063472542654921 ) ) ;
#291 = ORIENTED_EDGE ( 'NONE', *, *, #225, .T. ) ;
#292 = CARTESIAN_POINT ( 'NONE',  ( 29.65651708517718532, 163.3621108411291232, 34.12433032608974059 ) ) ;
#293 = CARTESIAN_POINT ( 'NONE',  ( -21.85913864608529167, 129.1917876899465796, 7.934347073609682610 ) ) ;
#294 = AXIS2_PLACEMENT_3D ( 'NONE', #203, #2382, #1848 ) ;
#295 = CARTESIAN_POINT ( 'NONE',  ( 1.699060682902206132, 137.9934500914413036, 12.88135194773956727 ) ) ;
#296 = CARTESIAN_POINT ( 'NONE',  ( 26.55191582941045780, 154.8046878553235501, 24.81304912223766834 ) ) ;
#297 = DIRECTION ( 'NONE',  ( 0.0007442459860544277123, 0.5767790251485576114, -0.8168998728403572551 ) ) ;
#298 = CARTESIAN_POINT ( 'NONE',  ( -19.42931610136061593, 152.6820252400222273, 25.31470568414499667 ) ) ;
#299 = CARTESIAN_POINT ( 'NONE',  ( 5.363160887674215616, 128.4903073492495764, 9.480667501291934585 ) ) ;
#300 = CARTESIAN_POINT ( 'NONE',  ( 26.18116659244174826, 166.8611785168197912, 32.63511192140939698 ) ) ;
#301 = EDGE_CURVE ( 'NONE', #318, #1890, #3091, .T. ) ;
#302 = CARTESIAN_POINT ( 'NONE',  ( 17.41246389395247363, 137.9288140275465935, 13.01215102694894199 ) ) ;
#303 = CARTESIAN_POINT ( 'NONE',  ( 16.26188513930134150, 127.9897811926870332, 6.109634795941204288 ) ) ;
#304 = AXIS2_PLACEMENT_3D ( 'NONE', #4049, #877, #6237 ) ;
#305 = ORIENTED_EDGE ( 'NONE', *, *, #5828, .F. ) ;
#306 = CARTESIAN_POINT ( 'NONE',  ( -15.13017942517104153, 137.3716624374615662, 14.50861204740562727 ) ) ;
#307 = CARTESIAN_POINT ( 'NONE',  ( 29.44589985514670971, 138.1283490031015617, 15.08348845915833536 ) ) ;
#308 = CARTESIAN_POINT ( 'NONE',  ( 19.91306643006138444, 154.3799922467431998, 23.90775670033096389 ) ) ;
#309 = DIRECTION ( 'NONE',  ( 0.0000000000000000000, 0.8189665403419625900, 0.5738412723047346953 ) ) ;
#310 = CARTESIAN_POINT ( 'NONE',  ( -10.71943047493752843, 170.2800273691660777, 35.64816993825467506 ) ) ;
#311 = CARTESIAN_POINT ( 'NONE',  ( -18.45619950862021597, 153.8225306074822356, 24.13336821820245959 ) ) ;
#312 = CARTESIAN_POINT ( 'NONE',  ( 18.27149175530629321, 169.3284116140865478, 27.03170158284992652 ) ) ;
#313 = EDGE_CURVE ( 'NONE', #4776, #894, #4995, .T. ) ;
#314 = CARTESIAN_POINT ( 'NONE',  ( 21.21287851276165881, 148.3466899603824061, 20.31982837663665009 ) ) ;
#315 = EDGE_CURVE ( 'NONE', #2060, #3766, #5421, .T. ) ;
#316 = CARTESIAN_POINT ( 'NONE',  ( -22.53098649738235082, 140.7803025587757588, 15.02196521040610833 ) ) ;
#317 = CARTESIAN_POINT ( 'NONE',  ( 17.42540051272543522, 130.4140794068953539, 7.855171569672803500 ) ) ;
#318 = VERTEX_POINT ( 'NONE', #6625 ) ;
#319 = CARTESIAN_POINT ( 'NONE',  ( 30.20378506054400702, 157.0520362990788215, 26.37452804619497115 ) ) ;
#320 = CARTESIAN_POINT ( 'NONE',  ( 16.67250086816071786, 168.7082846063638897, 34.51646671758146567 ) ) ;
#321 = CARTESIAN_POINT ( 'NONE',  ( 23.60253859256780018, 153.7573060209372784, 24.08629204126502898 ) ) ;
#322 = CIRCLE ( 'NONE', #3406, 8.500000000326558336 ) ;
#323 = CARTESIAN_POINT ( 'NONE',  ( 19.42057580553488449, 146.3321570094463482, 18.91093132668490995 ) ) ;
#324 = CARTESIAN_POINT ( 'NONE',  ( 18.48489159636400814, 132.9404576911696267, 11.41054803053044431 ) ) ;
#325 = CARTESIAN_POINT ( 'NONE',  ( -13.50918561967191422, 133.8492278081886013, 12.02304427857960256 ) ) ;
#326 = CARTESIAN_POINT ( 'NONE',  ( -2.384757898601466586, 133.5282604910289308, 9.722835964401349784 ) ) ;
#327 = CARTESIAN_POINT ( 'NONE',  ( -13.85711960600703208, 156.7196415289992615, 26.21133891990354314 ) ) ;
#328 = CIRCLE ( 'NONE', #5357, 8.500000000326558336 ) ;
#329 = CARTESIAN_POINT ( 'NONE',  ( -8.040652023626407185, 133.7508125182376659, 9.895457965190452398 ) ) ;
#330 = CARTESIAN_POINT ( 'NONE',  ( -15.33381380041477904, 132.1002808213003163, 9.054616409501530683 ) ) ;
#331 = CARTESIAN_POINT ( 'NONE',  ( 25.22820105565412874, 138.6629423705091995, 14.78382288892532515 ) ) ;
#332 = ORIENTED_EDGE ( 'NONE', *, *, #6527, .F. ) ;
#333 = CARTESIAN_POINT ( 'NONE',  ( 27.01155531419679434, 165.5661565558962991, 35.67810561824506266 ) ) ;
#334 = CARTESIAN_POINT ( 'NONE',  ( 17.42540051272543522, 130.4140794068953539, 7.855171569672803500 ) ) ;
#335 = CARTESIAN_POINT ( 'NONE',  ( 10.15545166832962742, 137.9609332692859596, 12.94851491980533709 ) ) ;
#336 = DIRECTION ( 'NONE',  ( 0.0000000000000000000, 0.8169000990817243402, 0.5767791848881762551 ) ) ;
#337 = CARTESIAN_POINT ( 'NONE',  ( 1.607202870282274709, 171.3649436997428666, 36.14429681460336496 ) ) ;
#338 = CARTESIAN_POINT ( 'NONE',  ( -11.15923078179712391, 128.0396670822097178, 5.970929081585890863 ) ) ;
#339 = DIRECTION ( 'NONE',  ( 0.0007442449384885229226, 0.5767790250262537777, -0.8168998729276653048 ) ) ;
#340 = DIRECTION ( 'NONE',  ( 0.0001635243220480099926, 0.5738412646324208000, -0.8189665293922945288 ) ) ;
#341 = CARTESIAN_POINT ( 'NONE',  ( -20.56822015103750445, 137.8456749339105443, 13.03673318120104874 ) ) ;
#342 = ORIENTED_EDGE ( 'NONE', *, *, #4118, .T. ) ;
#343 = CARTESIAN_POINT ( 'NONE',  ( -0.7997119143941414654, 137.3204077009254434, 12.44510005930060359 ) ) ;
#344 = CARTESIAN_POINT ( 'NONE',  ( 27.52330401494094048, 136.2120365464495535, 13.72870833299381488 ) ) ;
#345 = CARTESIAN_POINT ( 'NONE',  ( -19.22308304028628712, 163.2310584419178952, 32.76312717953833697 ) ) ;
#346 = CYLINDRICAL_SURFACE ( 'NONE', #4423, 2.599999999999984990 ) ;
#347 = CARTESIAN_POINT ( 'NONE',  ( -20.62431492697420765, 170.2823667660163380, 35.62038756206670342 ) ) ;
#348 = CARTESIAN_POINT ( 'NONE',  ( -18.44802365182053805, 153.7826203944753445, 24.10541479797720754 ) ) ;
#349 = CARTESIAN_POINT ( 'NONE',  ( -13.99926965087067110, 153.7996979128094495, 23.92670036766440589 ) ) ;
#350 = CARTESIAN_POINT ( 'NONE',  ( 19.63353090137988843, 148.3447717378341224, 20.31865994202183856 ) ) ;
#351 = CARTESIAN_POINT ( 'NONE',  ( -14.51061167943871411, 143.7106700111425823, 17.03790696634666091 ) ) ;
#352 = CARTESIAN_POINT ( 'NONE',  ( -19.25226189694518197, 129.3677547689272274, 7.690299709908226866 ) ) ;
#353 = ORIENTED_EDGE ( 'NONE', *, *, #452, .F. ) ;
#354 = CARTESIAN_POINT ( 'NONE',  ( 7.128924117045136732, 130.1433922393626119, 9.425310474523449500 ) ) ;
#355 = CARTESIAN_POINT ( 'NONE',  ( -21.74402670943905136, 160.9767454120060393, 28.87651442976420313 ) ) ;
#356 = CARTESIAN_POINT ( 'NONE',  ( 26.40446385926084716, 155.2159098349814599, 25.10008057258464476 ) ) ;
#357 = ADVANCED_FACE ( 'NONE', ( #6487 ), #3507, .T. ) ;
#358 = CARTESIAN_POINT ( 'NONE',  ( 19.93184945867859525, 146.4155689890074257, 18.96898324330660657 ) ) ;
#359 = CARTESIAN_POINT ( 'NONE',  ( 29.99262366443603867, 142.9554290928881528, 16.43515057004636759 ) ) ;
#360 = EDGE_CURVE ( 'NONE', #4889, #5548, #194, .T. ) ;
#361 = CARTESIAN_POINT ( 'NONE',  ( -0.8005430774263858629, 134.5523290637516993, 11.85777600894925854 ) ) ;
#362 = CARTESIAN_POINT ( 'NONE',  ( -8.650758627501826226, 129.7361951451301820, 9.123429298373309848 ) ) ;
#363 = B_SPLINE_CURVE_WITH_KNOTS ( 'NONE', 3,
 ( #7010, #5981, #5449, #2140, #542, #470, #1081, #1006, #1537, #3178, #5371, #2643, #2103, #6511, #4827, #1043, #4290, #3216, #6473, #1576 ),
 .UNSPECIFIED., .F., .F.,
 ( 4, 2, 2, 2, 2, 2, 2, 2, 2, 4 ),
 ( 0.0001352242590877365130, 0.06249999999981652871, 0.1250000000000071332, 0.1875000000000106304, 0.2500000000000140998, 0.3750000000000114353, 0.5000000000000094369, 0.7500000000000045519, 0.8750000000000023315, 1.000000000000000000 ),
 .UNSPECIFIED. ) ;
#364 = CARTESIAN_POINT ( 'NONE',  ( 11.51183039383256990, 156.8027037000910298, 26.15573149845998202 ) ) ;
#365 = CARTESIAN_POINT ( 'NONE',  ( -12.96217681296944768, 132.2181582468518855, 8.892676900782021221 ) ) ;
#366 = CARTESIAN_POINT ( 'NONE',  ( -9.344301435041767689, 131.4413177073684551, 8.244365090411932329 ) ) ;
#367 = DIRECTION ( 'NONE',  ( 0.0000000000000000000, 0.8169000990817225638, 0.5767791848881785866 ) ) ;
#368 = ORIENTED_EDGE ( 'NONE', *, *, #2190, .T. ) ;
#369 = CARTESIAN_POINT ( 'NONE',  ( 31.20251584938589318, 153.5285602553280171, 25.95853750554967476 ) ) ;
#370 = CARTESIAN_POINT ( 'NONE',  ( 7.613195818013325677, 169.2604258819553991, 37.04466223453800922 ) ) ;
#371 = CARTESIAN_POINT ( 'NONE',  ( 33.12195359248459425, 174.5923073466288429, 38.66868805681058774 ) ) ;
#372 = CARTESIAN_POINT ( 'NONE',  ( 1.700741516096046846, 137.0296505903236834, 12.19243399713507081 ) ) ;
#373 = CARTESIAN_POINT ( 'NONE',  ( 16.09462474210235428, 166.8337693555748444, 33.19469551969507393 ) ) ;
#374 = FACE_OUTER_BOUND ( 'NONE', #1042, .T. ) ;
#375 = CARTESIAN_POINT ( 'NONE',  ( -6.980188723104212123, 166.4254847385780067, 29.26628802931902840 ) ) ;
#376 = CARTESIAN_POINT ( 'NONE',  ( 29.67167420401159461, 161.8578578416753544, 31.83811342275824785 ) ) ;
#377 = CARTESIAN_POINT ( 'NONE',  ( 18.07223460006096971, 137.9303388912079242, 13.01160922188071467 ) ) ;
#378 = VECTOR ( 'NONE', #2189, 1000.000000000000000 ) ;
#379 = ORIENTED_EDGE ( 'NONE', *, *, #1061, .T. ) ;
#380 = CARTESIAN_POINT ( 'NONE',  ( 17.28036145588027495, 148.7781089735740352, 20.61303804931933925 ) ) ;
#381 = CARTESIAN_POINT ( 'NONE',  ( 30.79490148447348830, 140.9890222129859580, 17.10451985783029016 ) ) ;
#382 = CARTESIAN_POINT ( 'NONE',  ( -10.23417106543624655, 131.2436902840000243, 10.18636633420855375 ) ) ;
#383 = CARTESIAN_POINT ( 'NONE',  ( 28.82181354958579078, 137.3540497203925383, 14.53621935880675231 ) ) ;
#384 = CARTESIAN_POINT ( 'NONE',  ( -21.92208646930146898, 166.0142666208314211, 32.64200900353514356 ) ) ;
#385 = AXIS2_PLACEMENT_3D ( 'NONE', #4734, #4161, #5313 ) ;
#386 = FACE_OUTER_BOUND ( 'NONE', #1598, .T. ) ;
#387 = CARTESIAN_POINT ( 'NONE',  ( 20.69416708497849200, 170.0000549891647381, 27.50279879651010262 ) ) ;
#388 = CARTESIAN_POINT ( 'NONE',  ( 11.52643165356492716, 148.3555359838587435, 20.28332330442342268 ) ) ;
#389 = CARTESIAN_POINT ( 'NONE',  ( 22.14044430595877699, 143.7382287425637060, 17.08915904693658661 ) ) ;
#390 = CARTESIAN_POINT ( 'NONE',  ( -15.32953385396618096, 129.6034917263009447, 7.364420470380938610 ) ) ;
#391 = ORIENTED_EDGE ( 'NONE', *, *, #6953, .F. ) ;
#392 = CARTESIAN_POINT ( 'NONE',  ( 15.32161736835176136, 132.8479310792089905, 9.190849913483582156 ) ) ;
#393 = CARTESIAN_POINT ( 'NONE',  ( -21.75778569249036920, 161.7360110141464702, 29.40804735607188292 ) ) ;
#394 = CARTESIAN_POINT ( 'NONE',  ( 23.69594186489626964, 154.1979780389722805, 24.39305291326576253 ) ) ;
#395 = CARTESIAN_POINT ( 'NONE',  ( 17.44257047043991804, 145.3254568342181301, 18.20577883761827920 ) ) ;
#396 = CARTESIAN_POINT ( 'NONE',  ( 20.34833111645634673, 133.6667658644263383, 11.92506173004469083 ) ) ;
#397 = CARTESIAN_POINT ( 'NONE',  ( -11.92174987942094155, 132.2846962342515553, 10.91983985358868736 ) ) ;
#398 = CARTESIAN_POINT ( 'NONE',  ( -2.102110188561197468, 133.3760120664001931, 9.611272922326207890 ) ) ;
#399 = CARTESIAN_POINT ( 'NONE',  ( -21.89735884831984691, 151.7489209289862799, 22.63664888096114680 ) ) ;
#400 = CARTESIAN_POINT ( 'NONE',  ( -17.95481742596994224, 131.9899779285942998, 9.205158220125381874 ) ) ;
#401 = EDGE_CURVE ( 'NONE', #6838, #4826, #6936, .T. ) ;
#402 = CARTESIAN_POINT ( 'NONE',  ( 22.16187762966224639, 131.3459021861746407, 8.457965499091530504 ) ) ;
#403 = FACE_OUTER_BOUND ( 'NONE', #457, .T. ) ;
#404 = EDGE_LOOP ( 'NONE', ( #31, #4266 ) ) ;
#405 = CARTESIAN_POINT ( 'NONE',  ( 30.73588269672307050, 161.7838880641828325, 31.78685599749116264 ) ) ;
#406 = CARTESIAN_POINT ( 'NONE',  ( 4.939002925793139376, 171.0183728249679689, 35.51368535293173778 ) ) ;
#407 = CARTESIAN_POINT ( 'NONE',  ( 11.48100932513266770, 174.5657561157486555, 38.65305750651884864 ) ) ;
#408 = EDGE_CURVE ( 'NONE', #5329, #6735, #3158, .T. ) ;
#409 = CARTESIAN_POINT ( 'NONE',  ( 31.34795530029241917, 136.9895290528711485, 12.32273609588269103 ) ) ;
#410 = CARTESIAN_POINT ( 'NONE',  ( 14.41182259336568983, 165.4702147361823563, 32.23171872133737281 ) ) ;
#411 = CARTESIAN_POINT ( 'NONE',  ( 15.68306222107233516, 149.2091009323144704, 20.90537454067655787 ) ) ;
#412 = VERTEX_POINT ( 'NONE', #2362 ) ;
#413 = CARTESIAN_POINT ( 'NONE',  ( 21.54395397296949355, 167.9142464569604272, 33.96487738292501035 ) ) ;
#414 = CIRCLE ( 'NONE', #4523, 1.099999999999981437 ) ;
#415 = CARTESIAN_POINT ( 'NONE',  ( 25.56027892515211519, 165.8414385630760250, 34.64700836190293387 ) ) ;
#416 = CARTESIAN_POINT ( 'NONE',  ( 8.046902852579620458, 137.9766746021986989, 12.92090227781381095 ) ) ;
#417 = ORIENTED_EDGE ( 'NONE', *, *, #4349, .F. ) ;
#418 = CARTESIAN_POINT ( 'NONE',  ( 18.28289847408337820, 147.2132155656731243, 19.52541807072923774 ) ) ;
#419 = CARTESIAN_POINT ( 'NONE',  ( 15.65735259474939411, 130.4884050512262661, 10.90081981683234424 ) ) ;
#420 = CARTESIAN_POINT ( 'NONE',  ( -19.57946690051857530, 161.1582551035960762, 31.29928226399923119 ) ) ;
#421 = EDGE_LOOP ( 'NONE', ( #2834, #246, #196, #1900 ) ) ;
#422 = CARTESIAN_POINT ( 'NONE',  ( -21.92947047220923196, 170.2844090174632186, 35.61425843269533686 ) ) ;
#423 = CARTESIAN_POINT ( 'NONE',  ( -14.37770372457414148, 132.8654034022089832, 12.55175574285038920 ) ) ;
#424 = CARTESIAN_POINT ( 'NONE',  ( 17.55046145752039166, 160.4202149551240097, 20.78967756978397929 ) ) ;
#425 = CARTESIAN_POINT ( 'NONE',  ( 8.748370848552941226, 148.3621464770631349, 20.26705526055674866 ) ) ;
#426 = AXIS2_PLACEMENT_3D ( 'NONE', #4159, #297, #1406 ) ;
#427 = CARTESIAN_POINT ( 'NONE',  ( 1.689000174622980133, 143.7657981422200066, 16.99942620315120223 ) ) ;
#428 = CARTESIAN_POINT ( 'NONE',  ( 16.25892372284868159, 129.7024781726087213, 7.301499583939941473 ) ) ;
#429 = ORIENTED_EDGE ( 'NONE', *, *, #4422, .T. ) ;
#430 = CARTESIAN_POINT ( 'NONE',  ( 21.54440186774207433, 167.8480704057641617, 30.57403722810354907 ) ) ;
#431 = CARTESIAN_POINT ( 'NONE',  ( 7.613195812770317872, 169.2604259456734894, 37.04466227952751467 ) ) ;
#432 = CARTESIAN_POINT ( 'NONE',  ( 25.52395640766152951, 154.3152478040397853, 24.47339263431079459 ) ) ;
#433 = CARTESIAN_POINT ( 'NONE',  ( -19.59714915957817283, 164.4503289873384517, 34.84780283686793467 ) ) ;
#434 = CARTESIAN_POINT ( 'NONE',  ( 20.34958174057495484, 134.6359812070699888, 10.55234903438259586 ) ) ;
#435 = DIRECTION ( 'NONE',  ( 0.0000000000000000000, 0.8169000990817230079, 0.5767791848881781425 ) ) ;
#436 = LINE ( 'NONE', #4833, #1020 ) ;
#437 = EDGE_LOOP ( 'NONE', ( #4330, #6832 ) ) ;
#438 = CARTESIAN_POINT ( 'NONE',  ( 1.675085424739184203, 151.7655047316874288, 22.67123603846504665 ) ) ;
#439 = CARTESIAN_POINT ( 'NONE',  ( 17.42095790768642161, 133.0056519783299507, 9.609763031966062741 ) ) ;
#440 = CARTESIAN_POINT ( 'NONE',  ( -13.38663022619542708, 131.1877977841521101, 8.241476182338114853 ) ) ;
#441 = AXIS2_PLACEMENT_3D ( 'NONE', #4816, #6925, #1917 ) ;
#442 = CARTESIAN_POINT ( 'NONE',  ( 26.20591881512694954, 136.6944769911299318, 13.39486211446233987 ) ) ;
#443 = ORIENTED_EDGE ( 'NONE', *, *, #1761, .T. ) ;
#444 = CARTESIAN_POINT ( 'NONE',  ( -8.651502872587371940, 129.1594161200960400, 9.940329171307789480 ) ) ;
#445 = CARTESIAN_POINT ( 'NONE',  ( 11.62615144105387088, 169.8790539522853749, 34.71535207764938491 ) ) ;
#446 = CARTESIAN_POINT ( 'NONE',  ( -13.88794480956106803, 174.5503428592054433, 38.61236904845097229 ) ) ;
#447 = CARTESIAN_POINT ( 'NONE',  ( -3.999847431389976560, 135.3672371898411768, 11.07462889017740792 ) ) ;
#448 = DIRECTION ( 'NONE',  ( 0.0000000000000000000, 0.8169000990817221197, 0.5767791848881794747 ) ) ;
#449 =( BOUNDED_CURVE ( )  B_SPLINE_CURVE ( 3, ( #6736, #3374, #6632, #707 ),
 .UNSPECIFIED., .F., .F. ) 
 B_SPLINE_CURVE_WITH_KNOTS ( ( 4, 4 ),
 ( 2.981303892144678169, 6.122896545734470841 ),
 .UNSPECIFIED. ) 
 CURVE ( )  GEOMETRIC_REPRESENTATION_ITEM ( )  RATIONAL_B_SPLINE_CURVE ( ( 1.000000000000000000, 0.3333333333333335369, 0.3333333333333335369, 1.000000000000000000 ) ) 
 REPRESENTATION_ITEM ( '' )  );
#450 = EDGE_CURVE ( 'NONE', #3577, #2433, #5086, .T. ) ;
#451 = CARTESIAN_POINT ( 'NONE',  ( 7.298764378927630858, 158.3498231707966397, 27.24171548787856878 ) ) ;
#452 = EDGE_CURVE ( 'NONE', #2819, #182, #6032, .T. ) ;
#453 = ORIENTED_EDGE ( 'NONE', *, *, #2806, .T. ) ;
#454 = CARTESIAN_POINT ( 'NONE',  ( 1.607202870282274709, 171.3649436997428666, 36.14429681460336496 ) ) ;
#455 = CARTESIAN_POINT ( 'NONE',  ( -0.8011384742152295457, 133.1923157346429036, 11.87683880384454760 ) ) ;
#456 = CARTESIAN_POINT ( 'NONE',  ( 14.57349344431907134, 135.3326213824110198, 11.16975554984670005 ) ) ;
#457 = EDGE_LOOP ( 'NONE', ( #1073, #3116, #4613, #4244 ) ) ;
#458 = CARTESIAN_POINT ( 'NONE',  ( -18.66128628902298203, 164.7334305902886911, 33.82440149990041078 ) ) ;
#459 = CARTESIAN_POINT ( 'NONE',  ( 31.20209076455787311, 150.0949223313695029, 23.53418818675882918 ) ) ;
#460 = CARTESIAN_POINT ( 'NONE',  ( 20.45463620706335917, 142.1026083198141237, 18.18739113399273322 ) ) ;
#461 = ORIENTED_EDGE ( 'NONE', *, *, #175, .F. ) ;
#462 = CARTESIAN_POINT ( 'NONE',  ( -14.04282932440854381, 166.0044856020018074, 32.67538357455110543 ) ) ;
#463 = CARTESIAN_POINT ( 'NONE',  ( -20.55300003281578469, 128.6854471150851396, 7.448384200651636533 ) ) ;
#464 = CARTESIAN_POINT ( 'NONE',  ( -7.139001663127801045, 172.2522601167922858, 36.77659698665355137 ) ) ;
#465 = CARTESIAN_POINT ( 'NONE',  ( -14.37770372457414148, 132.8654034022089832, 12.55175574285038920 ) ) ;
#466 = CARTESIAN_POINT ( 'NONE',  ( 12.19594431215004526, 148.3537162598570944, 20.28756645328052954 ) ) ;
#467 = CARTESIAN_POINT ( 'NONE',  ( -14.00418514078359600, 143.7097753908337268, 17.04043064939897434 ) ) ;
#468 = CARTESIAN_POINT ( 'NONE',  ( -21.20656369864859769, 129.2369883676454378, 7.871616507023143861 ) ) ;
#469 = EDGE_LOOP ( 'NONE', ( #2447, #6709 ) ) ;
#470 = CARTESIAN_POINT ( 'NONE',  ( 21.85280357380901251, 167.0034795992137333, 36.68823970591645178 ) ) ;
#471 = CARTESIAN_POINT ( 'NONE',  ( -0.008162881091983587717, 157.6181847655014394, 24.62281125430341078 ) ) ;
#472 = CARTESIAN_POINT ( 'NONE',  ( 17.47135771258639636, 154.8232783536303430, 24.81220603071339426 ) ) ;
#473 = LINE ( 'NONE', #971, #5927 ) ;
#474 = CARTESIAN_POINT ( 'NONE',  ( 28.76115840841152860, 139.7553985603609021, 14.17462016262023639 ) ) ;
#475 = CARTESIAN_POINT ( 'NONE',  ( 22.66529046984929607, 133.6916306811992854, 11.94472863283264985 ) ) ;
#476 = CARTESIAN_POINT ( 'NONE',  ( -16.91450837970191756, 145.3735815957227828, 20.15680873011738328 ) ) ;
#477 = CARTESIAN_POINT ( 'NONE',  ( 27.63531539832684913, 156.7964125205641324, 26.20449104531499884 ) ) ;
#478 = CARTESIAN_POINT ( 'NONE',  ( 4.882909643869629335, 132.3041047351426016, 8.814389487579454396 ) ) ;
#479 = CARTESIAN_POINT ( 'NONE',  ( -12.96044878472686612, 131.2029929080570696, 8.220898573750634597 ) ) ;
#480 = CARTESIAN_POINT ( 'NONE',  ( 24.52345336804074094, 133.9242210895988876, 13.33478417728337817 ) ) ;
#481 = CARTESIAN_POINT ( 'NONE',  ( -3.940872406394947181, 173.3788443103558166, 37.55947909968307385 ) ) ;
#482 = CARTESIAN_POINT ( 'NONE',  ( -17.43473721205196370, 167.9291715684816211, 36.08189875245180644 ) ) ;
#483 = ORIENTED_EDGE ( 'NONE', *, *, #5125, .F. ) ;
#484 = CARTESIAN_POINT ( 'NONE',  ( -12.48018795671940495, 131.0183342657921060, 11.24934579750739161 ) ) ;
#485 = CARTESIAN_POINT ( 'NONE',  ( 15.32146027342857764, 132.7261848207141952, 9.363280773097139686 ) ) ;
#486 = CARTESIAN_POINT ( 'NONE',  ( -15.39984012141076164, 170.2779563652962338, 35.63956334741983056 ) ) ;
#487 = CARTESIAN_POINT ( 'NONE',  ( -19.26197318292377147, 135.1964386950721462, 11.28007676487699484 ) ) ;
#488 = CARTESIAN_POINT ( 'NONE',  ( 21.54501508394976739, 164.6766926359129570, 23.77294447290170964 ) ) ;
#489 = CARTESIAN_POINT ( 'NONE',  ( 7.144902247784608029, 164.9327006492105170, 31.85639464831775669 ) ) ;
#490 = FACE_BOUND ( 'NONE', #4193, .T. ) ;
#491 = CARTESIAN_POINT ( 'NONE',  ( 25.56196286264308526, 167.1464654116847157, 32.79868132409657022 ) ) ;
#492 = CARTESIAN_POINT ( 'NONE',  ( -22.52143159866297140, 135.0852008237354482, 11.43037332271032369 ) ) ;
#493 = EDGE_CURVE ( 'NONE', #4483, #2283, #3595, .T. ) ;
#494 = ORIENTED_EDGE ( 'NONE', *, *, #7004, .F. ) ;
#495 = CARTESIAN_POINT ( 'NONE',  ( -9.982346471086614770, 171.9610185978956167, 36.55207060712318423 ) ) ;
#496 = CARTESIAN_POINT ( 'NONE',  ( 20.16446010113451948, 132.1147537695521521, 12.05322325320511645 ) ) ;
#497 = CARTESIAN_POINT ( 'NONE',  ( 14.01098669246399808, 164.5067524107217878, 30.94201659348488676 ) ) ;
#498 = ORIENTED_EDGE ( 'NONE', *, *, #6482, .F. ) ;
#499 = CARTESIAN_POINT ( 'NONE',  ( -10.64814728114769515, 129.2017464541792151, 6.737902355462010995 ) ) ;
#500 = CARTESIAN_POINT ( 'NONE',  ( 21.05364431825981697, 167.9030101650855613, 33.95624951417212856 ) ) ;
#501 = CARTESIAN_POINT ( 'NONE',  ( -3.002805407603159615, 171.7152593405319578, 38.76824622410072863 ) ) ;
#502 = CARTESIAN_POINT ( 'NONE',  ( -12.98216743913197035, 143.7081404785575103, 17.04528095933052612 ) ) ;
#503 = CARTESIAN_POINT ( 'NONE',  ( 22.14547511491432275, 140.8429775661024621, 15.04304292841132629 ) ) ;
#504 = CARTESIAN_POINT ( 'NONE',  ( -11.16120562702215935, 129.1907512107387390, 6.752287106534248906 ) ) ;
#505 = ORIENTED_EDGE ( 'NONE', *, *, #1595, .F. ) ;
#506 = DIRECTION ( 'NONE',  ( 0.0000000000000000000, 0.8189665403419611467, 0.5738412723047366937 ) ) ;
#507 = CARTESIAN_POINT ( 'NONE',  ( 22.39586308292110317, 169.9998953071066978, 27.50302668925489158 ) ) ;
#508 = CARTESIAN_POINT ( 'NONE',  ( 19.78570376171564149, 153.6992940232576643, 24.04114518466990091 ) ) ;
#509 = CARTESIAN_POINT ( 'NONE',  ( 20.19493963521246016, 139.8921623870334088, 14.38301234246378257 ) ) ;
#510 = CARTESIAN_POINT ( 'NONE',  ( -17.43548145714185438, 167.3523925434464559, 36.89879862538155209 ) ) ;
#511 = CARTESIAN_POINT ( 'NONE',  ( 14.38063478411160112, 145.2274461033619843, 18.12429925941942344 ) ) ;
#512 = CARTESIAN_POINT ( 'NONE',  ( -21.25345289348514299, 156.7456445389771034, 26.15606511140189383 ) ) ;
#513 = CARTESIAN_POINT ( 'NONE',  ( -15.03095360545044379, 151.7217006925976648, 22.69234712802800757 ) ) ;
#514 = CARTESIAN_POINT ( 'NONE',  ( -21.21084999141222482, 131.8376073216629152, 9.414014249227165010 ) ) ;
#515 = CARTESIAN_POINT ( 'NONE',  ( 19.66295398430961328, 131.3293355276629484, 8.475378431743369134 ) ) ;
#516 = CARTESIAN_POINT ( 'NONE',  ( -12.57125418783751059, 131.0860526730290303, 11.29707598157179049 ) ) ;
#517 = FACE_OUTER_BOUND ( 'NONE', #594, .T. ) ;
#518 = CARTESIAN_POINT ( 'NONE',  ( -11.52096631634967672, 133.0057545569457318, 9.284186375630074650 ) ) ;
#519 = ORIENTED_EDGE ( 'NONE', *, *, #4724, .F. ) ;
#520 = CARTESIAN_POINT ( 'NONE',  ( -7.037249989769187586, 128.7499130505891003, 9.652666767155723804 ) ) ;
#521 = CARTESIAN_POINT ( 'NONE',  ( 11.62446750356289904, 168.5740271036766842, 36.56367911545574145 ) ) ;
#522 = CARTESIAN_POINT ( 'NONE',  ( 12.15052186005712365, 174.5659595609199073, 38.65442074435007669 ) ) ;
#523 = CARTESIAN_POINT ( 'NONE',  ( -15.33923687775931199, 135.2970009017760731, 11.14661408650652419 ) ) ;
#524 = CYLINDRICAL_SURFACE ( 'NONE', #1586, 6.500000000000000888 ) ;
#525 = CARTESIAN_POINT ( 'NONE',  ( 30.21769271269577573, 162.4599722808917761, 33.48787907393096930 ) ) ;
#526 = ORIENTED_EDGE ( 'NONE', *, *, #2366, .F. ) ;
#527 = CARTESIAN_POINT ( 'NONE',  ( 21.54464715422515297, 170.3467653836641489, 30.49326997881195211 ) ) ;
#528 = CARTESIAN_POINT ( 'NONE',  ( -6.981125675983880896, 168.0513191162216629, 37.40180610703053077 ) ) ;
#529 = EDGE_LOOP ( 'NONE', ( #1738, #443, #5905, #3660 ) ) ;
#530 = CARTESIAN_POINT ( 'NONE',  ( -15.31613766098764096, 168.5125435077226825, 36.49572358812935136 ) ) ;
#531 = CARTESIAN_POINT ( 'NONE',  ( 26.35690199179923354, 134.8665551919182235, 14.00179747715295342 ) ) ;
#532 = CARTESIAN_POINT ( 'NONE',  ( 15.65064375486437065, 166.2839173353191029, 32.19559126605832944 ) ) ;
#533 = EDGE_LOOP ( 'NONE', ( #6425, #580, #1750, #6849 ) ) ;
#534 = AXIS2_PLACEMENT_3D ( 'NONE', #169, #6781, #4031 ) ;
#535 = CARTESIAN_POINT ( 'NONE',  ( 21.24514298551053315, 129.6690609632771043, 7.361377364398125067 ) ) ;
#536 = CARTESIAN_POINT ( 'NONE',  ( 22.76215384602962999, 138.5815152771567682, 13.44500493787857209 ) ) ;
#537 = CARTESIAN_POINT ( 'NONE',  ( -15.04609582809487556, 134.0009938555688507, 13.35293998668177551 ) ) ;
#538 = CARTESIAN_POINT ( 'NONE',  ( -17.97817224298625760, 145.6439800268113913, 18.38390770666242702 ) ) ;
#539 = CARTESIAN_POINT ( 'NONE',  ( 4.867950988889909958, 140.8798209932616317, 14.94794433067295181 ) ) ;
#540 = CARTESIAN_POINT ( 'NONE',  ( -22.50973517777476829, 127.9370868084566126, 7.298872868814004988 ) ) ;
#541 = VERTEX_POINT ( 'NONE', #4578 ) ;
#542 = CARTESIAN_POINT ( 'NONE',  ( 23.19679752858393229, 166.7257888204993037, 36.49339825596126730 ) ) ;
#543 = CARTESIAN_POINT ( 'NONE',  ( -11.92073346000951517, 131.1982633340177813, 10.15275569402084699 ) ) ;
#544 = CARTESIAN_POINT ( 'NONE',  ( 14.47720325489847504, 156.3757281577119329, 25.87424748512838590 ) ) ;
#545 = CARTESIAN_POINT ( 'NONE',  ( -18.45600732781585762, 153.9714679132736137, 23.92242631345160930 ) ) ;
#546 = CARTESIAN_POINT ( 'NONE',  ( -15.98259199435285716, 168.5467840756503506, 37.74343248097247283 ) ) ;
#547 = CIRCLE ( 'NONE', #2706, 1.100000000000006972 ) ;
#548 = LINE ( 'NONE', #5553, #6264 ) ;
#549 = ADVANCED_FACE ( 'NONE', ( #3435 ), #6760, .T. ) ;
#550 = VECTOR ( 'NONE', #5064, 1000.000000000000227 ) ;
#551 = EDGE_CURVE ( 'NONE', #4467, #3443, #796, .T. ) ;
#552 = CARTESIAN_POINT ( 'NONE',  ( -17.34825562660113363, 156.7290519868789147, 26.18932484529382165 ) ) ;
#553 = CARTESIAN_POINT ( 'NONE',  ( 11.52179235763529697, 151.0392175727114932, 22.14956721238500847 ) ) ;
#554 = CARTESIAN_POINT ( 'NONE',  ( 16.25464515912877417, 132.1766449231049876, 9.023897644484774716 ) ) ;
#555 = CARTESIAN_POINT ( 'NONE',  ( 10.16710598852802327, 131.2907284220000292, 8.153105448172576430 ) ) ;
#556 = AXIS2_PLACEMENT_3D ( 'NONE', #2512, #1870, #5239 ) ;
#557 = DIRECTION ( 'NONE',  ( 0.0000000000000000000, 0.8169000990817221197, 0.5767791848881794747 ) ) ;
#558 = DIRECTION ( 'NONE',  ( -0.0007442459860544277123, -0.5767790251485576114, 0.8168998728403572551 ) ) ;
#559 = CARTESIAN_POINT ( 'NONE',  ( -4.213161573619887967, 129.7111508083785054, 9.109789452554361233 ) ) ;
#560 = LINE ( 'NONE', #4267, #623 ) ;
#561 = CARTESIAN_POINT ( 'NONE',  ( 7.998196912508538148, 166.0641536900208735, 32.64486112223294612 ) ) ;
#562 = CARTESIAN_POINT ( 'NONE',  ( -14.49320551361256193, 133.6572630647521294, 10.01269283908862207 ) ) ;
#563 = DIRECTION ( 'NONE',  ( -3.736327486719277547E-15, 0.8189665403419613687, 0.5738412723047361386 ) ) ;
#564 = VECTOR ( 'NONE', #90, 1000.000000000000114 ) ;
#565 = CARTESIAN_POINT ( 'NONE',  ( 28.93849596100196919, 164.2022464548603011, 34.71686098074660265 ) ) ;
#566 = EDGE_LOOP ( 'NONE', ( #3743, #4787 ) ) ;
#567 = CARTESIAN_POINT ( 'NONE',  ( 25.28006422603455761, 178.8560900846432560, -42.14227155126864943 ) ) ;
#568 = DIRECTION ( 'NONE',  ( 0.0000000000000000000, 0.8189665403419625900, 0.5738412723047346953 ) ) ;
#569 = CARTESIAN_POINT ( 'NONE',  ( -15.31468865459097195, 169.6355022051792218, 34.90526211596762352 ) ) ;
#570 = CARTESIAN_POINT ( 'NONE',  ( 29.04528969125832560, 137.0380573049361601, 15.53745408882408086 ) ) ;
#571 = CARTESIAN_POINT ( 'NONE',  ( 13.08245746484676530, 161.9515771770185211, 29.14728272629400152 ) ) ;
#572 = ORIENTED_EDGE ( 'NONE', *, *, #6961, .F. ) ;
#573 = CARTESIAN_POINT ( 'NONE',  ( -17.30039517214936851, 128.9092909445470525, 7.137780071258148951 ) ) ;
#574 = FACE_OUTER_BOUND ( 'NONE', #5772, .T. ) ;
#575 = CARTESIAN_POINT ( 'NONE',  ( -12.85480007764751065, 131.8463433157866120, 10.60948702410984090 ) ) ;
#576 = CARTESIAN_POINT ( 'NONE',  ( -7.266785912830935779, 145.6293345965832202, 18.43119831438910694 ) ) ;
#577 = CARTESIAN_POINT ( 'NONE',  ( -10.66334138476757687, 137.9363583948345990, 12.93210075127079683 ) ) ;
#578 = CARTESIAN_POINT ( 'NONE',  ( -13.80828404401642651, 128.5258210716484939, 6.482311582372529912 ) ) ;
#579 = ORIENTED_EDGE ( 'NONE', *, *, #4063, .T. ) ;
#580 = ORIENTED_EDGE ( 'NONE', *, *, #3376, .F. ) ;
#581 = CARTESIAN_POINT ( 'NONE',  ( 27.87583739765008062, 166.0694565059208117, 24.75010360603544868 ) ) ;
#582 = CARTESIAN_POINT ( 'NONE',  ( 13.13543813585687126, 158.3068234104154612, 27.21202474075578337 ) ) ;
#583 = CARTESIAN_POINT ( 'NONE',  ( -21.68818526635804744, 160.5618760334259036, 28.57269467974512978 ) ) ;
#584 = CARTESIAN_POINT ( 'NONE',  ( -17.43473721205196370, 167.9291715684816211, 36.08189875245180644 ) ) ;
#585 = CARTESIAN_POINT ( 'NONE',  ( 13.61669756357009220, 145.7790037406669228, 18.50372407700397304 ) ) ;
#586 = CARTESIAN_POINT ( 'NONE',  ( 33.14410356007068259, 161.8152744938752221, 29.70440409063163045 ) ) ;
#587 = CARTESIAN_POINT ( 'NONE',  ( 14.54629070068156160, 151.0331236832509489, 22.16570827263628018 ) ) ;
#588 = CARTESIAN_POINT ( 'NONE',  ( 4.884347660332315932, 131.4783459082642310, 8.226783202992971056 ) ) ;
#589 = EDGE_CURVE ( 'NONE', #6244, #5194, #3506, .T. ) ;
#590 = CARTESIAN_POINT ( 'NONE',  ( 31.20134651947059368, 149.5181433063052907, 24.35108805968879153 ) ) ;
#591 = EDGE_CURVE ( 'NONE', #4322, #2819, #5839, .T. ) ;
#592 = CARTESIAN_POINT ( 'NONE',  ( 21.52098000469652916, 73.37132504456738502, 139.2683683980965839 ) ) ;
#593 = CARTESIAN_POINT ( 'NONE',  ( -19.85820519825925956, 154.7600659260012606, 26.78153304195820184 ) ) ;
#594 = EDGE_LOOP ( 'NONE', ( #2495, #5933, #4153, #5867 ) ) ;
#595 = CARTESIAN_POINT ( 'NONE',  ( -4.324137063173971285, 128.3219529734743958, 9.352973765408469475 ) ) ;
#596 = CARTESIAN_POINT ( 'NONE',  ( 8.710331592471355577, 170.3174487339142900, 35.64286845595171371 ) ) ;
#597 = CARTESIAN_POINT ( 'NONE',  ( -14.49205499096977157, 132.9797152798456921, 9.567898917145129190 ) ) ;
#598 = CARTESIAN_POINT ( 'NONE',  ( -11.75463892017791601, 165.0045626384039679, 30.71181172763028755 ) ) ;
#599 = CARTESIAN_POINT ( 'NONE',  ( 7.655133838428349158, 159.9097628242308531, 28.33146455102476935 ) ) ;
#600 = B_SPLINE_CURVE_WITH_KNOTS ( 'NONE', 3,
 ( #2792, #6516, #3899, #4405, #1618 ),
 .UNSPECIFIED., .F., .F.,
 ( 4, 1, 4 ),
 ( 0.05265911940174572425, 0.05290153206221991089, 0.05314394472269410447 ),
 .UNSPECIFIED. ) ;
#601 = ORIENTED_EDGE ( 'NONE', *, *, #3294, .F. ) ;
#602 = CARTESIAN_POINT ( 'NONE',  ( -13.95463926172348224, 165.0047701381128888, 30.71151784300821674 ) ) ;
#603 = CARTESIAN_POINT ( 'NONE',  ( 16.96919533589953488, 167.6446569418883996, 35.91235886680409095 ) ) ;
#604 = CARTESIAN_POINT ( 'NONE',  ( -5.846132596267324288, 172.2309259991830288, 36.74640933808668564 ) ) ;
#605 = CARTESIAN_POINT ( 'NONE',  ( 13.01888390456651301, 151.7046701071932091, 25.87833832240592358 ) ) ;
#606 = CARTESIAN_POINT ( 'NONE',  ( 16.00573461224260541, 155.9371055852978145, 24.96930835800656823 ) ) ;
#607 = ORIENTED_EDGE ( 'NONE', *, *, #2097, .T. ) ;
#608 = CARTESIAN_POINT ( 'NONE',  ( -13.80927154957516656, 129.1027201903145283, 6.871058875054597337 ) ) ;
#609 = CARTESIAN_POINT ( 'NONE',  ( -3.333269250058503275, 172.1017862011890145, 36.66799965682885443 ) ) ;
#610 = CARTESIAN_POINT ( 'NONE',  ( 5.124277176340681805, 170.5157886379512320, 37.92875411027868182 ) ) ;
#611 = CARTESIAN_POINT ( 'NONE',  ( -19.27655428346297484, 143.7114158568951154, 17.02507953196078105 ) ) ;
#612 = CARTESIAN_POINT ( 'NONE',  ( 18.06720351250628909, 140.8301481312975056, 15.05123709519354236 ) ) ;
#613 = CARTESIAN_POINT ( 'NONE',  ( -0.7401488886470170003, 129.2712089416398840, 6.663484942232289043 ) ) ;
#614 = ORIENTED_EDGE ( 'NONE', *, *, #4858, .T. ) ;
#615 = CARTESIAN_POINT ( 'NONE',  ( -10.73208443814196045, 129.9570502556199187, 10.50160992502445723 ) ) ;
#616 = CARTESIAN_POINT ( 'NONE',  ( 15.43411438148514847, 156.1003419620906243, 25.68806369187648286 ) ) ;
#617 = CARTESIAN_POINT ( 'NONE',  ( 19.41728637412511915, 139.9953778833629201, 14.45942528598943255 ) ) ;
#618 = CARTESIAN_POINT ( 'NONE',  ( -20.62602057593611349, 159.5636678559721418, 30.17245705453415994 ) ) ;
#619 = DIRECTION ( 'NONE',  ( 0.0000000000000000000, -0.8169000991683922352, -0.5767791847654274440 ) ) ;
#620 = CARTESIAN_POINT ( 'NONE',  ( -11.97863667087267281, 156.7170431344322878, 26.21967508092395960 ) ) ;
#621 = CARTESIAN_POINT ( 'NONE',  ( -11.96867577379318703, 150.9710092960704912, 22.18866806778255096 ) ) ;
#622 = CARTESIAN_POINT ( 'NONE',  ( -13.81310018220418634, 131.3375133528327581, 8.381094781121506188 ) ) ;
#623 = VECTOR ( 'NONE', #5385, 1000.000000000000227 ) ;
#624 = CARTESIAN_POINT ( 'NONE',  ( 28.06151691084264499, 136.0586240929067969, 14.84502075651502828 ) ) ;
#625 = DIRECTION ( 'NONE',  ( -0.0007442450898864460922, -0.5767790250261927154, 0.8168998729275704918 ) ) ;
#626 = CARTESIAN_POINT ( 'NONE',  ( -20.17256208332477385, 156.3183391203089911, 27.88147853707920021 ) ) ;
#627 = B_SPLINE_CURVE_WITH_KNOTS ( 'NONE', 3,
 ( #2681, #4864, #7048, #1587, #3332, #2114, #3834, #6590, #5991, #3299, #480, #5956, #6026, #6095, #5525, #1092, #7061, #624, #6623, #2220, #2258, #1729, #1053, #2796, #6521, #1127, #4375, #5460, #3763, #1623, #1658, #2653, #2185, #5419, #1694, #5494, #3903, #590, #2762, #4838 ),
 .UNSPECIFIED., .F., .F.,
 ( 4, 2, 2, 2, 2, 2, 2, 2, 2, 2, 2, 2, 2, 2, 2, 2, 2, 2, 2, 4 ),
 ( 0.0000000000000000000, 0.06249999999998545608, 0.1249999999999710926, 0.1875000000000952294, 0.2500000000000155431, 0.3125000000000350275, 0.3437500000005032086, 0.3750000000000254241, 0.4062500000000188738, 0.4375000000000147660, 0.4687500000000330291, 0.4999999999997667421, 0.5312499999999992228, 0.5624999999999943379, 0.5937499999999330536, 0.6249999999999850120, 0.6874999999999741318, 0.7499999999999631406, 0.8749999999998304689, 1.000000000000000000 ),
 .UNSPECIFIED. ) ;
#628 = VERTEX_POINT ( 'NONE', #6941 ) ;
#629 = EDGE_CURVE ( 'NONE', #1116, #5268, #666, .T. ) ;
#630 = EDGE_CURVE ( 'NONE', #894, #4776, #192, .T. ) ;
#631 = CARTESIAN_POINT ( 'NONE',  ( 14.52027235475311961, 166.0736823889796199, 32.64739849037748343 ) ) ;
#632 = CARTESIAN_POINT ( 'NONE',  ( -13.81995905036962391, 135.3235793067834152, 11.11253131677519868 ) ) ;
#633 = CARTESIAN_POINT ( 'NONE',  ( 1.706401942794880444, 133.7843396918464691, 9.871795891543911239 ) ) ;
#634 = CARTESIAN_POINT ( 'NONE',  ( -12.81336446577417654, 143.6369340040416489, 16.99180868542507028 ) ) ;
#635 = CARTESIAN_POINT ( 'NONE',  ( 25.22760565886528639, 139.1001092593802468, 16.07179989057461711 ) ) ;
#636 = ORIENTED_EDGE ( 'NONE', *, *, #4554, .T. ) ;
#637 = FACE_OUTER_BOUND ( 'NONE', #3502, .T. ) ;
#638 = EDGE_CURVE ( 'NONE', #6735, #5329, #7060, .T. ) ;
#639 = CARTESIAN_POINT ( 'NONE',  ( -19.54464027764777967, 159.6699088505949362, 27.86511738075052946 ) ) ;
#640 = CARTESIAN_POINT ( 'NONE',  ( -2.207434373828772500, 156.3936252387755133, 23.76433609496375254 ) ) ;
#641 = CARTESIAN_POINT ( 'NONE',  ( -18.45619950862021597, 153.8225306074822356, 24.13336821820245959 ) ) ;
#642 = ORIENTED_EDGE ( 'NONE', *, *, #3671, .T. ) ;
#643 = CARTESIAN_POINT ( 'NONE',  ( -17.94855895609931551, 128.2819269998333880, 6.819265128680779497 ) ) ;
#644 = CARTESIAN_POINT ( 'NONE',  ( 23.92657233691484464, 137.4242345119107256, 12.62566575490147436 ) ) ;
#645 = CARTESIAN_POINT ( 'NONE',  ( -10.77623482405927824, 149.7040270164463891, 21.30296515451279760 ) ) ;
#646 = CARTESIAN_POINT ( 'NONE',  ( -14.51061167943871411, 143.7106700111425823, 17.03790696634666091 ) ) ;
#647 = CARTESIAN_POINT ( 'NONE',  ( -11.95101918504659544, 140.8225539853576151, 14.98794069187336930 ) ) ;
#648 = CARTESIAN_POINT ( 'NONE',  ( 24.92344925023979840, 129.6911585867928807, 7.339002854384268915 ) ) ;
#649 = B_SPLINE_SURFACE_WITH_KNOTS ( 'NONE', 1, 3, ( 
 ( #3254, #6512, #4366, #543, #4332, #2754, #3826, #2249, #6018, #63, #3893, #6581, #6615, #1614, #5517, #6474, #1719, #6085 ),
 ( #4935, #5947, #2719, #1150, #1044, #615, #3790, #3354, #2788, #1183, #2644, #32, #4401, #4828, #1082, #2104, #4903, #1685 ) ),
 .UNSPECIFIED., .F., .F., .F.,
 ( 2, 2 ),
 ( 4, 2, 2, 2, 2, 2, 2, 2, 4 ),
 ( 0.0000000000000000000, 1.000000000000000000 ),
 ( 0.0000000000000000000, 0.03125000000000823647, 0.1250000000000333344, 0.2500000000000290323, 0.3750000000000155986, 0.5000000000000137668, 0.7500000000000142109, 0.8750000000000065503, 1.000000000000000000 ),
 .UNSPECIFIED. ) ;
#650 = ORIENTED_EDGE ( 'NONE', *, *, #3496, .T. ) ;
#651 = CARTESIAN_POINT ( 'NONE',  ( -4.204419667782471670, 130.7068742208210210, 7.698107269422785670 ) ) ;
#652 = CARTESIAN_POINT ( 'NONE',  ( 17.23576383586185301, 167.2554675899619667, 32.88311168372273130 ) ) ;
#653 = CARTESIAN_POINT ( 'NONE',  ( 17.27487901955051086, 141.1645812601193199, 15.28737278603107619 ) ) ;
#654 = CARTESIAN_POINT ( 'NONE',  ( -10.58006248099570001, 170.9908860167610385, 39.47403324071940034 ) ) ;
#655 = FACE_OUTER_BOUND ( 'NONE', #6910, .T. ) ;
#656 = CARTESIAN_POINT ( 'NONE',  ( -4.173481677250264532, 173.7448280145220849, 37.81502561051074451 ) ) ;
#657 = CARTESIAN_POINT ( 'NONE',  ( -11.20904811988416760, 156.7166489127489513, 26.22213613572418822 ) ) ;
#658 = CARTESIAN_POINT ( 'NONE',  ( 4.850293722183419476, 151.0393681709364841, 22.13288281933009571 ) ) ;
#659 = CARTESIAN_POINT ( 'NONE',  ( 18.08360666308592357, 131.3226701292597340, 8.480967437025450195 ) ) ;
#660 = CARTESIAN_POINT ( 'NONE',  ( 1.267202119910791458, 136.5065716876158604, 11.84051080967328495 ) ) ;
#661 = CARTESIAN_POINT ( 'NONE',  ( 29.94300597212230741, 141.7088984626658430, 17.61201840950306519 ) ) ;
#662 = CARTESIAN_POINT ( 'NONE',  ( -5.257350624892620949, 130.8442341117279568, 7.763733219856717938 ) ) ;
#663 = EDGE_LOOP ( 'NONE', ( #3041, #4532, #3126, #2695 ) ) ;
#664 = CARTESIAN_POINT ( 'NONE',  ( 4.816893688689895647, 170.3121887548334428, 35.64074406817074703 ) ) ;
#665 = CARTESIAN_POINT ( 'NONE',  ( -8.046311018932801318, 136.9727049015679654, 12.24943151345592085 ) ) ;
#666 = CIRCLE ( 'NONE', #5468, 6.500000000000002665 ) ;
#667 = CARTESIAN_POINT ( 'NONE',  ( -13.38979526804634368, 133.0123145976693593, 9.524216089703719135 ) ) ;
#668 = CARTESIAN_POINT ( 'NONE',  ( -10.51749302919311191, 140.8325195460104737, 15.00569355933926019 ) ) ;
#669 = CARTESIAN_POINT ( 'NONE',  ( 21.01077891889541860, 168.1294804835398793, 33.65305818231986734 ) ) ;
#670 = EDGE_LOOP ( 'NONE', ( #650, #5541, #2970, #5785 ) ) ;
#671 = CARTESIAN_POINT ( 'NONE',  ( 21.54464715422515297, 156.4243341973159431, 20.73796834925666133 ) ) ;
#672 = AXIS2_PLACEMENT_3D ( 'NONE', #2663, #6531, #3734 ) ;
#673 = EDGE_CURVE ( 'NONE', #2680, #6488, #6404, .T. ) ;
#674 = EDGE_CURVE ( 'NONE', #5395, #5642, #6756, .T. ) ;
#675 = CARTESIAN_POINT ( 'NONE',  ( -9.444660880849095719, 138.2193827006467473, 13.14043380909942371 ) ) ;
#676 = CARTESIAN_POINT ( 'NONE',  ( -19.37601571436576009, 168.1307527784938998, 33.88668664379198248 ) ) ;
#677 = CARTESIAN_POINT ( 'NONE',  ( -6.980515771748308396, 170.1916014513649600, 34.34726872193202496 ) ) ;
#678 = EDGE_LOOP ( 'NONE', ( #2009, #3777, #3845, #4082 ) ) ;
#679 = CARTESIAN_POINT ( 'NONE',  ( -7.237197542491608182, 128.6749325631626277, 6.286278710234100231 ) ) ;
#680 = CARTESIAN_POINT ( 'NONE',  ( 24.55382207108254988, 141.3265799833581582, 15.37437883784846626 ) ) ;
#681 = AXIS2_PLACEMENT_3D ( 'NONE', #2062, #2096, #5826 ) ;
#682 = CYLINDRICAL_SURFACE ( 'NONE', #993, 8.500000000326545901 ) ;
#683 = CARTESIAN_POINT ( 'NONE',  ( 11.53442100430237183, 143.7391094738698030, 17.06172211899517777 ) ) ;
#684 = CARTESIAN_POINT ( 'NONE',  ( -11.17471964915780447, 136.9738621105213952, 12.24006112086945031 ) ) ;
#685 = CARTESIAN_POINT ( 'NONE',  ( 1.715240569717087160, 128.7101180275620607, 6.258294438268974247 ) ) ;
#686 = ORIENTED_EDGE ( 'NONE', *, *, #6485, .T. ) ;
#687 = CARTESIAN_POINT ( 'NONE',  ( -17.64143981602477851, 144.0857922925228820, 19.24689198432156800 ) ) ;
#688 = CARTESIAN_POINT ( 'NONE',  ( 13.37815691267075202, 164.0868602991868670, 31.25729090290780476 ) ) ;
#689 = CARTESIAN_POINT ( 'NONE',  ( -9.038656656396479860, 144.7979669013809598, 17.83791084254266934 ) ) ;
#690 = CARTESIAN_POINT ( 'NONE',  ( -19.43006713596509627, 152.1052770224514177, 26.13162730274989798 ) ) ;
#691 =( BOUNDED_CURVE ( )  B_SPLINE_CURVE ( 3, ( #5504, #6455, #3237, #3273 ),
 .UNSPECIFIED., .F., .T. ) 
 B_SPLINE_CURVE_WITH_KNOTS ( ( 4, 4 ),
 ( 3.301882808780008283, 6.443475462369801399 ),
 .UNSPECIFIED. ) 
 CURVE ( )  GEOMETRIC_REPRESENTATION_ITEM ( )  RATIONAL_B_SPLINE_CURVE ( ( 1.000000000000000000, 0.3333333333333333703, 0.3333333333333333703, 1.000000000000000000 ) ) 
 REPRESENTATION_ITEM ( '' )  );
#692 = CARTESIAN_POINT ( 'NONE',  ( -18.45605065431153236, 153.9378905127061330, 23.96998243642225290 ) ) ;
#693 = B_SPLINE_CURVE_WITH_KNOTS ( 'NONE', 3,
 ( #4669, #6424, #3057, #2025, #921, #4168, #6352, #4210, #959, #5751, #5823, #1953, #3129, #1492, #3021, #6316, #3632, #345, #6852, #5319, #420, #6964, #4098, #2594, #5895, #5361, #2059, #996, #3554, #3167 ),
 .UNSPECIFIED., .F., .F.,
 ( 4, 2, 2, 2, 2, 2, 2, 2, 2, 2, 2, 2, 2, 2, 4 ),
 ( 0.0000000000000000000, 0.1250000000001352807, 0.1875000000001794953, 0.2500000000002266520, 0.3125000000003060330, 0.3750000000003542167, 0.4375000000003301248, 0.5000000000003208545, 0.5625000000004329870, 0.6250000000002079448, 0.6875000000001735279, 0.7500000000001392220, 0.8125000000001046940, 0.8750000000000046629, 1.000000000000000000 ),
 .UNSPECIFIED. ) ;
#694 = FACE_OUTER_BOUND ( 'NONE', #6740, .T. ) ;
#695 = CARTESIAN_POINT ( 'NONE',  ( 22.12652726692828864, 151.7753872670421060, 22.70765735396754081 ) ) ;
#696 = CARTESIAN_POINT ( 'NONE',  ( 4.859570863514821148, 145.6957365764651797, 18.36661391918747910 ) ) ;
#697 = CARTESIAN_POINT ( 'NONE',  ( -17.30422513411286189, 131.1658328873289463, 8.616857344244859718 ) ) ;
#698 = CARTESIAN_POINT ( 'NONE',  ( 0.3541956800083907453, 133.3179573037498926, 9.555821036329263052 ) ) ;
#699 = CARTESIAN_POINT ( 'NONE',  ( 12.17266990509383007, 161.8203808717571519, 29.64536286912197838 ) ) ;
#700 = CARTESIAN_POINT ( 'NONE',  ( 1.386500414375872126, 128.7418251298841199, 8.430490535732777957 ) ) ;
#701 = CARTESIAN_POINT ( 'NONE',  ( 0.04514303171215840182, 128.1516376665899486, 9.236701888565063356 ) ) ;
#702 = CARTESIAN_POINT ( 'NONE',  ( -0.8040454194934557597, 166.0358275395573742, 32.66345219057856042 ) ) ;
#703 = CARTESIAN_POINT ( 'NONE',  ( 4.877492084804234018, 135.4105421646689820, 11.03490138149013156 ) ) ;
#704 = CARTESIAN_POINT ( 'NONE',  ( 4.880322270768136406, 133.7883347603739139, 9.873944552284047660 ) ) ;
#705 = CARTESIAN_POINT ( 'NONE',  ( -6.980188723104212123, 163.1496185772101626, 26.97092294010006697 ) ) ;
#706 = VERTEX_POINT ( 'NONE', #285 ) ;
#707 = CARTESIAN_POINT ( 'NONE',  ( -11.75408073199352010, 165.4371497707204810, 30.09913276745014699 ) ) ;
#708 = CARTESIAN_POINT ( 'NONE',  ( -19.39054801608909173, 163.5759930741329811, 30.62318138247092136 ) ) ;
#709 = CARTESIAN_POINT ( 'NONE',  ( -11.75335188318472923, 168.4710087540638881, 32.22492610871722718 ) ) ;
#710 = CARTESIAN_POINT ( 'NONE',  ( 22.16669526885724650, 128.5096524459933676, 6.594138990016623403 ) ) ;
#711 = CARTESIAN_POINT ( 'NONE',  ( 1.386500414375872126, 128.7418251298841199, 8.430490535732777957 ) ) ;
#712 = B_SPLINE_CURVE_WITH_KNOTS ( 'NONE', 3,
 ( #6002, #1029, #2665, #4317, #4354, #5355 ),
 .UNSPECIFIED., .F., .F.,
 ( 4, 2, 4 ),
 ( 0.01054491448469743395, 0.01086383496556307324, 0.01118275544642871079 ),
 .UNSPECIFIED. ) ;
#713 = CARTESIAN_POINT ( 'NONE',  ( 5.123532931236553623, 169.9390096128871050, 38.74565398320626741 ) ) ;
#714 = EDGE_CURVE ( 'NONE', #1743, #1562, #3719, .T. ) ;
#715 = CARTESIAN_POINT ( 'NONE',  ( 8.761390580555312724, 140.8574660885329308, 14.98937754612342310 ) ) ;
#716 = EDGE_CURVE ( 'NONE', #62, #7021, #4291, .T. ) ;
#717 = CARTESIAN_POINT ( 'NONE',  ( -15.32657118880767477, 127.8703651031436124, 6.201636569734630733 ) ) ;
#718 = EDGE_LOOP ( 'NONE', ( #3954, #1633 ) ) ;
#719 = CARTESIAN_POINT ( 'NONE',  ( -14.37695947948941999, 133.4421824272351671, 11.73485586993023766 ) ) ;
#720 = CARTESIAN_POINT ( 'NONE',  ( 14.45732001644448417, 165.1102246906923767, 31.36721541220870790 ) ) ;
#721 = CARTESIAN_POINT ( 'NONE',  ( -10.34570595262974813, 140.8319760037062167, 15.00646338559835513 ) ) ;
#722 = CARTESIAN_POINT ( 'NONE',  ( -20.28042072751721037, 156.2657737162847411, 29.06840625781407539 ) ) ;
#723 = CARTESIAN_POINT ( 'NONE',  ( -15.31808255162654753, 169.5998869538381086, 34.92541666499322162 ) ) ;
#724 = CARTESIAN_POINT ( 'NONE',  ( -0.2287263163668930288, 173.7504360657743518, 37.81738942478743581 ) ) ;
#725 = CARTESIAN_POINT ( 'NONE',  ( 1.676374130252491934, 151.0233309691438421, 22.14787571690904500 ) ) ;
#726 = CARTESIAN_POINT ( 'NONE',  ( 33.16737577570507511, 148.3844629743534824, 20.29557204344575894 ) ) ;
#727 = CARTESIAN_POINT ( 'NONE',  ( -11.93433269640328653, 131.2348558275402013, 8.178076006798178810 ) ) ;
#728 = CARTESIAN_POINT ( 'NONE',  ( 0.7975675270506142889, 136.9052763256898118, 12.13035185514502778 ) ) ;
#729 = CARTESIAN_POINT ( 'NONE',  ( -4.045678980811108438, 161.7475629844367120, 29.70897812668915705 ) ) ;
#730 = CARTESIAN_POINT ( 'NONE',  ( 15.65809683983853517, 131.0651840762546101, 10.08391994390556690 ) ) ;
#731 = CARTESIAN_POINT ( 'NONE',  ( 30.13976095673791633, 159.7991441408103697, 30.38496775673031891 ) ) ;
#732 = CARTESIAN_POINT ( 'NONE',  ( 16.20338654761773256, 161.8188838354296877, 29.65744453449281792 ) ) ;
#733 = CARTESIAN_POINT ( 'NONE',  ( 12.22133668304769039, 133.7353479531479934, 9.967492288109808030 ) ) ;
#734 = CARTESIAN_POINT ( 'NONE',  ( 14.57632419163879689, 133.7012298301925455, 10.02187203612148281 ) ) ;
#735 = AXIS2_PLACEMENT_3D ( 'NONE', #567, #4273, #6037 ) ;
#736 = LINE ( 'NONE', #5029, #1699 ) ;
#737 = ORIENTED_EDGE ( 'NONE', *, *, #2844, .T. ) ;
#738 = CARTESIAN_POINT ( 'NONE',  ( 15.83083610491351223, 168.6796480658014161, 36.64208593971054029 ) ) ;
#739 = CARTESIAN_POINT ( 'NONE',  ( -14.99276136411687332, 129.6220260571078597, 7.338868892161620749 ) ) ;
#740 = CARTESIAN_POINT ( 'NONE',  ( -7.346705369576847389, 141.9844398691317622, 15.83914856824987893 ) ) ;
#741 = EDGE_LOOP ( 'NONE', ( #6072, #2950 ) ) ;
#742 = CARTESIAN_POINT ( 'NONE',  ( 27.68415487985587475, 128.5384658541852616, 6.566745138377322100 ) ) ;
#743 = CARTESIAN_POINT ( 'NONE',  ( -1.776001483642500656, 140.1264296193901089, 14.46802795170699518 ) ) ;
#744 = CYLINDRICAL_SURFACE ( 'NONE', #1228, 1.100000000000006084 ) ;
#745 = CARTESIAN_POINT ( 'NONE',  ( -21.22583198539049576, 140.7951648403922889, 15.00403132428124131 ) ) ;
#746 = CARTESIAN_POINT ( 'NONE',  ( 11.56164863182148750, 128.1109988868234950, 5.925482098710189049 ) ) ;
#747 = ORIENTED_EDGE ( 'NONE', *, *, #6344, .F. ) ;
#748 = DIRECTION ( 'NONE',  ( -0.0007442459860544277123, -0.5767790251485576114, 0.8168998728403572551 ) ) ;
#749 = CARTESIAN_POINT ( 'NONE',  ( 14.97478958468805565, 165.6702121203128968, 31.76224404492986864 ) ) ;
#750 = CARTESIAN_POINT ( 'NONE',  ( -8.748408959400741480, 144.6398562943508637, 17.72612597957787628 ) ) ;
#751 = FACE_BOUND ( 'NONE', #7085, .T. ) ;
#752 = CARTESIAN_POINT ( 'NONE',  ( -12.96008536052786653, 170.9642735875961534, 35.87891049739745597 ) ) ;
#753 = CARTESIAN_POINT ( 'NONE',  ( -21.90593842375498213, 163.7763382914856152, 30.83324122294499148 ) ) ;
#754 = CARTESIAN_POINT ( 'NONE',  ( -12.99608270035017910, 151.7162128329970301, 22.70518241886121302 ) ) ;
#755 = CARTESIAN_POINT ( 'NONE',  ( 14.55093007836527264, 148.3481045443214441, 20.30136832073803532 ) ) ;
#756 = CARTESIAN_POINT ( 'NONE',  ( -9.344012817837548113, 131.2747273642806363, 8.127715024349280171 ) ) ;
#757 = CARTESIAN_POINT ( 'NONE',  ( 1.456243637464646135, 136.2774657719968161, 11.67478332484661507 ) ) ;
#758 = B_SPLINE_CURVE_WITH_KNOTS ( 'NONE', 3,
 ( #3911, #6104, #3372, #3410, #5570, #6442, #5875, #6331, #362, #4755, #1473, #5804, #6405, #1509, #974, #1012, #5840, #4685 ),
 .UNSPECIFIED., .F., .F.,
 ( 4, 2, 2, 2, 2, 2, 2, 2, 4 ),
 ( 0.001612389403240583599, 0.03125000000000823647, 0.1250000000000333344, 0.2500000000000290323, 0.3750000000000155986, 0.5000000000000137668, 0.7500000000000142109, 0.8750000000000065503, 1.000000000000000000 ),
 .UNSPECIFIED. ) ;
#759 = CARTESIAN_POINT ( 'NONE',  ( -15.38507181924434164, 161.7328230771172741, 29.70196615316228517 ) ) ;
#760 = EDGE_CURVE ( 'NONE', #2717, #4229, #4133, .T. ) ;
#761 = CARTESIAN_POINT ( 'NONE',  ( 22.73595906115571097, 154.3106704876756794, 23.86422972906936124 ) ) ;
#762 = EDGE_CURVE ( 'NONE', #5268, #1116, #1802, .T. ) ;
#763 = CARTESIAN_POINT ( 'NONE',  ( 5.363160887674215616, 128.4903073492495764, 9.480667501291934585 ) ) ;
#764 = CARTESIAN_POINT ( 'NONE',  ( 1.657740692247021030, 161.7789406378711874, 29.67839324362178743 ) ) ;
#765 = CARTESIAN_POINT ( 'NONE',  ( -12.70823507084981330, 133.7088301668024428, 9.943695450143563264 ) ) ;
#766 = CARTESIAN_POINT ( 'NONE',  ( -17.30566472789212185, 132.0173976436868486, 9.167729784801210258 ) ) ;
#767 = ORIENTED_EDGE ( 'NONE', *, *, #4871, .F. ) ;
#768 = CARTESIAN_POINT ( 'NONE',  ( -5.804658475828445852, 171.9240839536951739, 38.91313594108392238 ) ) ;
#769 = AXIS2_PLACEMENT_3D ( 'NONE', #6283, #5212, #309 ) ;
#770 = CARTESIAN_POINT ( 'NONE',  ( -0.7424111112569460325, 130.5685991593802839, 7.590366963893840691 ) ) ;
#771 = CARTESIAN_POINT ( 'NONE',  ( -9.369108940591690526, 138.0167890375093975, 12.99504924823573582 ) ) ;
#772 = CARTESIAN_POINT ( 'NONE',  ( -19.83332065085530616, 164.4942409030971078, 33.65445181573652889 ) ) ;
#773 = CARTESIAN_POINT ( 'NONE',  ( -11.92980550531567729, 128.5951512024495571, 6.388259986568723292 ) ) ;
#774 = CARTESIAN_POINT ( 'NONE',  ( 15.65735242768891133, 131.0649661219633515, 10.08376537724098299 ) ) ;
#775 = CARTESIAN_POINT ( 'NONE',  ( 15.83009185982596811, 168.1028690408321040, 37.45898581263338656 ) ) ;
#776 = CARTESIAN_POINT ( 'NONE',  ( 22.14547511491432275, 140.8429775661024621, 15.04304292841132629 ) ) ;
#777 = CIRCLE ( 'NONE', #2731, 2.599999999999996536 ) ;
#778 = CARTESIAN_POINT ( 'NONE',  ( 16.26089797240434365, 128.5611395838672877, 6.506269121696245605 ) ) ;
#779 = EDGE_LOOP ( 'NONE', ( #3825, #4455, #7009, #1974 ) ) ;
#780 = CARTESIAN_POINT ( 'NONE',  ( -15.96751359596882480, 141.7444144701419759, 15.56400514643620170 ) ) ;
#781 = CARTESIAN_POINT ( 'NONE',  ( 18.98898392400201018, 167.8834037311588929, 33.32872010554648057 ) ) ;
#782 = DIRECTION ( 'NONE',  ( 0.0001635243220480100197, 0.5738412646324204669, -0.8189665293922947509 ) ) ;
#783 = CARTESIAN_POINT ( 'NONE',  ( 21.54501508394976028, 160.8684982233228311, 21.10458255668472205 ) ) ;
#784 = CARTESIAN_POINT ( 'NONE',  ( -20.17330632841444071, 155.7415600952917600, 28.69837841001575640 ) ) ;
#785 = AXIS2_PLACEMENT_3D ( 'NONE', #6381, #2511, #336 ) ;
#786 = CARTESIAN_POINT ( 'NONE',  ( -18.87834316530124568, 155.9902194653424488, 25.40699340979874421 ) ) ;
#787 = FACE_BOUND ( 'NONE', #404, .T. ) ;
#788 = CARTESIAN_POINT ( 'NONE',  ( 8.743731753541171159, 151.0425409184778971, 22.13797830869004812 ) ) ;
#789 = CARTESIAN_POINT ( 'NONE',  ( -13.83788177634284544, 145.6333913287130031, 18.40920154174549594 ) ) ;
#790 = CARTESIAN_POINT ( 'NONE',  ( 12.22565012504142246, 131.2680088402643150, 8.190527936613900550 ) ) ;
#791 = ORIENTED_EDGE ( 'NONE', *, *, #5159, .F. ) ;
#792 = DIRECTION ( 'NONE',  ( -0.0007442450824754168366, -0.5767790250195387047, 0.8168998729322753949 ) ) ;
#793 = CARTESIAN_POINT ( 'NONE',  ( -11.21772102023921391, 161.7321052371932808, 29.71327597029005574 ) ) ;
#794 = CARTESIAN_POINT ( 'NONE',  ( -11.93168778872840541, 144.6366280791166048, 17.70974563056775253 ) ) ;
#795 = CARTESIAN_POINT ( 'NONE',  ( 16.61624180157227926, 133.1948122129293495, 9.531398248494957315 ) ) ;
#796 = LINE ( 'NONE', #5155, #2585 ) ;
#797 = CARTESIAN_POINT ( 'NONE',  ( 27.61925877358742198, 166.0774544178304950, 32.67436678940979533 ) ) ;
#798 = CARTESIAN_POINT ( 'NONE',  ( 29.51163260566132607, 135.3529871271370553, 11.17764361538367623 ) ) ;
#799 = EDGE_CURVE ( 'NONE', #4795, #628, #3849, .T. ) ;
#800 = CARTESIAN_POINT ( 'NONE',  ( 14.57891188155394779, 132.2118165265725906, 8.969695188118853579 ) ) ;
#801 = ORIENTED_EDGE ( 'NONE', *, *, #4207, .F. ) ;
#802 = CARTESIAN_POINT ( 'NONE',  ( 31.20325819683276336, 156.5428353610996339, 29.31093270100501869 ) ) ;
#803 = CARTESIAN_POINT ( 'NONE',  ( 12.22692544177361462, 130.5377065685329114, 7.666359071039213546 ) ) ;
#804 = CARTESIAN_POINT ( 'NONE',  ( 27.66796657330676723, 137.9595502697231666, 12.99371696123813358 ) ) ;
#805 = CYLINDRICAL_SURFACE ( 'NONE', #785, 4.000000000000000000 ) ;
#806 = CARTESIAN_POINT ( 'NONE',  ( -20.57819298938238717, 161.2070154527042405, 31.33280001878831911 ) ) ;
#807 = CARTESIAN_POINT ( 'NONE',  ( 18.08940979799182358, 127.9424036937682985, 6.181586648066311973 ) ) ;
#808 = CARTESIAN_POINT ( 'NONE',  ( -4.529502289693777328, 142.2159480233769386, 15.98956072392337902 ) ) ;
#809 = CARTESIAN_POINT ( 'NONE',  ( 30.19381643673168369, 160.1929645907193276, 27.93061916852709103 ) ) ;
#810 = CARTESIAN_POINT ( 'NONE',  ( -15.34206907433411970, 136.9521032137713235, 12.26074615748012953 ) ) ;
#811 = CARTESIAN_POINT ( 'NONE',  ( 8.782600021031891302, 128.6994202754787295, 6.290969603924223108 ) ) ;
#812 = VERTEX_POINT ( 'NONE', #4211 ) ;
#813 = CARTESIAN_POINT ( 'NONE',  ( -15.28750618968316211, 138.8934010210133749, 13.55164265278027713 ) ) ;
#814 = CARTESIAN_POINT ( 'NONE',  ( 20.79262505344338052, 132.9347023472061267, 11.40858690597242564 ) ) ;
#815 = DIRECTION ( 'NONE',  ( 0.0000000000000000000, 0.8189665403419611467, 0.5738412723047364716 ) ) ;
#816 = CARTESIAN_POINT ( 'NONE',  ( 21.54440186774207433, 162.5247878935414008, 26.84406895812276161 ) ) ;
#817 = CARTESIAN_POINT ( 'NONE',  ( -20.62676482103475806, 158.9868888309548538, 30.98935692746619353 ) ) ;
#818 = CARTESIAN_POINT ( 'NONE',  ( 14.09707542001762448, 148.7762854446534675, 20.59463301175529182 ) ) ;
#819 = CARTESIAN_POINT ( 'NONE',  ( 18.27149175530624703, 160.0255880129975594, 20.51331057624494392 ) ) ;
#820 = CARTESIAN_POINT ( 'NONE',  ( 27.64398794390074698, 151.7867606472911746, 22.70508877618043897 ) ) ;
#821 = CARTESIAN_POINT ( 'NONE',  ( -13.41169934475854575, 145.6323875124413405, 18.41168256169412132 ) ) ;
#822 = CARTESIAN_POINT ( 'NONE',  ( -17.30393626323961342, 130.9950923532209117, 8.506114930908136529 ) ) ;
#823 = CARTESIAN_POINT ( 'NONE',  ( 30.20379520390763872, 155.1692110611930389, 25.05839480574506695 ) ) ;
#824 = CARTESIAN_POINT ( 'NONE',  ( 26.04695468335856390, 155.0226779644519866, 24.96585708657540081 ) ) ;
#825 = CARTESIAN_POINT ( 'NONE',  ( -11.49812648211925747, 144.8550848870847005, 17.86788697428032435 ) ) ;
#826 = CARTESIAN_POINT ( 'NONE',  ( 22.14467151356273789, 154.2591117419854925, 23.82809941667035503 ) ) ;
#827 = CARTESIAN_POINT ( 'NONE',  ( 29.77199657464986871, 161.5653761152328798, 31.63169563991113264 ) ) ;
#828 = CARTESIAN_POINT ( 'NONE',  ( -20.60087499298576574, 156.7425311821817218, 26.16210789432760109 ) ) ;
#829 = CARTESIAN_POINT ( 'NONE',  ( 13.39883043021700537, 133.7184054816289915, 9.994516200360099134 ) ) ;
#830 = CARTESIAN_POINT ( 'NONE',  ( -20.55827429555749220, 131.8705633915792816, 9.368713456400417527 ) ) ;
#831 = CARTESIAN_POINT ( 'NONE',  ( -21.61191254291722075, 163.2424969748802823, 30.46287442398592304 ) ) ;
#832 = EDGE_CURVE ( 'NONE', #4315, #5713, #922, .T. ) ;
#833 = ORIENTED_EDGE ( 'NONE', *, *, #5531, .T. ) ;
#834 = CARTESIAN_POINT ( 'NONE',  ( 30.37012898736827893, 162.1470820196067280, 33.26709915234252435 ) ) ;
#835 = CARTESIAN_POINT ( 'NONE',  ( 31.35921037093747898, 130.4502907216551932, 7.838024617426192719 ) ) ;
#836 = CARTESIAN_POINT ( 'NONE',  ( 11.54616342937966955, 136.9852334490014982, 12.27996577830850455 ) ) ;
#837 = AXIS2_PLACEMENT_3D ( 'NONE', #3201, #4848, #7031 ) ;
#838 = CARTESIAN_POINT ( 'NONE',  ( 25.16895400013741479, 154.1817866390453844, 24.38083181912800868 ) ) ;
#839 = ADVANCED_FACE ( 'NONE', ( #2487 ), #6780, .T. ) ;
#840 = CARTESIAN_POINT ( 'NONE',  ( 1.608122458259314103, 171.2878800862521871, 36.25310447611290243 ) ) ;
#841 = DIRECTION ( 'NONE',  ( -0.0001635243220480100197, -0.5738412646324202449, 0.8189665293922949729 ) ) ;
#842 = ADVANCED_FACE ( 'NONE', ( #6353 ), #346, .F. ) ;
#843 = CARTESIAN_POINT ( 'NONE',  ( -15.96754025895624451, 141.7117567122978414, 15.61010091544747702 ) ) ;
#844 = CARTESIAN_POINT ( 'NONE',  ( 28.17054628595580468, 164.2549268771987556, 33.52921655538145274 ) ) ;
#845 = CARTESIAN_POINT ( 'NONE',  ( -19.26648966030453280, 137.8717456943363118, 13.00283596367338212 ) ) ;
#846 = CARTESIAN_POINT ( 'NONE',  ( 29.52429630685953299, 127.9588722727479677, 6.186373664367278202 ) ) ;
#847 = VERTEX_POINT ( 'NONE', #2557 ) ;
#848 = CARTESIAN_POINT ( 'NONE',  ( -11.92051491826675758, 133.2417675739671665, 9.564326862170402066 ) ) ;
#849 = CARTESIAN_POINT ( 'NONE',  ( 18.92930753069625638, 132.2097494754755473, 10.89503023966900841 ) ) ;
#850 = CARTESIAN_POINT ( 'NONE',  ( 20.99411875778476499, 154.2709354492033356, 23.83461467267703426 ) ) ;
#851 = CARTESIAN_POINT ( 'NONE',  ( 28.07683793242394188, 136.6137939155079266, 14.01287680482703735 ) ) ;
#852 = CARTESIAN_POINT ( 'NONE',  ( 19.59549001062444162, 170.3268183268550331, 35.65640350976082118 ) ) ;
#853 = PLANE ( 'NONE',  #681 ) ;
#854 = CARTESIAN_POINT ( 'NONE',  ( 15.04501517085543405, 163.9804865250546868, 23.28382228194222847 ) ) ;
#855 = CARTESIAN_POINT ( 'NONE',  ( -16.34772812551521071, 148.3106035720246894, 20.27846969774624242 ) ) ;
#856 = CARTESIAN_POINT ( 'NONE',  ( -17.32566802948019458, 143.7147581164987002, 17.02513812214720446 ) ) ;
#857 = CARTESIAN_POINT ( 'NONE',  ( -12.95917246712889970, 130.4563158184322447, 7.720038692531322688 ) ) ;
#858 = VERTEX_POINT ( 'NONE', #273 ) ;
#859 = CARTESIAN_POINT ( 'NONE',  ( 12.82228373221604301, 132.2604803707321253, 8.773798356783046870 ) ) ;
#860 = CARTESIAN_POINT ( 'NONE',  ( -21.51728701593355453, 159.4559493891942168, 27.81256593193242566 ) ) ;
#861 = CARTESIAN_POINT ( 'NONE',  ( 27.98913250853939161, 156.6756448528101089, 25.50612745659667624 ) ) ;
#862 = CARTESIAN_POINT ( 'NONE',  ( 20.19172266305016805, 146.4369332848802117, 18.98369155316762047 ) ) ;
#863 = CARTESIAN_POINT ( 'NONE',  ( 23.41879475241165665, 134.9376586728995164, 12.82518366277746047 ) ) ;
#864 = CARTESIAN_POINT ( 'NONE',  ( -16.65709906828358555, 144.2299533339370896, 19.34957489380592577 ) ) ;
#865 = CARTESIAN_POINT ( 'NONE',  ( 20.18645505443972610, 168.0870969956877161, 34.04398787748958455 ) ) ;
#866 = CARTESIAN_POINT ( 'NONE',  ( 17.37113758897981342, 161.8176109321628928, 29.66213931116004687 ) ) ;
#867 = CARTESIAN_POINT ( 'NONE',  ( 27.67531014285408730, 133.7126524114589472, 10.03795003959595533 ) ) ;
#868 = CARTESIAN_POINT ( 'NONE',  ( -3.994430980907131890, 132.2789368949757147, 8.828299415221479762 ) ) ;
#869 = VECTOR ( 'NONE', #6837, 1000.000000000000227 ) ;
#870 = LINE ( 'NONE', #4959, #2458 ) ;
#871 = ORIENTED_EDGE ( 'NONE', *, *, #4681, .F. ) ;
#872 = CARTESIAN_POINT ( 'NONE',  ( 30.20259594133334602, 152.3253471052525754, 25.10339102487416696 ) ) ;
#873 = CARTESIAN_POINT ( 'NONE',  ( -13.81153515380992225, 130.4227146926853322, 7.765764482893122711 ) ) ;
#874 = AXIS2_PLACEMENT_3D ( 'NONE', #7023, #2115, #1549 ) ;
#875 = CARTESIAN_POINT ( 'NONE',  ( 14.56898162442240086, 137.9317288997933133, 13.00098206367766807 ) ) ;
#876 = CARTESIAN_POINT ( 'NONE',  ( 13.22410599023415756, 163.7959237805612531, 31.05267161158320377 ) ) ;
#877 = DIRECTION ( 'NONE',  ( -0.0001635243220479844868, -0.5738412646324201338, 0.8189665293922950839 ) ) ;
#878 = CARTESIAN_POINT ( 'NONE',  ( 8.783586996310299710, 128.1311968894187601, 5.889872707301069710 ) ) ;
#879 = CARTESIAN_POINT ( 'NONE',  ( -18.44514500980912075, 152.8263734014132922, 25.41752055666145083 ) ) ;
#880 = CARTESIAN_POINT ( 'NONE',  ( 29.43790355517173651, 162.4288240715653728, 32.24103595176007531 ) ) ;
#881 = CARTESIAN_POINT ( 'NONE',  ( -15.00529565599105730, 136.9554467801731619, 12.25681810461359866 ) ) ;
#882 = EDGE_CURVE ( 'NONE', #847, #2553, #3498, .T. ) ;
#883 = AXIS2_PLACEMENT_3D ( 'NONE', #2779, #1711, #158 ) ;
#884 = ORIENTED_EDGE ( 'NONE', *, *, #5301, .T. ) ;
#885 = CARTESIAN_POINT ( 'NONE',  ( -12.20140570152890902, 133.4291110458939329, 9.696346387537982281 ) ) ;
#886 = CARTESIAN_POINT ( 'NONE',  ( 20.87615050024046326, 167.9019810909101693, 33.95519013083580973 ) ) ;
#887 = CARTESIAN_POINT ( 'NONE',  ( 18.86157058102771700, 154.6159705822369688, 24.06770742563203314 ) ) ;
#888 = CARTESIAN_POINT ( 'NONE',  ( 30.39957646604284491, 139.8058665556970652, 16.26878269125626986 ) ) ;
#889 = CARTESIAN_POINT ( 'NONE',  ( 15.01348735931167333, 174.5674026973593698, 38.65943433284696340 ) ) ;
#890 = CARTESIAN_POINT ( 'NONE',  ( -2.208721410821955278, 157.1858051328938188, 25.23519632986147343 ) ) ;
#891 = CARTESIAN_POINT ( 'NONE',  ( -4.022406319813304876, 148.3094650287871730, 20.31051806817430005 ) ) ;
#892 = CARTESIAN_POINT ( 'NONE',  ( 13.37807645934406153, 145.6677497892254110, 18.42748188782816854 ) ) ;
#893 = CARTESIAN_POINT ( 'NONE',  ( 17.42667639241849997, 129.6745667272753906, 7.344113399726931668 ) ) ;
#894 = VERTEX_POINT ( 'NONE', #783 ) ;
#895 = CARTESIAN_POINT ( 'NONE',  ( 10.30176877034523564, 131.7387802969527968, 8.403151291176580884 ) ) ;
#896 = CARTESIAN_POINT ( 'NONE',  ( 23.61256886094562901, 166.3655635469394554, 35.01529673297360290 ) ) ;
#897 = CARTESIAN_POINT ( 'NONE',  ( 29.50999078958097854, 158.4905262623941269, 27.38099607048862438 ) ) ;
#898 = CIRCLE ( 'NONE', #5351, 6.499999999999999112 ) ;
#899 = FACE_BOUND ( 'NONE', #3068, .T. ) ;
#900 = CARTESIAN_POINT ( 'NONE',  ( 28.58318503284824175, 139.5098816154989265, 14.00110871453075134 ) ) ;
#901 = CARTESIAN_POINT ( 'NONE',  ( 23.33549210279824138, 167.7600988457268443, 33.85903645668716422 ) ) ;
#902 = CARTESIAN_POINT ( 'NONE',  ( -0.7486799070459576599, 174.7454767778857274, -45.06831843124474801 ) ) ;
#903 = CARTESIAN_POINT ( 'NONE',  ( -8.080639690760902383, 156.7187818594914575, 26.22682310598797883 ) ) ;
#904 = CARTESIAN_POINT ( 'NONE',  ( -17.30566472789212185, 132.0173976436868486, 9.167729784801210258 ) ) ;
#905 = CARTESIAN_POINT ( 'NONE',  ( -20.55654439190472971, 130.8247151171552503, 8.740611222209897946 ) ) ;
#906 = CARTESIAN_POINT ( 'NONE',  ( 30.17171803662012053, 144.9443066336722268, 17.89927406064031246 ) ) ;
#907 = ORIENTED_EDGE ( 'NONE', *, *, #4769, .T. ) ;
#908 = CARTESIAN_POINT ( 'NONE',  ( 30.62695042774322474, 161.5219749628329851, 32.82597103787556136 ) ) ;
#909 = CARTESIAN_POINT ( 'NONE',  ( -13.03558007193957913, 174.5503892593788748, 38.61440724413991887 ) ) ;
#910 = CARTESIAN_POINT ( 'NONE',  ( -13.99244322956852038, 136.9643064874849188, 12.24670706332048375 ) ) ;
#911 = CARTESIAN_POINT ( 'NONE',  ( 22.10512334988410288, 153.5494225862562701, 23.94147864368141754 ) ) ;
#912 = CARTESIAN_POINT ( 'NONE',  ( -14.33269437429028414, 170.1423577374522722, 37.64736360720156227 ) ) ;
#913 = FACE_OUTER_BOUND ( 'NONE', #3629, .T. ) ;
#914 = VERTEX_POINT ( 'NONE', #2954 ) ;
#915 = CARTESIAN_POINT ( 'NONE',  ( -15.12795475283478375, 138.2937987125779387, 13.19462451231072286 ) ) ;
#916 = CARTESIAN_POINT ( 'NONE',  ( 29.77199653967971216, 161.5653755622585095, 31.63169524943977606 ) ) ;
#917 = CARTESIAN_POINT ( 'NONE',  ( 10.15545166832962742, 137.9609332692859596, 12.94851491980533709 ) ) ;
#918 = VERTEX_POINT ( 'NONE', #6889 ) ;
#919 = CARTESIAN_POINT ( 'NONE',  ( 15.68306222107233516, 149.2091009323144704, 20.90537454067655787 ) ) ;
#920 = CARTESIAN_POINT ( 'NONE',  ( 30.50225893314003756, 140.0997390074382167, 16.47636735706347721 ) ) ;
#921 = CARTESIAN_POINT ( 'NONE',  ( -10.91989161274814180, 170.6227656054504109, 37.98966889172185546 ) ) ;
#922 = LINE ( 'NONE', #1918, #3396 ) ;
#923 = CARTESIAN_POINT ( 'NONE',  ( -12.77166644745663859, 170.2784044744380481, 35.64541368870008142 ) ) ;
#924 =( LENGTH_UNIT ( ) NAMED_UNIT ( * ) SI_UNIT ( .MILLI., .METRE. ) );
#925 = EDGE_CURVE ( 'NONE', #4352, #4604, #4617, .T. ) ;
#926 = ADVANCED_FACE ( 'NONE', ( #4060 ), #4099, .F. ) ;
#927 = CARTESIAN_POINT ( 'NONE',  ( 16.34718067785719597, 167.9485861925189738, 26.06448813990689217 ) ) ;
#928 = CARTESIAN_POINT ( 'NONE',  ( -20.58627555191688430, 148.3251179885475324, 20.24734517114395871 ) ) ;
#929 = CARTESIAN_POINT ( 'NONE',  ( 10.14204031755142843, 145.6789133830692151, 18.40360205397642446 ) ) ;
#930 = CARTESIAN_POINT ( 'NONE',  ( 13.40441944128246554, 130.5166356572551081, 7.699259673850599839 ) ) ;
#931 = ORIENTED_EDGE ( 'NONE', *, *, #5569, .F. ) ;
#932 = CARTESIAN_POINT ( 'NONE',  ( 12.19044403014825484, 131.1175884119018065, 10.11776122481785656 ) ) ;
#933 = CARTESIAN_POINT ( 'NONE',  ( 20.45407802327044067, 134.3179231775151834, 13.60905334890910190 ) ) ;
#934 = CARTESIAN_POINT ( 'NONE',  ( 28.96474326175439273, 157.8304173751035364, 26.31038893855481220 ) ) ;
#935 = CARTESIAN_POINT ( 'NONE',  ( -20.54145562439757811, 157.8811919840816245, 30.20874809215042234 ) ) ;
#936 = CARTESIAN_POINT ( 'NONE',  ( 27.57649002242501979, 137.4038810718290051, 14.57026863865508304 ) ) ;
#937 = CARTESIAN_POINT ( 'NONE',  ( -12.92799314583872139, 133.1124673464738635, 11.50337786019371578 ) ) ;
#938 = CARTESIAN_POINT ( 'NONE',  ( -19.43006529355566059, 152.1052693490349554, 26.13162188654860785 ) ) ;
#939 = EDGE_CURVE ( 'NONE', #1238, #5447, #1989, .T. ) ;
#940 = CARTESIAN_POINT ( 'NONE',  ( -0.7793163540557022095, 151.7468496020010775, 22.69173174871139054 ) ) ;
#941 = CARTESIAN_POINT ( 'NONE',  ( -13.38979526804634368, 133.0123145976693593, 9.524216089703719135 ) ) ;
#942 = CARTESIAN_POINT ( 'NONE',  ( 8.777786748179332577, 131.4642338013955225, 8.256483082072108459 ) ) ;
#943 = CARTESIAN_POINT ( 'NONE',  ( 30.20088101748281773, 146.8677271888166160, 19.24843349042543039 ) ) ;
#944 = VERTEX_POINT ( 'NONE', #2830 ) ;
#945 = CARTESIAN_POINT ( 'NONE',  ( 15.68166675660568465, 145.1051073804315195, 20.30298237754167445 ) ) ;
#946 = CARTESIAN_POINT ( 'NONE',  ( -4.477238980424833592, 172.3453466791119411, 36.44202763716629789 ) ) ;
#947 = CARTESIAN_POINT ( 'NONE',  ( -0.8188125244434417693, 174.5613735846056613, 38.62893114491541979 ) ) ;
#948 = CARTESIAN_POINT ( 'NONE',  ( 22.15218713887745139, 136.9776801665580024, 12.31690085096731657 ) ) ;
#949 = APPLICATION_CONTEXT ( 'automotive_design' ) ;
#950 = CARTESIAN_POINT ( 'NONE',  ( 16.13359548605965799, 155.0490271681888146, 24.96193371861626176 ) ) ;
#951 = DIRECTION ( 'NONE',  ( -0.0007442450896947941678, -0.5767790250261670693, 0.8168998729275888104 ) ) ;
#952 = ORIENTED_EDGE ( 'NONE', *, *, #3376, .T. ) ;
#953 = DIRECTION ( 'NONE',  ( 0.0000000000000000000, 0.8169000991683948998, 0.5767791847654235582 ) ) ;
#954 = CARTESIAN_POINT ( 'NONE',  ( 26.17950532974198907, 165.5737242987143247, 34.45855060682734461 ) ) ;
#955 = CARTESIAN_POINT ( 'NONE',  ( -14.49886945922351345, 136.9601456638687296, 12.25137962905256650 ) ) ;
#956 = ORIENTED_EDGE ( 'NONE', *, *, #2579, .F. ) ;
#957 = CARTESIAN_POINT ( 'NONE',  ( -12.92675787976213542, 134.0695388897516409, 10.14786501277771613 ) ) ;
#958 = CARTESIAN_POINT ( 'NONE',  ( 26.35764623689713915, 135.4433342169462833, 13.18489760422665746 ) ) ;
#959 = CARTESIAN_POINT ( 'NONE',  ( -14.30866606976380595, 169.1637014178273262, 36.95639697392550005 ) ) ;
#960 = VERTEX_POINT ( 'NONE', #3465 ) ;
#961 = CARTESIAN_POINT ( 'NONE',  ( 24.84576242097881860, 174.5794671206328701, 38.66653412188323102 ) ) ;
#962 = CARTESIAN_POINT ( 'NONE',  ( -15.04609582809487556, 134.0009938555688507, 13.35293998668177551 ) ) ;
#963 = CYLINDRICAL_SURFACE ( 'NONE', #2703, 4.000000000000001776 ) ;
#964 = CARTESIAN_POINT ( 'NONE',  ( -12.99015525758453826, 148.2994978071435810, 20.30256725349868674 ) ) ;
#965 = CARTESIAN_POINT ( 'NONE',  ( -9.365726795159915241, 143.7033548064000001, 17.06102115411503561 ) ) ;
#966 = CARTESIAN_POINT ( 'NONE',  ( 13.40569487860411257, 129.7843604630275536, 7.177899194902942703 ) ) ;
#967 = ORIENTED_EDGE ( 'NONE', *, *, #315, .T. ) ;
#968 = CARTESIAN_POINT ( 'NONE',  ( 1.327459780276257995, 129.5578207824194976, 9.006577338796862620 ) ) ;
#969 = CARTESIAN_POINT ( 'NONE',  ( 21.63073703377473578, 166.7839406023769300, 35.30888980292430546 ) ) ;
#970 = CARTESIAN_POINT ( 'NONE',  ( 23.48852977521089613, 154.1557494000259965, 24.36366723459611094 ) ) ;
#971 = CARTESIAN_POINT ( 'NONE',  ( 26.63633989663011903, 166.3002030046106938, 34.97190321033544791 ) ) ;
#972 = CARTESIAN_POINT ( 'NONE',  ( 30.14292616521306556, 144.3464669772176592, 17.41744150090492127 ) ) ;
#973 = CARTESIAN_POINT ( 'NONE',  ( 21.54440186774207433, 162.5247878935414008, 26.84406895812276161 ) ) ;
#974 = CARTESIAN_POINT ( 'NONE',  ( -2.137588026494943172, 128.7566340546749473, 8.437735844353575487 ) ) ;
#975 = CARTESIAN_POINT ( 'NONE',  ( 15.04430876650675053, 156.7988122794332639, 26.16999147860860120 ) ) ;
#976 = CARTESIAN_POINT ( 'NONE',  ( -13.38835808737529653, 132.2002298678605428, 8.917145203022613487 ) ) ;
#977 = CARTESIAN_POINT ( 'NONE',  ( -14.99531352987182586, 131.1076998755140153, 8.351521381419562573 ) ) ;
#978 = EDGE_CURVE ( 'NONE', #3713, #5845, #7017, .T. ) ;
#979 = EDGE_CURVE ( 'NONE', #706, #5194, #5134, .T. ) ;
#980 = CARTESIAN_POINT ( 'NONE',  ( 30.01082789889098379, 143.0258581838868395, 16.55274132129365938 ) ) ;
#981 = ORIENTED_EDGE ( 'NONE', *, *, #4724, .T. ) ;
#982 = CARTESIAN_POINT ( 'NONE',  ( 24.07648375515140771, 136.1554262734171346, 11.73616147397380871 ) ) ;
#983 = CARTESIAN_POINT ( 'NONE',  ( -14.05021353097759729, 170.2779600307114265, 35.64288997181791530 ) ) ;
#984 = CARTESIAN_POINT ( 'NONE',  ( -21.86885537126672219, 135.1094605272126330, 11.39745150536908369 ) ) ;
#985 = CIRCLE ( 'NONE', #2004, 1.100000000000006084 ) ;
#986 = DIRECTION ( 'NONE',  ( 4.270088556250601108E-15, 0.8189665403419611467, 0.5738412723047364716 ) ) ;
#987 = CARTESIAN_POINT ( 'NONE',  ( 30.98951338288830115, 160.2553490094693984, 31.93198944850535881 ) ) ;
#988 = DIRECTION ( 'NONE',  ( 0.0007442459860544280376, 0.5767790251485572783, -0.8168998728403574772 ) ) ;
#989 = CIRCLE ( 'NONE', #3842, 14.75000000032855851 ) ;
#990 = LINE ( 'NONE', #4923, #1103 ) ;
#991 = CARTESIAN_POINT ( 'NONE',  ( 11.54616342937966955, 136.9852334490014982, 12.27996577830850455 ) ) ;
#992 = ORIENTED_EDGE ( 'NONE', *, *, #4812, .F. ) ;
#993 = AXIS2_PLACEMENT_3D ( 'NONE', #4498, #6080, #199 ) ;
#994 = LINE ( 'NONE', #1636, #69 ) ;
#995 = DIRECTION ( 'NONE',  ( -0.0007442459860544277123, -0.5767790251485576114, 0.8168998728403572551 ) ) ;
#996 = CARTESIAN_POINT ( 'NONE',  ( -18.87358193703868992, 154.9023476238611181, 26.88288928248397980 ) ) ;
#997 = ORIENTED_EDGE ( 'NONE', *, *, #4996, .F. ) ;
#998 = CARTESIAN_POINT ( 'NONE',  ( -21.27689269613935608, 170.2833314087775420, 35.61740339891530738 ) ) ;
#999 = CARTESIAN_POINT ( 'NONE',  ( -10.64913463673701521, 129.7761919750339246, 7.130142259382632020 ) ) ;
#1000 = CARTESIAN_POINT ( 'NONE',  ( -13.18018472795410467, 132.0956707617704637, 10.78523031902392049 ) ) ;
#1001 = CARTESIAN_POINT ( 'NONE',  ( -21.89143125810297619, 148.3297935045455631, 20.23746768117298700 ) ) ;
#1002 = AXIS2_PLACEMENT_3D ( 'NONE', #2656, #1979, #2439 ) ;
#1003 = CARTESIAN_POINT ( 'NONE',  ( -12.98216743913197035, 143.7081404785575103, 17.04528095933052612 ) ) ;
#1004 = CARTESIAN_POINT ( 'NONE',  ( 1.711991245498174719, 130.5777984821185669, 7.583331266311693852 ) ) ;
#1005 = ORIENTED_EDGE ( 'NONE', *, *, #1874, .T. ) ;
#1006 = CARTESIAN_POINT ( 'NONE',  ( 19.84385898410832283, 167.3834074453423284, 36.95466068691045791 ) ) ;
#1007 = CARTESIAN_POINT ( 'NONE',  ( 18.17583272919031145, 168.4416871975608103, 34.33090240310361452 ) ) ;
#1008 = CARTESIAN_POINT ( 'NONE',  ( 13.07709419446322840, 160.6154325344036238, 28.21231034956066708 ) ) ;
#1009 = DIRECTION ( 'NONE',  ( 0.0007442459860544277123, 0.5767790251485576114, -0.8168998728403572551 ) ) ;
#1010 = CARTESIAN_POINT ( 'NONE',  ( 25.76613125755068268, 136.1025883832903105, 13.64983064654705203 ) ) ;
#1011 = CARTESIAN_POINT ( 'NONE',  ( 20.16520434619930668, 132.6915327945708043, 11.23632338027415400 ) ) ;
#1012 = CARTESIAN_POINT ( 'NONE',  ( -1.037010610655079601, 128.7265267370941331, 8.417481012005969987 ) ) ;
#1013 = CARTESIAN_POINT ( 'NONE',  ( 15.05298197948568983, 151.7782412237573340, 22.68613228625585165 ) ) ;
#1014 = CARTESIAN_POINT ( 'NONE',  ( -13.98562952762361000, 132.9964134164014808, 9.545379922031694164 ) ) ;
#1015 = CARTESIAN_POINT ( 'NONE',  ( 4.884347660332315932, 131.4783459082642310, 8.226783202992971056 ) ) ;
#1016 = B_SPLINE_CURVE_WITH_KNOTS ( 'NONE', 3,
 ( #4553, #1806, #2271, #3441, #1836, #3412, #5639, #5031, #5606, #6201, #738, #2337, #5128, #5061, #5669, #4583, #191, #2402, #1204, #768 ),
 .UNSPECIFIED., .F., .F.,
 ( 4, 2, 2, 2, 2, 2, 2, 2, 2, 4 ),
 ( 0.0001570410002590177587, 0.06249999999981652871, 0.1250000000000071332, 0.1875000000000106304, 0.2500000000000140998, 0.3750000000000114353, 0.5000000000000094369, 0.7500000000000045519, 0.8750000000000023315, 1.000000000000000000 ),
 .UNSPECIFIED. ) ;
#1017 = CIRCLE ( 'NONE', #4775, 9.000000000000008882 ) ;
#1018 = CARTESIAN_POINT ( 'NONE',  ( 29.89127107543107087, 142.3886762360279192, 16.10547920101278052 ) ) ;
#1019 = ORIENTED_EDGE ( 'NONE', *, *, #5871, .T. ) ;
#1020 = VECTOR ( 'NONE', #2610, 1000.000000000000000 ) ;
#1021 = CARTESIAN_POINT ( 'NONE',  ( -11.57803935110176141, 130.4128258085764287, 10.82264337106788687 ) ) ;
#1022 = ADVANCED_FACE ( 'NONE', ( #6788 ), #6726, .F. ) ;
#1023 = CARTESIAN_POINT ( 'NONE',  ( 22.73540226036055145, 135.5463568399129031, 11.31607971799929402 ) ) ;
#1024 = CARTESIAN_POINT ( 'NONE',  ( -21.92947047220923196, 170.2844090174632186, 35.61425843269533686 ) ) ;
#1025 = CARTESIAN_POINT ( 'NONE',  ( 33.18710911801303354, 136.9885315870812121, 12.32869629831156999 ) ) ;
#1026 = CARTESIAN_POINT ( 'NONE',  ( -10.34648197968590821, 143.2530975117726371, 17.99232980604734067 ) ) ;
#1027 = CARTESIAN_POINT ( 'NONE',  ( 4.441674502183764695, 169.1019387288666849, 34.79470910021135666 ) ) ;
#1028 = CARTESIAN_POINT ( 'NONE',  ( 4.566494259442150039, 130.8086660291485828, 7.757178571265533229 ) ) ;
#1029 = CARTESIAN_POINT ( 'NONE',  ( -21.71553173049650454, 161.9783560693959146, 29.82190222062917329 ) ) ;
#1030 = CARTESIAN_POINT ( 'NONE',  ( -21.21627907637455479, 135.1326159534434908, 11.36610158832163009 ) ) ;
#1031 = ORIENTED_EDGE ( 'NONE', *, *, #882, .F. ) ;
#1032 = CARTESIAN_POINT ( 'NONE',  ( -10.29678756535292727, 171.8931492326106536, 36.50386439619853718 ) ) ;
#1033 = CARTESIAN_POINT ( 'NONE',  ( 31.18398076001252051, 143.9123868736938618, 20.39308076738233311 ) ) ;
#1034 = CARTESIAN_POINT ( 'NONE',  ( 13.11410946125403854, 162.1729117426206130, 29.30241425250284948 ) ) ;
#1035 = VERTEX_POINT ( 'NONE', #5690 ) ;
#1036 = CARTESIAN_POINT ( 'NONE',  ( 15.09117059645912917, 129.7378634870524365, 7.248246975141453774 ) ) ;
#1037 = CARTESIAN_POINT ( 'NONE',  ( 23.64301557117148178, 140.9576683148239056, 15.11784828553297899 ) ) ;
#1038 = CARTESIAN_POINT ( 'NONE',  ( -16.95263479467610068, 140.6416722360841618, 16.81576959816020178 ) ) ;
#1039 = CARTESIAN_POINT ( 'NONE',  ( 1.685650767142450102, 145.6879523662176155, 18.36985897003859236 ) ) ;
#1040 = CARTESIAN_POINT ( 'NONE',  ( -13.82950228510659585, 140.8278506712062494, 14.97576360696101183 ) ) ;
#1041 = CARTESIAN_POINT ( 'NONE',  ( -19.25028532290676608, 128.1883861243073000, 6.949203710916868282 ) ) ;
#1042 = EDGE_LOOP ( 'NONE', ( #572, #146, #3152, #1566 ) ) ;
#1043 = CARTESIAN_POINT ( 'NONE',  ( 1.090035686899924805, 170.5811568476313198, 39.19537267903105260 ) ) ;
#1044 = CARTESIAN_POINT ( 'NONE',  ( -11.57803935110176141, 130.4128258085764287, 10.82264337106788687 ) ) ;
#1045 = CARTESIAN_POINT ( 'NONE',  ( 15.73793535126003817, 155.8548944925404101, 25.51926427999167046 ) ) ;
#1046 = CARTESIAN_POINT ( 'NONE',  ( -18.73507625756913697, 154.2538833496565758, 24.12157385865262782 ) ) ;
#1047 = CARTESIAN_POINT ( 'NONE',  ( -14.90302063025653645, 169.8219811754997011, 37.42063943977539964 ) ) ;
#1048 = DIRECTION ( 'NONE',  ( -0.9999999866298979745, 9.383700501679956014E-05, -0.0001339209482894234316 ) ) ;
#1049 = CARTESIAN_POINT ( 'NONE',  ( 31.31362235242044534, 156.8055648814249992, 26.20054366667742940 ) ) ;
#1050 = CARTESIAN_POINT ( 'NONE',  ( 33.15277574798712834, 156.8114741299430079, 26.19667240125106389 ) ) ;
#1051 = CARTESIAN_POINT ( 'NONE',  ( 8.776348809679136664, 132.2887171110095323, 8.845905021168610105 ) ) ;
#1052 = CARTESIAN_POINT ( 'NONE',  ( -3.992704704388986059, 131.2924309119596558, 8.115725490960873145 ) ) ;
#1053 = CARTESIAN_POINT ( 'NONE',  ( 29.63618209847096452, 137.8143961421450001, 16.08613299212647618 ) ) ;
#1054 = DIRECTION ( 'NONE',  ( 0.0001635243220480099926, 0.5738412646324203559, -0.8189665293922949729 ) ) ;
#1055 = CARTESIAN_POINT ( 'NONE',  ( -11.52227049774268686, 131.9950331124382501, 10.71568472033124131 ) ) ;
#1056 = VERTEX_POINT ( 'NONE', #2962 ) ;
#1057 =( LENGTH_UNIT ( ) NAMED_UNIT ( * ) SI_UNIT ( .MILLI., .METRE. ) );
#1058 = CARTESIAN_POINT ( 'NONE',  ( 30.00515516375422820, 160.1951392559554677, 28.57157062115568635 ) ) ;
#1059 = CARTESIAN_POINT ( 'NONE',  ( -14.56402415757446001, 174.5503882593559126, 38.61063537640460908 ) ) ;
#1060 = CARTESIAN_POINT ( 'NONE',  ( -11.94147794529003370, 135.3509218034911044, 11.07824765931284006 ) ) ;
#1061 = EDGE_CURVE ( 'NONE', #7021, #3204, #2478, .T. ) ;
#1062 = CARTESIAN_POINT ( 'NONE',  ( 15.73412532377495587, 185.7596783146844643, -37.27663196092461106 ) ) ;
#1063 = CARTESIAN_POINT ( 'NONE',  ( 26.63101280084158518, 165.7253139995598872, 35.79013337261950767 ) ) ;
#1064 = ORIENTED_EDGE ( 'NONE', *, *, #1312, .F. ) ;
#1065 = CARTESIAN_POINT ( 'NONE',  ( -13.95463338058211100, 166.8065081488808516, 31.97397678667747911 ) ) ;
#1066 = DIRECTION ( 'NONE',  ( -0.0007442459860544277123, -0.5767790251485576114, 0.8168998728403572551 ) ) ;
#1067 = ORIENTED_EDGE ( 'NONE', *, *, #5489, .T. ) ;
#1068 = EDGE_CURVE ( 'NONE', #6244, #6496, #3678, .T. ) ;
#1069 = EDGE_CURVE ( 'NONE', #6065, #5370, #5330, .T. ) ;
#1070 = CARTESIAN_POINT ( 'NONE',  ( -12.67356667329273634, 169.9959291322506090, 37.54548802457379963 ) ) ;
#1071 = CARTESIAN_POINT ( 'NONE',  ( 30.13120084966341494, 138.6802652969361702, 16.69793818238656513 ) ) ;
#1072 = FACE_OUTER_BOUND ( 'NONE', #670, .T. ) ;
#1073 = ORIENTED_EDGE ( 'NONE', *, *, #1277, .T. ) ;
#1074 = CARTESIAN_POINT ( 'NONE',  ( 8.780626156780652281, 129.8344550319809798, 7.095173352344136042 ) ) ;
#1075 = CARTESIAN_POINT ( 'NONE',  ( 21.54350548624378447, 164.7024790580725551, 35.06331708244722734 ) ) ;
#1076 = CARTESIAN_POINT ( 'NONE',  ( 23.87175365943636862, 166.5778324475831482, 36.38954734037766769 ) ) ;
#1077 = CARTESIAN_POINT ( 'NONE',  ( -4.014418224541221214, 143.7135787521764883, 17.05967857416834477 ) ) ;
#1078 = CARTESIAN_POINT ( 'NONE',  ( 10.15042134651485206, 140.8482145045328480, 15.00597597274705386 ) ) ;
#1079 = CARTESIAN_POINT ( 'NONE',  ( -19.25127364619476111, 128.7786638276816120, 7.318907053083412606 ) ) ;
#1080 = EDGE_LOOP ( 'NONE', ( #4119, #5735 ) ) ;
#1081 = CARTESIAN_POINT ( 'NONE',  ( 21.18085597393865172, 167.1321302092856627, 36.77846236622764309 ) ) ;
#1082 = CARTESIAN_POINT ( 'NONE',  ( -2.138332271594091338, 128.1798550296393557, 9.254635717272369888 ) ) ;
#1083 = CARTESIAN_POINT ( 'NONE',  ( 15.74032698176061551, 156.1400223086068308, 25.10859621331452374 ) ) ;
#1084 = AXIS2_PLACEMENT_3D ( 'NONE', #6073, #1171, #2664 ) ;
#1085 = CARTESIAN_POINT ( 'NONE',  ( -0.8011384742152295457, 134.0909058436328110, 12.51129590722154639 ) ) ;
#1086 = CARTESIAN_POINT ( 'NONE',  ( -19.85820519825925956, 154.7600659260012606, 26.78153304195820184 ) ) ;
#1087 = CARTESIAN_POINT ( 'NONE',  ( 15.34233112184397285, 144.9570956158491697, 17.94119368509428369 ) ) ;
#1088 = CARTESIAN_POINT ( 'NONE',  ( 18.03958176409322078, 156.7943759878127707, 26.18370085715715589 ) ) ;
#1089 = CARTESIAN_POINT ( 'NONE',  ( 10.13276201356178419, 151.0415668257656421, 22.14279401405291736 ) ) ;
#1090 = CARTESIAN_POINT ( 'NONE',  ( 22.16043851314676161, 132.1896585954864349, 9.019952850380041909 ) ) ;
#1091 = CARTESIAN_POINT ( 'NONE',  ( 14.58063849390196509, 131.2198161473644120, 8.264942345944048085 ) ) ;
#1092 = CARTESIAN_POINT ( 'NONE',  ( 27.24028415790809632, 135.4325103086725335, 14.40219966123052053 ) ) ;
#1093 = LINE ( 'NONE', #592, #5786 ) ;
#1094 = CARTESIAN_POINT ( 'NONE',  ( -6.798013816200633386, 131.1312209605994781, 7.964959060770417487 ) ) ;
#1095 = SURFACE_STYLE_FILL_AREA ( #5995 ) ;
#1096 = CARTESIAN_POINT ( 'NONE',  ( 31.29018286137434757, 170.3381536392989517, 35.66913893939449309 ) ) ;
#1097 = CARTESIAN_POINT ( 'NONE',  ( 19.65609417771653256, 135.3307547712444432, 11.18496009303196459 ) ) ;
#1098 = PLANE ( 'NONE',  #7069 ) ;
#1099 = CARTESIAN_POINT ( 'NONE',  ( 3.113956429696457917, 170.2439627969884555, 35.59956296953931343 ) ) ;
#1100 = ORIENTED_EDGE ( 'NONE', *, *, #3983, .T. ) ;
#1101 = FACE_OUTER_BOUND ( 'NONE', #4582, .T. ) ;
#1102 = DIRECTION ( 'NONE',  ( 0.0000000000000000000, -0.8169000990817233410, -0.5767791848881776984 ) ) ;
#1103 = VECTOR ( 'NONE', #3274, 1000.000000000000000 ) ;
#1104 = CARTESIAN_POINT ( 'NONE',  ( -14.29837633130484420, 170.2807461079314635, 35.36176792157321813 ) ) ;
#1105 = DIRECTION ( 'NONE',  ( -0.0007442459860544277123, -0.5767790251485576114, 0.8168998728403572551 ) ) ;
#1106 = CARTESIAN_POINT ( 'NONE',  ( 14.43666404811380310, 165.0751163054545714, 31.34249913572719493 ) ) ;
#1107 = ORIENTED_EDGE ( 'NONE', *, *, #5444, .T. ) ;
#1108 = AXIS2_PLACEMENT_3D ( 'NONE', #2614, #6983, #367 ) ;
#1109 = CARTESIAN_POINT ( 'NONE',  ( -12.70136732575914174, 129.7208489249426862, 7.203854784569974079 ) ) ;
#1110 = DIRECTION ( 'NONE',  ( -0.0007442459860544277123, -0.5767790251485576114, 0.8168998728403572551 ) ) ;
#1111 = CARTESIAN_POINT ( 'NONE',  ( -17.41845426515689255, 142.9423951004077367, 18.43978993481558959 ) ) ;
#1112 = EDGE_CURVE ( 'NONE', #960, #3950, #4759, .T. ) ;
#1113 = CARTESIAN_POINT ( 'NONE',  ( -16.34308960735671690, 145.6396468269871036, 18.39411241671754027 ) ) ;
#1114 = CARTESIAN_POINT ( 'NONE',  ( 14.56395069848516854, 140.8288939729879701, 15.04437381669820795 ) ) ;
#1115 = CARTESIAN_POINT ( 'NONE',  ( -8.032800036839971014, 129.2393310878838690, 6.690858485091738750 ) ) ;
#1116 = VERTEX_POINT ( 'NONE', #430 ) ;
#1117 = ORIENTED_EDGE ( 'NONE', *, *, #6443, .F. ) ;
#1118 = CARTESIAN_POINT ( 'NONE',  ( 24.81853841259329130, 169.3277972588283546, 27.03257836955846827 ) ) ;
#1119 = CARTESIAN_POINT ( 'NONE',  ( 14.15223083393975045, 157.7921034115145460, 26.24762092698061622 ) ) ;
#1120 = CARTESIAN_POINT ( 'NONE',  ( 18.68306708182513631, 140.2200425042509266, 14.62043449854906463 ) ) ;
#1121 = CARTESIAN_POINT ( 'NONE',  ( -7.159568263361516749, 171.9792211348773776, 38.95083160690267476 ) ) ;
#1122 = CARTESIAN_POINT ( 'NONE',  ( -11.92174987942094155, 132.2846962342515553, 10.91983985358868736 ) ) ;
#1123 = B_SPLINE_CURVE_WITH_KNOTS ( 'NONE', 3,
 ( #2476, #3086, #3122, #4661, #5780, #5274 ),
 .UNSPECIFIED., .F., .F.,
 ( 4, 2, 4 ),
 ( 0.0003637795559683833116, 0.001278314826700220229, 0.002192850097432057308 ),
 .UNSPECIFIED. ) ;
#1124 = CARTESIAN_POINT ( 'NONE',  ( -13.43093718930127167, 156.7188811353979929, 26.21347343613819447 ) ) ;
#1125 = CARTESIAN_POINT ( 'NONE',  ( 13.36879784634937351, 151.0354587563159612, 22.15947748457544719 ) ) ;
#1126 = CARTESIAN_POINT ( 'NONE',  ( 29.51705267007305267, 132.2055605951178450, 9.015478284773392303 ) ) ;
#1127 = CARTESIAN_POINT ( 'NONE',  ( 30.38408248847855830, 139.2363334118671503, 17.09078514164007245 ) ) ;
#1128 = CARTESIAN_POINT ( 'NONE',  ( 30.19110543365962229, 145.0528781110240288, 19.97328939512027191 ) ) ;
#1129 = CARTESIAN_POINT ( 'NONE',  ( -0.5048245336165962938, 129.5438891536674646, 8.995071473521047523 ) ) ;
#1130 = DIRECTION ( 'NONE',  ( 0.0007442459860544277123, 0.5767790251485576114, -0.8168998728403572551 ) ) ;
#1131 = CARTESIAN_POINT ( 'NONE',  ( 21.18222055722704056, 166.0760622083582518, 32.66045734498359820 ) ) ;
#1132 = CARTESIAN_POINT ( 'NONE',  ( -17.95625748593857196, 132.8491698475834824, 9.745173659669287503 ) ) ;
#1133 = B_SPLINE_CURVE_WITH_KNOTS ( 'NONE', 3,
 ( #4425, #831, #5576, #6604, #2846, #6708, #5033, #4652, #676, #123, #1775, #3917, #5063, #5609, #290, #5733, #4080, #6634, #6108, #6144, #4525, #1207, #3575, #53, #89 ),
 .UNSPECIFIED., .F., .F.,
 ( 4, 2, 2, 2, 2, 2, 1, 2, 2, 2, 2, 2, 4 ),
 ( 0.01131631800933661884, 0.01405435596346554621, 0.01542337494053004285, 0.01679239391759454122, 0.01953043187172353451, 0.02089945084878803636, 0.02226846982585253820, 0.02363748880291703658, 0.02500650777998153496, 0.02774454573411049008, 0.02911356471117496764, 0.03048258368823944520, 0.03322062164236841419 ),
 .UNSPECIFIED. ) ;
#1134 = FACE_OUTER_BOUND ( 'NONE', #469, .T. ) ;
#1135 = CIRCLE ( 'NONE', #3977, 1.100000000000007860 ) ;
#1136 = CARTESIAN_POINT ( 'NONE',  ( 7.757424386047224729, 160.8636184727440366, 28.99898187328538413 ) ) ;
#1137 = VERTEX_POINT ( 'NONE', #5868 ) ;
#1138 = DIRECTION ( 'NONE',  ( -0.0007442459860544277123, -0.5767790251485576114, 0.8168998728403572551 ) ) ;
#1139 = DIRECTION ( 'NONE',  ( 0.0001635243220480100468, 0.5738412646324204669, -0.8189665293922950839 ) ) ;
#1140 = CARTESIAN_POINT ( 'NONE',  ( -13.49725565716523867, 170.7197319307416592, 35.67244742272109903 ) ) ;
#1141 = CARTESIAN_POINT ( 'NONE',  ( 30.79415723938139848, 140.4122431879785040, 17.92141973076598305 ) ) ;
#1142 = CARTESIAN_POINT ( 'NONE',  ( 13.04518886021199187, 161.5049486522265454, 28.83445577460242504 ) ) ;
#1143 = VERTEX_POINT ( 'NONE', #4219 ) ;
#1144 = CARTESIAN_POINT ( 'NONE',  ( -9.340473947358107765, 129.2252565989039113, 6.707664756213732815 ) ) ;
#1145 = CARTESIAN_POINT ( 'NONE',  ( 13.15611654011638265, 169.1449380703648728, 36.96817102925376730 ) ) ;
#1146 = CARTESIAN_POINT ( 'NONE',  ( -21.23086392437007319, 143.7089039482165163, 17.02383051484407517 ) ) ;
#1147 = CARTESIAN_POINT ( 'NONE',  ( -21.87337376865946226, 137.8161801765527628, 13.07549588816267416 ) ) ;
#1148 = CARTESIAN_POINT ( 'NONE',  ( -15.32854643814576612, 129.0280607852151888, 6.973583277922468682 ) ) ;
#1149 = ORIENTED_EDGE ( 'NONE', *, *, #5916, .F. ) ;
#1150 = CARTESIAN_POINT ( 'NONE',  ( -11.92147770503963855, 130.6214843089528301, 10.96965556691520760 ) ) ;
#1151 = CARTESIAN_POINT ( 'NONE',  ( 17.85329915659496081, 154.6615654005169063, 24.70179665774720235 ) ) ;
#1152 = ADVANCED_FACE ( 'NONE', ( #2459 ), #255, .T. ) ;
#1153 = CARTESIAN_POINT ( 'NONE',  ( -20.34728194780772981, 156.3976457006826308, 25.63372647794045989 ) ) ;
#1154 = CARTESIAN_POINT ( 'NONE',  ( -8.524596313230363265, 171.9346728256430197, 38.91813427562418326 ) ) ;
#1155 = EDGE_CURVE ( 'NONE', #4027, #4889, #3771, .T. ) ;
#1156 = CYLINDRICAL_SURFACE ( 'NONE', #3980, 1.099999999999979217 ) ;
#1157 = CARTESIAN_POINT ( 'NONE',  ( -17.33958372616270438, 151.7299549513316776, 22.67489813136613819 ) ) ;
#1158 = CARTESIAN_POINT ( 'NONE',  ( 19.62889163556486949, 151.0279606318459287, 22.18560518397164216 ) ) ;
#1159 = CARTESIAN_POINT ( 'NONE',  ( -12.70420855112412362, 131.3803511343976709, 8.322854230092019634 ) ) ;
#1160 = CARTESIAN_POINT ( 'NONE',  ( 15.68226215339452878, 146.4651207095402583, 20.28391958264637296 ) ) ;
#1161 = ADVANCED_FACE ( 'NONE', ( #6435 ), #5906, .F. ) ;
#1162 = CARTESIAN_POINT ( 'NONE',  ( 28.75990908239446497, 138.7861821803044222, 15.54733212699233036 ) ) ;
#1163 = CARTESIAN_POINT ( 'NONE',  ( 30.18563661339050697, 160.1862569952754143, 28.44190483239932021 ) ) ;
#1164 = EDGE_LOOP ( 'NONE', ( #1601, #3562 ) ) ;
#1165 = CARTESIAN_POINT ( 'NONE',  ( -13.44699410894561709, 166.0047478696481846, 32.67648119241545146 ) ) ;
#1166 = CARTESIAN_POINT ( 'NONE',  ( 22.15218713887745139, 136.9776801665580024, 12.31690085096731657 ) ) ;
#1167 = CARTESIAN_POINT ( 'NONE',  ( -9.347177599965254657, 133.0949949364576810, 9.416503579129848589 ) ) ;
#1168 = CARTESIAN_POINT ( 'NONE',  ( -12.68289329883601191, 142.0181485898596065, 15.83762924217410273 ) ) ;
#1169 = CARTESIAN_POINT ( 'NONE',  ( 4.523404892346581718, 153.8437103900564864, 24.10904115198410835 ) ) ;
#1170 = VERTEX_POINT ( 'NONE', #3714 ) ;
#1171 = DIRECTION ( 'NONE',  ( 0.0007442459860544277123, 0.5767790251485576114, -0.8168998728403572551 ) ) ;
#1172 = CARTESIAN_POINT ( 'NONE',  ( -8.012663646856339028, 136.4807086376050052, 11.88784650344626925 ) ) ;
#1173 = CARTESIAN_POINT ( 'NONE',  ( -4.408715871226163152, 158.9877506433706458, 26.49736138890866144 ) ) ;
#1174 = CARTESIAN_POINT ( 'NONE',  ( 18.60132152832081687, 154.6913805464497500, 24.11892830576046620 ) ) ;
#1175 = ORIENTED_EDGE ( 'NONE', *, *, #4347, .F. ) ;
#1176 = CARTESIAN_POINT ( 'NONE',  ( -19.25028532290676608, 128.1883861243073000, 6.949203710916868282 ) ) ;
#1177 = CARTESIAN_POINT ( 'NONE',  ( 23.51010154102605654, 137.6677951330379415, 12.79834331529935376 ) ) ;
#1178 = CARTESIAN_POINT ( 'NONE',  ( -15.24758161224653108, 151.3842803821558221, 22.45283988867200620 ) ) ;
#1179 = CARTESIAN_POINT ( 'NONE',  ( 22.13709430991524485, 145.6700122416187355, 18.44588487533285814 ) ) ;
#1180 = CARTESIAN_POINT ( 'NONE',  ( -19.27152327457530134, 140.8128936601023042, 14.98361959723107439 ) ) ;
#1181 = CARTESIAN_POINT ( 'NONE',  ( 16.25991083747932819, 129.1319748928242745, 6.903648036822334966 ) ) ;
#1182 = ORIENTED_EDGE ( 'NONE', *, *, #5125, .T. ) ;
#1183 = CARTESIAN_POINT ( 'NONE',  ( -7.577034181797340118, 128.8695302077451856, 9.736631690887982415 ) ) ;
#1184 = CARTESIAN_POINT ( 'NONE',  ( 18.83800130888335289, 167.9862533049567048, 34.01127913582009654 ) ) ;
#1185 = CARTESIAN_POINT ( 'NONE',  ( 16.66088975457929067, 144.2175682930738958, 17.42909930419498821 ) ) ;
#1186 = CARTESIAN_POINT ( 'NONE',  ( -7.160312508457661096, 171.4024421098710036, 39.76773147981364076 ) ) ;
#1187 = CARTESIAN_POINT ( 'NONE',  ( -11.70437900276789556, 204.8538044284073862, -23.82006180501686998 ) ) ;
#1188 = CARTESIAN_POINT ( 'NONE',  ( 4.937318988302168421, 169.7133459763592782, 37.36201239073809433 ) ) ;
#1189 = CARTESIAN_POINT ( 'NONE',  ( 29.46579628836429521, 161.8113184854382212, 29.70095464213248704 ) ) ;
#1190 = CARTESIAN_POINT ( 'NONE',  ( -7.276063042774021383, 150.9727798706415172, 22.19773243516615224 ) ) ;
#1191 = CARTESIAN_POINT ( 'NONE',  ( 10.16537956051901936, 132.2797128944910128, 8.862151328776658232 ) ) ;
#1192 = DIRECTION ( 'NONE',  ( 0.0007442459860544277123, 0.5767790251485576114, -0.8168998728403572551 ) ) ;
#1193 = CARTESIAN_POINT ( 'NONE',  ( 27.33988239760893180, 137.2011188039468550, 14.42689107045453767 ) ) ;
#1194 = CARTESIAN_POINT ( 'NONE',  ( 30.01282148160244390, 161.8572159891249100, 29.23965663045321861 ) ) ;
#1195 =( LENGTH_UNIT ( ) NAMED_UNIT ( * ) SI_UNIT ( .MILLI., .METRE. ) );
#1196 = CARTESIAN_POINT ( 'NONE',  ( 11.48839182127640690, 170.3202653625300229, 35.64571731943708244 ) ) ;
#1197 = CARTESIAN_POINT ( 'NONE',  ( 10.15713248855876571, 136.9973458791581322, 12.25929503657635600 ) ) ;
#1198 = EDGE_CURVE ( 'NONE', #1776, #5256, #363, .T. ) ;
#1199 = CARTESIAN_POINT ( 'NONE',  ( -15.33525314644691129, 132.9477922727893429, 9.611258588713560869 ) ) ;
#1200 = ADVANCED_FACE ( 'NONE', ( #3753 ), #4331, .F. ) ;
#1201 = CARTESIAN_POINT ( 'NONE',  ( -8.525340558311356176, 171.3578938006168642, 39.73503414855622395 ) ) ;
#1202 = CARTESIAN_POINT ( 'NONE',  ( -0.8005430774263858629, 132.4283888061392247, 10.35815012824000547 ) ) ;
#1203 = ORIENTED_EDGE ( 'NONE', *, *, #1499, .F. ) ;
#1204 = CARTESIAN_POINT ( 'NONE',  ( -4.390046802909416179, 171.8546377391383260, 38.86539165391221928 ) ) ;
#1205 = B_SPLINE_CURVE_WITH_KNOTS ( 'NONE', 3,
 ( #4132, #1456, #5247, #2486, #5282, #382, #2556, #4779, #2520, #1377, #6888, #3667, #1988, #1528, #4703, #4740, #6390, #4243 ),
 .UNSPECIFIED., .F., .F.,
 ( 4, 2, 2, 2, 2, 2, 2, 2, 4 ),
 ( 0.0000000000000000000, 0.03125000000000823647, 0.1250000000000333344, 0.2500000000000290323, 0.3750000000000155986, 0.5000000000000137668, 0.7500000000000142109, 0.8750000000000065503, 1.000000000000000000 ),
 .UNSPECIFIED. ) ;
#1206 = CARTESIAN_POINT ( 'NONE',  ( -9.572639483299219876, 139.2756888103287167, 13.89793636059960846 ) ) ;
#1207 = CARTESIAN_POINT ( 'NONE',  ( -10.15910642010196163, 173.3432821119961318, 37.53573360978113982 ) ) ;
#1208 = DIRECTION ( 'NONE',  ( -0.0007442450898864459837, -0.5767790250261926044, 0.8168998729275703807 ) ) ;
#1209 = ORIENTED_EDGE ( 'NONE', *, *, #4870, .T. ) ;
#1210 = CARTESIAN_POINT ( 'NONE',  ( -9.339486649643221838, 128.6517579414647798, 6.314077025118436381 ) ) ;
#1211 = CARTESIAN_POINT ( 'NONE',  ( -1.598952991774074128, 138.6533216772322703, 13.41170838087779238 ) ) ;
#1212 = DIRECTION ( 'NONE',  ( 0.0007442459860544280376, 0.5767790251485573894, -0.8168998728403574772 ) ) ;
#1213 = CARTESIAN_POINT ( 'NONE',  ( 16.23968190551204316, 140.8275978865105458, 15.05035565157711375 ) ) ;
#1214 = CARTESIAN_POINT ( 'NONE',  ( 19.65158201042376263, 137.9355459156636527, 13.00809616124409729 ) ) ;
#1215 = CARTESIAN_POINT ( 'NONE',  ( -11.15923078179712391, 128.0396670822097178, 5.970929081585890863 ) ) ;
#1216 = ORIENTED_EDGE ( 'NONE', *, *, #978, .F. ) ;
#1217 = CARTESIAN_POINT ( 'NONE',  ( -8.309376560022700531, 131.4890431841399732, 8.272546622712125597 ) ) ;
#1218 = CARTESIAN_POINT ( 'NONE',  ( 13.07862143626427986, 161.9095230767298403, 29.72898836995332061 ) ) ;
#1219 = CARTESIAN_POINT ( 'NONE',  ( 24.05213234756509522, 144.6177316557397319, 17.69589308870310518 ) ) ;
#1220 = CARTESIAN_POINT ( 'NONE',  ( -15.07045064765146947, 174.5504881100124521, 38.60924302033927091 ) ) ;
#1221 = CARTESIAN_POINT ( 'NONE',  ( 13.34587920410590023, 146.1372923566302688, 18.75153424156080462 ) ) ;
#1222 = CARTESIAN_POINT ( 'NONE',  ( -6.980188723104212123, 163.1496185772101626, 26.97092294010006697 ) ) ;
#1223 = CARTESIAN_POINT ( 'NONE',  ( -11.96867577379318703, 150.9710092960704912, 22.18866806778255096 ) ) ;
#1224 = CARTESIAN_POINT ( 'NONE',  ( 21.20823929854710954, 151.0290346370252053, 22.18797533268027067 ) ) ;
#1225 = CARTESIAN_POINT ( 'NONE',  ( -21.20940897239287182, 130.9627247065855045, 8.896333970417725112 ) ) ;
#1226 = CARTESIAN_POINT ( 'NONE',  ( -0.7996753889402947735, 133.1008338424857698, 9.405757200043376898 ) ) ;
#1227 = CARTESIAN_POINT ( 'NONE',  ( -7.294697092261982263, 161.7383937922329267, 29.71400925551248662 ) ) ;
#1228 = AXIS2_PLACEMENT_3D ( 'NONE', #6743, #1303, #3479 ) ;
#1229 = DIRECTION ( 'NONE',  ( 0.0001635243220480100197, 0.5738412646324202449, -0.8189665293922949729 ) ) ;
#1230 = CARTESIAN_POINT ( 'NONE',  ( 4.701449699864975962, 128.4163572834407034, 9.427851576617674922 ) ) ;
#1231 = CARTESIAN_POINT ( 'NONE',  ( -10.71204631846673472, 166.0073725808275356, 32.67949681139739937 ) ) ;
#1232 = CARTESIAN_POINT ( 'NONE',  ( -13.98961176984004240, 135.3212594626626526, 11.11541470989696379 ) ) ;
#1233 = VECTOR ( 'NONE', #4107, 1000.000000000000000 ) ;
#1234 = CARTESIAN_POINT ( 'NONE',  ( 13.39997982233737872, 133.0593537816913283, 9.523393744079427847 ) ) ;
#1235 = CARTESIAN_POINT ( 'NONE',  ( -11.01873614883890262, 140.9016402636586633, 15.05154816022777275 ) ) ;
#1236 = EDGE_CURVE ( 'NONE', #2283, #6362, #627, .T. ) ;
#1237 = CARTESIAN_POINT ( 'NONE',  ( 6.518963307951890940, 156.5607410466694205, 25.99540472109028499 ) ) ;
#1238 = VERTEX_POINT ( 'NONE', #3263 ) ;
#1239 = CARTESIAN_POINT ( 'NONE',  ( 25.28006422603455761, 176.7321498270307814, -43.64189743197790960 ) ) ;
#1240 = CARTESIAN_POINT ( 'NONE',  ( -9.572815354556835743, 138.8516347278880687, 13.59387041607822688 ) ) ;
#1241 = CARTESIAN_POINT ( 'NONE',  ( -11.75407485085214709, 167.2388877814883870, 31.36159171111941291 ) ) ;
#1242 = CARTESIAN_POINT ( 'NONE',  ( 21.54501508394976739, 164.6766926359129570, 23.77294447290170964 ) ) ;
#1243 = CARTESIAN_POINT ( 'NONE',  ( 31.36147440860372626, 129.1232049968969875, 6.953413118283291894 ) ) ;
#1244 = CARTESIAN_POINT ( 'NONE',  ( -4.283885444693674494, 135.9881530887939221, 11.51867294900018912 ) ) ;
#1245 = VECTOR ( 'NONE', #4062, 1000.000000000000227 ) ;
#1246 = CARTESIAN_POINT ( 'NONE',  ( 13.15537229502409922, 168.5681590452818170, 37.78507090218608511 ) ) ;
#1247 = CARTESIAN_POINT ( 'NONE',  ( 1.694030478394380035, 140.8788121083720455, 14.94154494127425359 ) ) ;
#1248 = CARTESIAN_POINT ( 'NONE',  ( -13.39660828258623049, 136.9689612736678157, 12.24155208365881897 ) ) ;
#1249 = CARTESIAN_POINT ( 'NONE',  ( 33.20161596928595316, 128.5414243464879576, 6.576154860968491889 ) ) ;
#1250 = ORIENTED_EDGE ( 'NONE', *, *, #5617, .T. ) ;
#1251 = CARTESIAN_POINT ( 'NONE',  ( -18.39320206204475028, 193.0813771888722954, -31.59618149740683890 ) ) ;
#1252 = CARTESIAN_POINT ( 'NONE',  ( 13.23483205175713451, 162.5937633459869858, 30.20893280641049117 ) ) ;
#1253 = CARTESIAN_POINT ( 'NONE',  ( 20.45600112370113166, 139.8927964972952225, 14.38211424359109714 ) ) ;
#1254 = CARTESIAN_POINT ( 'NONE',  ( -13.46176243945938644, 174.5503449387255159, 38.61341821068823066 ) ) ;
#1255 = CARTESIAN_POINT ( 'NONE',  ( -18.97662463400173394, 165.0428518526894948, 31.73838455018567473 ) ) ;
#1256 = CARTESIAN_POINT ( 'NONE',  ( 1.759697863315993649, 163.8043356716327708, 30.85184676553381067 ) ) ;
#1257 = CARTESIAN_POINT ( 'NONE',  ( -0.7780276177835284690, 151.0041726043134815, 22.16908776489878719 ) ) ;
#1258 = CARTESIAN_POINT ( 'NONE',  ( 15.05891030122763219, 148.3471455714460205, 20.30398744302511105 ) ) ;
#1259 = CARTESIAN_POINT ( 'NONE',  ( 8.058557449274886153, 131.3019460854764873, 8.131932092456217731 ) ) ;
#1260 = CARTESIAN_POINT ( 'NONE',  ( 1.800165895033054575, 135.3602813481932969, 11.01461598370739203 ) ) ;
#1261 = CARTESIAN_POINT ( 'NONE',  ( -13.01342755254703576, 161.7316071859835631, 29.70955184304557761 ) ) ;
#1262 = CARTESIAN_POINT ( 'NONE',  ( -6.980188723104212123, 163.1496185772101626, 26.97092294010006697 ) ) ;
#1263 = CARTESIAN_POINT ( 'NONE',  ( 14.35316407232863511, 130.1556608786219726, 10.66469480105934231 ) ) ;
#1264 = CARTESIAN_POINT ( 'NONE',  ( 8.005579875194271722, 161.8110300049550005, 29.64838614844320119 ) ) ;
#1265 = CARTESIAN_POINT ( 'NONE',  ( -22.51859480899076971, 133.3549524383654443, 10.42320907636024074 ) ) ;
#1266 = CARTESIAN_POINT ( 'NONE',  ( 22.15784957106695430, 133.6995581306513827, 10.04296825953843175 ) ) ;
#1267 = CARTESIAN_POINT ( 'NONE',  ( -0.9649650036302577227, 150.3742251120244475, 21.72474839742895369 ) ) ;
#1268 = VERTEX_POINT ( 'NONE', #516 ) ;
#1269 = CARTESIAN_POINT ( 'NONE',  ( -0.8005430774263855298, 136.6762693213641739, 13.35740188965852582 ) ) ;
#1270 = DIRECTION ( 'NONE',  ( 0.0001635243220480100468, 0.5738412646324204669, -0.8189665293922950839 ) ) ;
#1271 = ORIENTED_EDGE ( 'NONE', *, *, #5925, .F. ) ;
#1272 = CARTESIAN_POINT ( 'NONE',  ( 1.715240569717087160, 128.7101180275620607, 6.258294438268974247 ) ) ;
#1273 = CARTESIAN_POINT ( 'NONE',  ( -4.278748478087317508, 142.1545592724175151, 15.94353241275088529 ) ) ;
#1274 = FACE_OUTER_BOUND ( 'NONE', #1374, .T. ) ;
#1275 = CARTESIAN_POINT ( 'NONE',  ( -15.34878173353846087, 140.8277935748589869, 14.97209421525347395 ) ) ;
#1276 = CARTESIAN_POINT ( 'NONE',  ( 14.58516359020711661, 128.6143835313580723, 6.426341311506877929 ) ) ;
#1277 = EDGE_CURVE ( 'NONE', #5642, #858, #7022, .T. ) ;
#1278 = EDGE_CURVE ( 'NONE', #6746, #4075, #2825, .T. ) ;
#1279 = ORIENTED_EDGE ( 'NONE', *, *, #4349, .T. ) ;
#1280 = CARTESIAN_POINT ( 'NONE',  ( -5.258839085220112786, 130.8274291496958313, 7.787924418903252821 ) ) ;
#1281 = CARTESIAN_POINT ( 'NONE',  ( 17.99273550479388462, 167.2909961461590171, 33.52026289648529200 ) ) ;
#1282 = CARTESIAN_POINT ( 'NONE',  ( 22.46452595182328693, 146.0044443885307999, 18.67581780824085769 ) ) ;
#1283 = CARTESIAN_POINT ( 'NONE',  ( 15.68226215339452168, 148.5890609671527329, 21.78354546335564024 ) ) ;
#1284 = CARTESIAN_POINT ( 'NONE',  ( -14.31993053454405818, 170.2604064479096166, 35.38713843131462511 ) ) ;
#1285 = CARTESIAN_POINT ( 'NONE',  ( -10.09032252942222740, 173.7376536743019244, 37.81005879222480104 ) ) ;
#1286 = CARTESIAN_POINT ( 'NONE',  ( 8.022925251059504603, 151.7870680950774727, 22.65621234383641180 ) ) ;
#1287 = CARTESIAN_POINT ( 'NONE',  ( -12.99015525758453826, 148.2994978071435810, 20.30256725349868674 ) ) ;
#1288 = CARTESIAN_POINT ( 'NONE',  ( -13.38535387225292439, 130.4405260741940538, 7.741462722504143912 ) ) ;
#1289 = CARTESIAN_POINT ( 'NONE',  ( 1.666721342825260743, 135.9014046077169553, 11.40362453020455114 ) ) ;
#1290 = CARTESIAN_POINT ( 'NONE',  ( 1.657740692247021030, 161.7789406378711874, 29.67839324362178743 ) ) ;
#1291 = CARTESIAN_POINT ( 'NONE',  ( 25.56460308508561852, 155.0702610844755895, 24.39111197935334729 ) ) ;
#1292 = CARTESIAN_POINT ( 'NONE',  ( 29.99880210518106338, 161.9451903101178516, 29.25967337104505361 ) ) ;
#1293 = CARTESIAN_POINT ( 'NONE',  ( 8.725097373840716486, 161.8135573322241214, 29.64656486914973854 ) ) ;
#1294 = CARTESIAN_POINT ( 'NONE',  ( 14.57632419163879689, 133.7012298301925455, 10.02187203612148281 ) ) ;
#1295 = CARTESIAN_POINT ( 'NONE',  ( -7.243449381451775082, 132.2744974656523596, 8.826597890909365418 ) ) ;
#1296 = VERTEX_POINT ( 'NONE', #4943 ) ;
#1297 = FACE_BOUND ( 'NONE', #2093, .T. ) ;
#1298 = CARTESIAN_POINT ( 'NONE',  ( -11.16346915582040289, 130.5095115223866458, 7.648749541986937572 ) ) ;
#1299 = CARTESIAN_POINT ( 'NONE',  ( -9.367866216806152835, 140.1110525286745201, 14.49716138054021997 ) ) ;
#1300 = CARTESIAN_POINT ( 'NONE',  ( -10.29461880930548112, 182.5476551169168431, -39.56822173752365046 ) ) ;
#1301 = CARTESIAN_POINT ( 'NONE',  ( 27.68316707088458273, 129.1203290006092175, 6.948426310013161356 ) ) ;
#1302 = CARTESIAN_POINT ( 'NONE',  ( 13.07937392989302872, 130.4574594162849053, 9.652481464854044901 ) ) ;
#1303 = DIRECTION ( 'NONE',  ( -0.0007442459860544277123, -0.5767790251485576114, 0.8168998728403572551 ) ) ;
#1304 = CARTESIAN_POINT ( 'NONE',  ( 21.22589839269159029, 140.8395893803010495, 15.04559572079083907 ) ) ;
#1305 = CARTESIAN_POINT ( 'NONE',  ( -19.24929702755566652, 127.5985654867900791, 6.578849751382648492 ) ) ;
#1306 = ORIENTED_EDGE ( 'NONE', *, *, #5923, .F. ) ;
#1307 = CARTESIAN_POINT ( 'NONE',  ( -11.10724152661743602, 132.6909496293737050, 9.159566132613619516 ) ) ;
#1308 = CARTESIAN_POINT ( 'NONE',  ( 12.74547526794583163, 162.6901606708345867, 30.27559149510181769 ) ) ;
#1309 = CARTESIAN_POINT ( 'NONE',  ( 23.09790886985233982, 140.7041199490736290, 14.94131931560378135 ) ) ;
#1310 = CARTESIAN_POINT ( 'NONE',  ( -14.05759767120573045, 174.5503490784654446, 38.61194137116541469 ) ) ;
#1311 = DIRECTION ( 'NONE',  ( 0.0000000000000000000, 0.8169000990817237851, 0.5767791848881770322 ) ) ;
#1312 = EDGE_CURVE ( 'NONE', #2079, #1337, #4303, .T. ) ;
#1313 = CARTESIAN_POINT ( 'NONE',  ( -14.02328428323924392, 167.0834802533392462, 33.18678686357208818 ) ) ;
#1314 = CARTESIAN_POINT ( 'NONE',  ( -7.276063042774021383, 150.9727798706415172, 22.19773243516615224 ) ) ;
#1315 = CARTESIAN_POINT ( 'NONE',  ( -21.88679230251670305, 145.6516801553193261, 18.36329757756235992 ) ) ;
#1316 = CARTESIAN_POINT ( 'NONE',  ( 18.08389540909262649, 131.1539724933621756, 8.367317029063320533 ) ) ;
#1317 = ORIENTED_EDGE ( 'NONE', *, *, #2190, .F. ) ;
#1318 = CARTESIAN_POINT ( 'NONE',  ( 1.269789733147678623, 133.9317582541717684, 9.992015527255722063 ) ) ;
#1319 = CARTESIAN_POINT ( 'NONE',  ( 8.005579875194271722, 161.8110300049550005, 29.64838614844320119 ) ) ;
#1320 = FACE_OUTER_BOUND ( 'NONE', #3341, .T. ) ;
#1321 = DIRECTION ( 'NONE',  ( 0.0000000000000000000, 0.8169000991684308710, 0.5767791847653725990 ) ) ;
#1322 = AXIS2_PLACEMENT_3D ( 'NONE', #4468, #6644, #2413 ) ;
#1323 = CARTESIAN_POINT ( 'NONE',  ( -18.00608240076779865, 161.7363243691196146, 29.69051166078803661 ) ) ;
#1324 = CARTESIAN_POINT ( 'NONE',  ( -20.55971514867081495, 132.7427316756644018, 9.890257491072501850 ) ) ;
#1325 = CARTESIAN_POINT ( 'NONE',  ( -8.038065068677601843, 132.2734237441132450, 8.826164617223158260 ) ) ;
#1326 = ORIENTED_EDGE ( 'NONE', *, *, #5531, .F. ) ;
#1327 = CARTESIAN_POINT ( 'NONE',  ( 31.20174079581535054, 155.9442948514094098, 28.88832675825278073 ) ) ;
#1328 = CARTESIAN_POINT ( 'NONE',  ( -13.38535387225292439, 130.4405260741940538, 7.741462722504143912 ) ) ;
#1329 = CARTESIAN_POINT ( 'NONE',  ( 17.09199933983040509, 167.3707580300322491, 33.57474852403295529 ) ) ;
#1330 = CARTESIAN_POINT ( 'NONE',  ( -10.57931823590131870, 171.5676650417871940, 38.65713336779404585 ) ) ;
#1331 = CARTESIAN_POINT ( 'NONE',  ( -13.97694886648846690, 127.9401979006300536, 6.105563850726220210 ) ) ;
#1332 = FACE_OUTER_BOUND ( 'NONE', #5401, .T. ) ;
#1333 = CARTESIAN_POINT ( 'NONE',  ( 30.13976063647871939, 159.7991441226612324, 30.38496774362153374 ) ) ;
#1334 = CARTESIAN_POINT ( 'NONE',  ( -4.009387567574639988, 140.8208142144641783, 15.01002281177776787 ) ) ;
#1335 = CIRCLE ( 'NONE', #5233, 6.499999999999999112 ) ;
#1336 = CARTESIAN_POINT ( 'NONE',  ( -14.48337388199921882, 127.9161728842767332, 6.138512404671281786 ) ) ;
#1337 = VERTEX_POINT ( 'NONE', #6484 ) ;
#1338 = FACE_OUTER_BOUND ( 'NONE', #5470, .T. ) ;
#1339 = CYLINDRICAL_SURFACE ( 'NONE', #2343, 4.000000000000013323 ) ;
#1340 = CARTESIAN_POINT ( 'NONE',  ( 24.25276565594847256, 144.2213071994751203, 17.41614399168039995 ) ) ;
#1341 = DIRECTION ( 'NONE',  ( 0.0001635243220480100468, 0.5738412646324205779, -0.8189665293922949729 ) ) ;
#1342 = FACE_BOUND ( 'NONE', #1612, .T. ) ;
#1343 = VECTOR ( 'NONE', #2288, 1000.000000000000114 ) ;
#1344 = CARTESIAN_POINT ( 'NONE',  ( -19.24379645775965031, 154.7025755591572818, 24.74311739765742502 ) ) ;
#1345 = CARTESIAN_POINT ( 'NONE',  ( -6.117764040680668813, 157.1233731067329416, 26.25672036424388978 ) ) ;
#1346 = CARTESIAN_POINT ( 'NONE',  ( 13.36750890872714592, 151.7814299724137754, 22.67743226293320191 ) ) ;
#1347 = CARTESIAN_POINT ( 'NONE',  ( 18.05418319948573114, 148.3443343568033299, 20.31538358095638586 ) ) ;
#1348 = CARTESIAN_POINT ( 'NONE',  ( -9.342737100630758462, 130.5378730665840692, 7.612872740096782387 ) ) ;
#1349 = ORIENTED_EDGE ( 'NONE', *, *, #6656, .F. ) ;
#1350 = EDGE_CURVE ( 'NONE', #1743, #5232, #4543, .T. ) ;
#1351 = CARTESIAN_POINT ( 'NONE',  ( 6.490517360977785088, 130.0447668479285994, 9.355093560420963072 ) ) ;
#1352 = CARTESIAN_POINT ( 'NONE',  ( 12.16528708391415314, 166.0711894253450964, 32.64513335213526091 ) ) ;
#1353 = CARTESIAN_POINT ( 'NONE',  ( 2.624204033225825405, 129.6252753157109225, 9.055385591546878388 ) ) ;
#1354 = FACE_OUTER_BOUND ( 'NONE', #678, .T. ) ;
#1355 = B_SPLINE_CURVE_WITH_KNOTS ( 'NONE', 3,
 ( #4417, #118, #1201, #2302, #4488, #5333, #3182, #5800, #1506, #5374, #1541, #6976, #2531, #6902, #2036, #433, #4715, #1964, #5260, #2000, #2568, #3756, #4182, #935, #1426, #3141, #6865, #3717, #6939, #4144 ),
 .UNSPECIFIED., .F., .F.,
 ( 4, 2, 2, 2, 2, 2, 2, 2, 2, 2, 2, 2, 2, 2, 4 ),
 ( 0.0000000000000000000, 0.1250000000001352807, 0.1875000000001794953, 0.2500000000002266520, 0.3125000000003060330, 0.3750000000003542167, 0.4375000000003301248, 0.5000000000003208545, 0.5625000000004329870, 0.6250000000002079448, 0.6875000000001735279, 0.7500000000001392220, 0.8125000000001046940, 0.8750000000000046629, 1.000000000000000000 ),
 .UNSPECIFIED. ) ;
#1356 = CARTESIAN_POINT ( 'NONE',  ( 28.17054643872227260, 164.2549269834752010, 33.52921663054950585 ) ) ;
#1357 = CARTESIAN_POINT ( 'NONE',  ( -22.55860871785495192, 156.7522536177498580, 26.14343526199849777 ) ) ;
#1358 = CARTESIAN_POINT ( 'NONE',  ( -12.96476430168839045, 133.7042798489639779, 9.949539371516463504 ) ) ;
#1359 = CARTESIAN_POINT ( 'NONE',  ( -13.38835808737529653, 132.2002298678605428, 8.917145203022613487 ) ) ;
#1360 = EDGE_CURVE ( 'NONE', #706, #4826, #5685, .T. ) ;
#1361 = PRODUCT_DEFINITION_CONTEXT ( 'detailed design', #4970, 'design' ) ;
#1362 = DIRECTION ( 'NONE',  ( 0.0001635243220480100197, 0.5738412646324202449, -0.8189665293922949729 ) ) ;
#1363 = ORIENTED_EDGE ( 'NONE', *, *, #6610, .F. ) ;
#1364 = DIRECTION ( 'NONE',  ( 0.0000000000000000000, -0.8169000991683925683, -0.5767791847654266668 ) ) ;
#1365 = CARTESIAN_POINT ( 'NONE',  ( -10.65041070096103226, 130.5187237015373967, 7.636902920981569309 ) ) ;
#1366 = CARTESIAN_POINT ( 'NONE',  ( 18.07391579430075623, 136.9606324423876060, 12.33109960610390132 ) ) ;
#1367 = CARTESIAN_POINT ( 'NONE',  ( 22.89110574715203938, 153.6182866699880663, 23.98970017059351534 ) ) ;
#1368 = CARTESIAN_POINT ( 'NONE',  ( -14.90302063025653645, 169.8219811754997011, 37.42063943977539964 ) ) ;
#1369 = CARTESIAN_POINT ( 'NONE',  ( -15.32657118880767477, 127.8703651031436124, 6.201636569734630733 ) ) ;
#1370 = DIRECTION ( 'NONE',  ( -0.0007442450898864458753, -0.5767790250261926044, 0.8168998729275703807 ) ) ;
#1371 = FACE_OUTER_BOUND ( 'NONE', #3464, .T. ) ;
#1372 = CARTESIAN_POINT ( 'NONE',  ( -13.39828926528157105, 137.9352067169339477, 12.92698832059518921 ) ) ;
#1373 = CARTESIAN_POINT ( 'NONE',  ( 18.08940979799182358, 127.9424036937682985, 6.181586648066311973 ) ) ;
#1374 = EDGE_LOOP ( 'NONE', ( #4055, #4946 ) ) ;
#1375 = CARTESIAN_POINT ( 'NONE',  ( -15.72768117389993670, 139.6396816756921169, 16.10942174338232746 ) ) ;
#1376 = CARTESIAN_POINT ( 'NONE',  ( 22.66529046984929607, 133.6916306811992854, 11.94472863283264985 ) ) ;
#1377 = CARTESIAN_POINT ( 'NONE',  ( -7.308185059613816037, 130.2337404327733736, 9.475948498382518181 ) ) ;
#1378 = CARTESIAN_POINT ( 'NONE',  ( 24.52419761311967150, 134.5010001146269758, 12.51788430434285360 ) ) ;
#1379 = CARTESIAN_POINT ( 'NONE',  ( 8.710331592471355577, 170.3174487339142900, 35.64286845595171371 ) ) ;
#1380 = FILL_AREA_STYLE ('',( #1531 ) ) ;
#1381 = CARTESIAN_POINT ( 'NONE',  ( 1.776436356582308029, 153.8499432112738248, 23.89425233077769661 ) ) ;
#1382 = CARTESIAN_POINT ( 'NONE',  ( -8.066039966411132411, 148.2967340054052272, 20.31865766093435255 ) ) ;
#1383 = CARTESIAN_POINT ( 'NONE',  ( 1.685650767142450102, 145.6879523662176155, 18.36985897003859236 ) ) ;
#1384 = CARTESIAN_POINT ( 'NONE',  ( -14.48761263170512059, 130.3921637376415958, 7.807583659446088120 ) ) ;
#1385 = ORIENTED_EDGE ( 'NONE', *, *, #1350, .T. ) ;
#1386 = CARTESIAN_POINT ( 'NONE',  ( 6.491825408525761176, 131.0584845058103554, 7.919351638511706426 ) ) ;
#1387 = CARTESIAN_POINT ( 'NONE',  ( -21.21087791841965142, 158.3364648672224746, 27.03008145991697120 ) ) ;
#1388 = CARTESIAN_POINT ( 'NONE',  ( 29.40200866726987172, 157.3440834469512595, 26.58023124086820488 ) ) ;
#1389 = CARTESIAN_POINT ( 'NONE',  ( 5.207772257848795050, 129.8741557616385194, 9.233463509925286417 ) ) ;
#1390 = CARTESIAN_POINT ( 'NONE',  ( 22.19993732895931871, 134.4149531879508288, 12.45501260674150323 ) ) ;
#1391 = DIRECTION ( 'NONE',  ( 0.0001635243220480100468, 0.5738412646324205779, -0.8189665293922949729 ) ) ;
#1392 = DIRECTION ( 'NONE',  ( 0.0007442459860544280376, 0.5767790251485572783, -0.8168998728403574772 ) ) ;
#1393 = CARTESIAN_POINT ( 'NONE',  ( -4.045678980811108438, 161.7475629844367120, 29.70897812668915705 ) ) ;
#1394 = CARTESIAN_POINT ( 'NONE',  ( -16.32232974797406300, 133.5939626543429881, 10.09828317997654779 ) ) ;
#1395 = CARTESIAN_POINT ( 'NONE',  ( 8.056830939858212304, 132.2922624406099885, 8.839082084392767769 ) ) ;
#1396 = CARTESIAN_POINT ( 'NONE',  ( -5.574107926016114156, 130.6398941213210776, 10.07033159002306633 ) ) ;
#1397 = ORIENTED_EDGE ( 'NONE', *, *, #5206, .T. ) ;
#1398 = AXIS2_PLACEMENT_3D ( 'NONE', #2262, #183, #5024 ) ;
#1399 = CARTESIAN_POINT ( 'NONE',  ( 27.38102985030771208, 165.3741035431792454, 35.54284158713172559 ) ) ;
#1400 = EDGE_CURVE ( 'NONE', #1914, #541, #4185, .T. ) ;
#1401 = PRODUCT_RELATED_PRODUCT_CATEGORY ( 'part', '', ( #2295 ) ) ;
#1402 = CARTESIAN_POINT ( 'NONE',  ( -21.20784173809132511, 130.0118359625194557, 8.332376652757655933 ) ) ;
#1403 = CARTESIAN_POINT ( 'NONE',  ( 10.15713248855876571, 136.9973458791581322, 12.25929503657635600 ) ) ;
#1404 = CIRCLE ( 'NONE', #3811, 2.599999999999994316 ) ;
#1405 = CARTESIAN_POINT ( 'NONE',  ( 13.24270409507363411, 158.0941712125855929, 27.06426454274767579 ) ) ;
#1406 = DIRECTION ( 'NONE',  ( 0.0000000000000000000, 0.8169000990817204544, 0.5767791848881815842 ) ) ;
#1407 = CARTESIAN_POINT ( 'NONE',  ( -10.64617249061062587, 128.0515570564196253, 5.955270712349247653 ) ) ;
#1408 = ORIENTED_EDGE ( 'NONE', *, *, #6739, .T. ) ;
#1409 = CARTESIAN_POINT ( 'NONE',  ( 14.35316407232863511, 130.1556608786219726, 10.66469480105934231 ) ) ;
#1410 = CARTESIAN_POINT ( 'NONE',  ( 30.20258756493633712, 153.5200513299116096, 25.95161871219232452 ) ) ;
#1411 = CARTESIAN_POINT ( 'NONE',  ( -11.94598902064472767, 137.9378481278694437, 12.92681367816955706 ) ) ;
#1412 = EDGE_LOOP ( 'NONE', ( #1878, #6984 ) ) ;
#1413 = CARTESIAN_POINT ( 'NONE',  ( -13.98803344219591338, 134.6372197477463430, 12.57897635487571897 ) ) ;
#1414 = CARTESIAN_POINT ( 'NONE',  ( 25.74581706149283988, 135.1047936407931900, 12.94531077016310938 ) ) ;
#1415 = DIRECTION ( 'NONE',  ( -0.0007442459860544277123, -0.5767790251485576114, 0.8168998728403572551 ) ) ;
#1416 = CARTESIAN_POINT ( 'NONE',  ( 30.94425035021685133, 141.5942984594929612, 17.53201630758246665 ) ) ;
#1417 = CARTESIAN_POINT ( 'NONE',  ( 15.02086978907180992, 170.3229980232496246, 35.65054814988771881 ) ) ;
#1418 = CARTESIAN_POINT ( 'NONE',  ( -17.89797509261572728, 144.6461863122584930, 20.86646940767960245 ) ) ;
#1419 = CARTESIAN_POINT ( 'NONE',  ( -10.05565426452068500, 153.8005190757669141, 23.93507416389529396 ) ) ;
#1420 = CARTESIAN_POINT ( 'NONE',  ( 24.88654657117073299, 151.0346424506454639, 22.18907349414181596 ) ) ;
#1421 = CARTESIAN_POINT ( 'NONE',  ( -19.27655428346297484, 143.7114158568951154, 17.02507953196078105 ) ) ;
#1422 = CARTESIAN_POINT ( 'NONE',  ( 4.885911684154510937, 130.5799827031349878, 7.588057605568937269 ) ) ;
#1423 = CARTESIAN_POINT ( 'NONE',  ( 30.20383625103048431, 153.2865688777668254, 23.74199972985273277 ) ) ;
#1424 = CARTESIAN_POINT ( 'NONE',  ( -19.54444999134356209, 155.1916181352307831, 24.83899003809330708 ) ) ;
#1425 = CARTESIAN_POINT ( 'NONE',  ( 22.94003220313622649, 153.6439723308884595, 24.00747203015661313 ) ) ;
#1426 = CARTESIAN_POINT ( 'NONE',  ( -20.46486226206030068, 157.3361521212803211, 29.82398789467341160 ) ) ;
#1427 = CARTESIAN_POINT ( 'NONE',  ( 26.58333245769387077, 137.5936852211737005, 12.64634014960128106 ) ) ;
#1428 = DIRECTION ( 'NONE',  ( 0.0007442459860544280376, 0.5767790251485572783, -0.8168998728403574772 ) ) ;
#1429 = CARTESIAN_POINT ( 'NONE',  ( -1.637861791395287092, 133.2065664486777905, 9.486453186670830817 ) ) ;
#1430 = VECTOR ( 'NONE', #5847, 999.9999999999998863 ) ;
#1431 = CARTESIAN_POINT ( 'NONE',  ( 29.47446890365425531, 156.8005260118682713, 26.20317597789204100 ) ) ;
#1432 = CARTESIAN_POINT ( 'NONE',  ( 1.707551332792327070, 133.1253227243923334, 9.400623994779449433 ) ) ;
#1433 = CARTESIAN_POINT ( 'NONE',  ( 27.67789886731232230, 132.2063133072852850, 9.009866480622713780 ) ) ;
#1434 = CIRCLE ( 'NONE', #5455, 8.999999999999976907 ) ;
#1435 = CARTESIAN_POINT ( 'NONE',  ( 29.81253154401129279, 142.0697802903564479, 15.88163903162637780 ) ) ;
#1436 = ORIENTED_EDGE ( 'NONE', *, *, #4512, .F. ) ;
#1437 = CARTESIAN_POINT ( 'NONE',  ( 30.21843695780186323, 163.0367513059223370, 32.67097920100010811 ) ) ;
#1438 = CARTESIAN_POINT ( 'NONE',  ( -16.31545856292960295, 129.5497015214091618, 7.438554983995842917 ) ) ;
#1439 = CARTESIAN_POINT ( 'NONE',  ( -15.34206907433411970, 136.9521032137713235, 12.26074615748012953 ) ) ;
#1440 = ADVANCED_FACE ( 'NONE', ( #2322, #5657, #787, #694 ), #2826, .T. ) ;
#1441 = ADVANCED_FACE ( 'NONE', ( #6650 ), #5231, .T. ) ;
#1442 = CARTESIAN_POINT ( 'NONE',  ( 13.98073687158552048, 156.9488830080100001, 26.27024390479001781 ) ) ;
#1443 = AXIS2_PLACEMENT_3D ( 'NONE', #5783, #2442, #4590 ) ;
#1444 = CARTESIAN_POINT ( 'NONE',  ( -8.524596313230363265, 171.9346728256430197, 38.91813427562418326 ) ) ;
#1445 = CIRCLE ( 'NONE', #304, 10.00000000000000355 ) ;
#1446 = CARTESIAN_POINT ( 'NONE',  ( 21.54464715422515297, 163.3855497904900176, 25.61561916403430672 ) ) ;
#1447 = EDGE_LOOP ( 'NONE', ( #6510, #3615 ) ) ;
#1448 = CARTESIAN_POINT ( 'NONE',  ( -12.92418762407268673, 134.0384797457678587, 10.18559421862819647 ) ) ;
#1449 = CARTESIAN_POINT ( 'NONE',  ( 30.20254757866051776, 156.5123443079568801, 28.06435229669502718 ) ) ;
#1450 = CARTESIAN_POINT ( 'NONE',  ( -22.52595049149467243, 137.8000261780223923, 13.09687951613128298 ) ) ;
#1451 = VECTOR ( 'NONE', #3047, 999.9999999999998863 ) ;
#1452 = ORIENTED_EDGE ( 'NONE', *, *, #714, .F. ) ;
#1453 = ADVANCED_FACE ( 'NONE', ( #3558 ), #1460, .F. ) ;
#1454 = CARTESIAN_POINT ( 'NONE',  ( -14.12856660621965332, 134.9039669105898724, 12.76718739822563364 ) ) ;
#1455 = CARTESIAN_POINT ( 'NONE',  ( 29.04603393634114639, 137.6148363299586777, 14.72055421589253044 ) ) ;
#1456 = CARTESIAN_POINT ( 'NONE',  ( -11.82272441891050718, 132.2111722335185675, 10.86801783275175914 ) ) ;
#1457 = CARTESIAN_POINT ( 'NONE',  ( 30.81030633442927780, 140.9813563626549922, 17.09912135448038129 ) ) ;
#1458 = CARTESIAN_POINT ( 'NONE',  ( -11.23248946079587007, 170.2795026800442599, 35.64765021903635045 ) ) ;
#1459 = CARTESIAN_POINT ( 'NONE',  ( -8.430157215243614388, 172.1756722409788267, 36.72387858541451777 ) ) ;
#1460 = CYLINDRICAL_SURFACE ( 'NONE', #5336, 2.599999999999996536 ) ;
#1461 = CARTESIAN_POINT ( 'NONE',  ( -14.01217303185598162, 148.3023208270870441, 20.29602571358138263 ) ) ;
#1462 = CARTESIAN_POINT ( 'NONE',  ( 29.49370796689579777, 145.6940936803632383, 18.42976716232977452 ) ) ;
#1463 = CARTESIAN_POINT ( 'NONE',  ( 8.780626156780652281, 129.8344550319809798, 7.095173352344136042 ) ) ;
#1464 = B_SPLINE_CURVE_WITH_KNOTS ( 'NONE', 3,
 ( #5267, #5957, #6909, #3115, #2576, #481, #3151, #2008, #2043, #6335, #4304, #4689, #4228, #4192 ),
 .UNSPECIFIED., .F., .F.,
 ( 4, 2, 2, 2, 2, 2, 4 ),
 ( 0.03322062164236841419, 0.03435843993107218913, 0.03549625821977596407, 0.03777189479718352089, 0.03890971308588728889, 0.04004753137459105689, 0.04232316795199859288 ),
 .UNSPECIFIED. ) ;
#1465 = ORIENTED_EDGE ( 'NONE', *, *, #6260, .T. ) ;
#1466 = CARTESIAN_POINT ( 'NONE',  ( 2.625511989101728005, 130.6389931329975411, 7.619643782126747311 ) ) ;
#1467 = CARTESIAN_POINT ( 'NONE',  ( 12.96119225371827888, 168.3437905600301860, 36.40233650451987302 ) ) ;
#1468 = CARTESIAN_POINT ( 'NONE',  ( 29.06694295204021827, 157.6978731078442308, 26.82798700002413383 ) ) ;
#1469 = VECTOR ( 'NONE', #5535, 1000.000000000000114 ) ;
#1470 = CARTESIAN_POINT ( 'NONE',  ( 24.51269390204866738, 167.1474093689766960, 33.43050319620873978 ) ) ;
#1471 = CARTESIAN_POINT ( 'NONE',  ( 30.10592926989307472, 142.8196485798868878, 18.39642130361377781 ) ) ;
#1472 = CARTESIAN_POINT ( 'NONE',  ( -12.46715859018734385, 132.6703240911873536, 11.19161874467443596 ) ) ;
#1473 = CARTESIAN_POINT ( 'NONE',  ( -7.036505744669428353, 129.3266920756090030, 8.835766894221588785 ) ) ;
#1474 = CARTESIAN_POINT ( 'NONE',  ( -9.379642134649294860, 151.7127077283161327, 22.71909977033390149 ) ) ;
#1475 = CARTESIAN_POINT ( 'NONE',  ( -19.25654602533233728, 131.9329631101898599, 9.283103229085876151 ) ) ;
#1476 = CARTESIAN_POINT ( 'NONE',  ( -15.33237487443605040, 131.2596417178835395, 8.488191681577051284 ) ) ;
#1477 = CARTESIAN_POINT ( 'NONE',  ( 29.48988863410984962, 141.1282881789639134, 15.22078231003730409 ) ) ;
#1478 = ORIENTED_EDGE ( 'NONE', *, *, #7006, .F. ) ;
#1479 = CARTESIAN_POINT ( 'NONE',  ( 27.01229955933375848, 166.1429355809771096, 34.86120574535021888 ) ) ;
#1480 = CARTESIAN_POINT ( 'NONE',  ( 19.06544140051924074, 134.0550557676400274, 10.31465616409582786 ) ) ;
#1481 = CARTESIAN_POINT ( 'NONE',  ( -14.05759767120573045, 174.5503490784654446, 38.61194137116541469 ) ) ;
#1482 = CARTESIAN_POINT ( 'NONE',  ( -12.71106593733283496, 135.3421713084201770, 11.08880379109408665 ) ) ;
#1483 = CARTESIAN_POINT ( 'NONE',  ( 12.53433141758346636, 160.9465202302412195, 29.05377449610173102 ) ) ;
#1484 = CARTESIAN_POINT ( 'NONE',  ( 31.36344996602602464, 127.9604688558763570, 6.188641328286781373 ) ) ;
#1485 = ORIENTED_EDGE ( 'NONE', *, *, #5206, .F. ) ;
#1486 = FACE_OUTER_BOUND ( 'NONE', #2401, .T. ) ;
#1487 = CARTESIAN_POINT ( 'NONE',  ( 26.82680763514044031, 165.2697755969875004, 34.24453480137623274 ) ) ;
#1488 = CARTESIAN_POINT ( 'NONE',  ( -21.22079698927721836, 137.8314090285304019, 13.05542917416902071 ) ) ;
#1489 = ORIENTED_EDGE ( 'NONE', *, *, #2279, .T. ) ;
#1490 = CARTESIAN_POINT ( 'NONE',  ( -12.58236737608613787, 132.7808597971909421, 11.26955844729557654 ) ) ;
#1491 = CARTESIAN_POINT ( 'NONE',  ( 19.49356171428132001, 168.1326933245385078, 34.11544194504840988 ) ) ;
#1492 = CARTESIAN_POINT ( 'NONE',  ( -17.80534029109090000, 166.1266080153395421, 34.80884595530478975 ) ) ;
#1493 = CARTESIAN_POINT ( 'NONE',  ( 31.19110525338965445, 145.0543015164851397, 19.97520546270767383 ) ) ;
#1494 = CARTESIAN_POINT ( 'NONE',  ( 24.85314504397764424, 170.3319009352652813, 35.66214824035826325 ) ) ;
#1495 = CARTESIAN_POINT ( 'NONE',  ( -11.75407485085214709, 167.2388877814883870, 31.36159171111941291 ) ) ;
#1496 = CARTESIAN_POINT ( 'NONE',  ( 21.54501508394978870, 169.9999751481356327, 27.50291274288249710 ) ) ;
#1497 = ADVANCED_FACE ( 'NONE', ( #2524 ), #963, .F. ) ;
#1498 = CARTESIAN_POINT ( 'NONE',  ( -20.58163687511037665, 145.6515656582321299, 18.36668261557883142 ) ) ;
#1499 = EDGE_CURVE ( 'NONE', #918, #6065, #5734, .T. ) ;
#1500 = CARTESIAN_POINT ( 'NONE',  ( 27.65455460308168156, 145.6876649391009551, 18.43437790762858697 ) ) ;
#1501 = CARTESIAN_POINT ( 'NONE',  ( 33.19836426701058940, 130.4480113579500653, 7.845809556999899570 ) ) ;
#1502 = ORIENTED_EDGE ( 'NONE', *, *, #3627, .T. ) ;
#1503 = CARTESIAN_POINT ( 'NONE',  ( 4.564145767774695273, 130.8159493681383481, 7.746351432449630536 ) ) ;
#1504 = CARTESIAN_POINT ( 'NONE',  ( 21.52098000469652206, 80.33254063774144527, 144.1460192128742221 ) ) ;
#1505 = CARTESIAN_POINT ( 'NONE',  ( 29.77023226099177222, 159.4447545049486052, 27.43683483824037594 ) ) ;
#1506 = CARTESIAN_POINT ( 'NONE',  ( -14.90376487536422978, 169.2452021504645927, 38.23753931268959860 ) ) ;
#1507 = CARTESIAN_POINT ( 'NONE',  ( 29.43793685838071283, 141.0429141902891956, 15.08429798655135023 ) ) ;
#1508 = CARTESIAN_POINT ( 'NONE',  ( -16.43317174602937314, 143.0816448168379509, 18.53900601996753039 ) ) ;
#1509 = CARTESIAN_POINT ( 'NONE',  ( -2.681715130927870394, 128.7830586297116611, 8.455897405116516552 ) ) ;
#1510 = CARTESIAN_POINT ( 'NONE',  ( 18.03958176409322078, 156.7943759878127707, 26.18370085715715589 ) ) ;
#1511 = CARTESIAN_POINT ( 'NONE',  ( -8.038065068677601843, 132.2734237441132450, 8.826164617223158260 ) ) ;
#1512 = CARTESIAN_POINT ( 'NONE',  ( -13.98275247973781887, 131.3282903472023690, 8.393804584813452152 ) ) ;
#1513 = DIRECTION ( 'NONE',  ( 0.0001635243220480100197, 0.5738412646324202449, -0.8189665293922949729 ) ) ;
#1514 = ORIENTED_EDGE ( 'NONE', *, *, #2446, .T. ) ;
#1515 = CARTESIAN_POINT ( 'NONE',  ( -2.682459376014235453, 128.2062796046764106, 9.272797278035527668 ) ) ;
#1516 = CARTESIAN_POINT ( 'NONE',  ( 17.68574293418956600, 133.5021943196869358, 9.945219066672647656 ) ) ;
#1517 = CARTESIAN_POINT ( 'NONE',  ( -13.46176243945938644, 174.5503449387255159, 38.61341821068823066 ) ) ;
#1518 = CARTESIAN_POINT ( 'NONE',  ( 21.23544138237549816, 135.3393272446664923, 11.17665643271875631 ) ) ;
#1519 = DIRECTION ( 'NONE',  ( -0.0007442459860544277123, -0.5767790251485576114, 0.8168998728403572551 ) ) ;
#1520 = CARTESIAN_POINT ( 'NONE',  ( 28.37201207497030353, 164.7089374510164816, 35.07409831863929384 ) ) ;
#1521 = LINE ( 'NONE', #879, #5067 ) ;
#1522 = DIRECTION ( 'NONE',  ( 0.0007442459860544277123, 0.5767790251485576114, -0.8168998728403572551 ) ) ;
#1523 = CARTESIAN_POINT ( 'NONE',  ( -12.71389644679325137, 136.9696713271443116, 12.24222676754346750 ) ) ;
#1524 = B_SPLINE_CURVE_WITH_KNOTS ( 'NONE', 3,
 ( #7016, #4186, #3075, #4794, #1429, #3647, #398, #326, #6979, #6942, #5912, #3186, #2108, #5226, #5377, #4297, #1581, #6478, #3758, #5951, #2502, #6868, #1967, #3866, #4975, #7055, #36, #3258, #4441, #6055, #4337, #5453, #2758, #6551 ),
 .UNSPECIFIED., .F., .F.,
 ( 4, 2, 2, 2, 2, 2, 2, 2, 2, 2, 2, 2, 2, 2, 2, 2, 4 ),
 ( 5.421010862427522170E-18, 0.0005080724596712643060, 0.001016144919342523191, 0.001524217379013782618, 0.002032289838685042045, 0.002540362298356301472, 0.003048434758027560899, 0.003556507217698821194, 0.004064579677370080621, 0.004572652137041340048, 0.005080724596712599475, 0.005588797056383859770, 0.006096869516055120064, 0.006604941975726379491, 0.007113014435397638918, 0.007621086895068898345, 0.008129159354740157772 ),
 .UNSPECIFIED. ) ;
#1525 = EDGE_LOOP ( 'NONE', ( #4800, #6600, #1019, #4863, #5430, #75, #5207, #2856 ) ) ;
#1526 = CARTESIAN_POINT ( 'NONE',  ( -13.13212094728973511, 134.3073526140215392, 10.31558829455098092 ) ) ;
#1527 = FACE_OUTER_BOUND ( 'NONE', #5138, .T. ) ;
#1528 = CARTESIAN_POINT ( 'NONE',  ( -2.625944002192703408, 129.5987989164256931, 9.031908505418540400 ) ) ;
#1529 = ORIENTED_EDGE ( 'NONE', *, *, #4026, .T. ) ;
#1530 = CARTESIAN_POINT ( 'NONE',  ( -18.02085057431780868, 170.2793534090453704, 35.63110417932788465 ) ) ;
#1531 = FILL_AREA_STYLE_COLOUR ( '', #5596 ) ;
#1532 = CARTESIAN_POINT ( 'NONE',  ( -0.2632821683241596267, 171.3666150995709074, 38.52457889685361181 ) ) ;
#1533 = CARTESIAN_POINT ( 'NONE',  ( -11.19444847857746872, 148.2959596974627345, 20.31203671554199275 ) ) ;
#1534 = CARTESIAN_POINT ( 'NONE',  ( 19.64152008616926537, 143.7310602465911700, 17.09319402173750646 ) ) ;
#1535 = CARTESIAN_POINT ( 'NONE',  ( -3.991429450958606573, 130.5631642991338310, 7.590082400916270622 ) ) ;
#1536 = ORIENTED_EDGE ( 'NONE', *, *, #799, .T. ) ;
#1537 = CARTESIAN_POINT ( 'NONE',  ( 19.17438063521840874, 167.5059257964694268, 37.04055586387327281 ) ) ;
#1538 = FACE_OUTER_BOUND ( 'NONE', #3177, .T. ) ;
#1539 = CARTESIAN_POINT ( 'NONE',  ( 28.65520773585499015, 156.4078647139404552, 25.92780037438718210 ) ) ;
#1540 = EDGE_CURVE ( 'NONE', #5564, #1170, #5793, .T. ) ;
#1541 = CARTESIAN_POINT ( 'NONE',  ( -16.49005229541251438, 168.1691795359850232, 37.47635929331806892 ) ) ;
#1542 = CARTESIAN_POINT ( 'NONE',  ( 21.58572922374364822, 135.1310752415387242, 10.90304054589574889 ) ) ;
#1543 = CARTESIAN_POINT ( 'NONE',  ( 29.98920421087499122, 161.7358386368953234, 29.64851346859468961 ) ) ;
#1544 = CARTESIAN_POINT ( 'NONE',  ( 30.25453600959101408, 192.5781379352482645, -31.90717677881853120 ) ) ;
#1545 = EDGE_LOOP ( 'NONE', ( #5358, #5619, #6922, #2753, #2275, #4068, #4726 ) ) ;
#1546 = CARTESIAN_POINT ( 'NONE',  ( 21.19827739185633675, 156.7915863755608541, 26.19546968881072857 ) ) ;
#1547 = CARTESIAN_POINT ( 'NONE',  ( -12.70708550979045803, 133.0470145148690619, 9.476507383499754411 ) ) ;
#1548 = CARTESIAN_POINT ( 'NONE',  ( 16.25608363372487375, 131.3433907343177793, 8.446960747161751826 ) ) ;
#1549 = DIRECTION ( 'NONE',  ( 0.0000000000000000000, -0.8169000991684064461, -0.5767791847654072379 ) ) ;
#1550 = VERTEX_POINT ( 'NONE', #890 ) ;
#1551 = CARTESIAN_POINT ( 'NONE',  ( -12.37672534380959455, 130.9409707624189991, 11.19481690603070945 ) ) ;
#1552 = CARTESIAN_POINT ( 'NONE',  ( 12.96287619221914866, 169.6488174618295375, 34.55400950431094032 ) ) ;
#1553 = CARTESIAN_POINT ( 'NONE',  ( 29.44364643052233887, 174.5865558528282406, 38.66779441934545503 ) ) ;
#1554 = CARTESIAN_POINT ( 'NONE',  ( -19.25913795243644699, 133.4916995928676613, 10.23660094021830425 ) ) ;
#1555 = CARTESIAN_POINT ( 'NONE',  ( 29.98886012110134303, 161.8341950929157349, 29.51381671688478292 ) ) ;
#1556 = CARTESIAN_POINT ( 'NONE',  ( 1.608582138051134924, 171.2493483309590658, 36.30750826666223219 ) ) ;
#1557 = EDGE_LOOP ( 'NONE', ( #3962, #6042, #1397, #6565 ) ) ;
#1558 = CARTESIAN_POINT ( 'NONE',  ( 14.70521609901638804, 132.5632279044102972, 9.225895415966844482 ) ) ;
#1559 = VECTOR ( 'NONE', #1588, 1000.000000000000000 ) ;
#1560 = DIRECTION ( 'NONE',  ( 0.0007442459860544277123, 0.5767790251485576114, -0.8168998728403572551 ) ) ;
#1561 = CARTESIAN_POINT ( 'NONE',  ( -11.94147794529003370, 135.3509218034911044, 11.07824765931284006 ) ) ;
#1562 = VERTEX_POINT ( 'NONE', #3527 ) ;
#1563 = CARTESIAN_POINT ( 'NONE',  ( -17.25648918236301554, 166.7783215517265205, 35.26949381475323975 ) ) ;
#1564 = CARTESIAN_POINT ( 'NONE',  ( 26.65797809061882973, 135.0482595104259076, 14.13036563778191024 ) ) ;
#1565 = CARTESIAN_POINT ( 'NONE',  ( 13.98110563238363113, 158.0390843420935596, 26.41860035675649243 ) ) ;
#1566 = ORIENTED_EDGE ( 'NONE', *, *, #261, .F. ) ;
#1567 = CARTESIAN_POINT ( 'NONE',  ( -13.44699410894561709, 166.0047478696481846, 32.67648119241545146 ) ) ;
#1568 = CARTESIAN_POINT ( 'NONE',  ( 24.92344925023979840, 129.6911585867928807, 7.339002854384268915 ) ) ;
#1569 = CARTESIAN_POINT ( 'NONE',  ( 23.16126060699153300, 140.5629642321104598, 14.84137168230573778 ) ) ;
#1570 = LINE ( 'NONE', #2783, #6700 ) ;
#1571 = CARTESIAN_POINT ( 'NONE',  ( 8.033491982191478087, 145.6867952208650934, 18.38717713021861755 ) ) ;
#1572 = VECTOR ( 'NONE', #6308, 1000.000000000000000 ) ;
#1573 = CARTESIAN_POINT ( 'NONE',  ( 31.33621137945261026, 143.7678767294084423, 17.06965789064543415 ) ) ;
#1574 = CARTESIAN_POINT ( 'NONE',  ( -13.97991131625352601, 129.6698005461629180, 7.273364011086274949 ) ) ;
#1575 = ORIENTED_EDGE ( 'NONE', *, *, #6219, .T. ) ;
#1576 = CARTESIAN_POINT ( 'NONE',  ( -5.805402727357827253, 171.3473047552022592, 39.73003569152800196 ) ) ;
#1577 = CARTESIAN_POINT ( 'NONE',  ( 28.04501499704410605, 165.3728987467712273, 24.26206666386118371 ) ) ;
#1578 = CARTESIAN_POINT ( 'NONE',  ( 17.85583580516188817, 154.9468063816647998, 24.29267966933795364 ) ) ;
#1579 = CARTESIAN_POINT ( 'NONE',  ( 15.68226215339452168, 146.4651207095402867, 20.28391958264638717 ) ) ;
#1580 = CARTESIAN_POINT ( 'NONE',  ( -14.33269437429028414, 170.1423577374522722, 37.64736360720156227 ) ) ;
#1581 = CARTESIAN_POINT ( 'NONE',  ( -3.399641240190881319, 135.0619587198103773, 10.84025067967949063 ) ) ;
#1582 = CARTESIAN_POINT ( 'NONE',  ( -11.20904811988416760, 156.7166489127489513, 26.22213613572418822 ) ) ;
#1583 = CARTESIAN_POINT ( 'NONE',  ( -22.51600114470595315, 131.7677945447193224, 9.510168256286616995 ) ) ;
#1584 = EDGE_CURVE ( 'NONE', #5093, #1890, #5827, .T. ) ;
#1585 = CARTESIAN_POINT ( 'NONE',  ( -13.38691906318094738, 131.3579838928406218, 8.353007800997126253 ) ) ;
#1586 = AXIS2_PLACEMENT_3D ( 'NONE', #488, #3157, #986 ) ;
#1587 = CARTESIAN_POINT ( 'NONE',  ( 18.31967406131182230, 131.3853177951704083, 11.53651813785280211 ) ) ;
#1588 = DIRECTION ( 'NONE',  ( -0.0007442459860544277123, -0.5767790251485576114, 0.8168998728403572551 ) ) ;
#1589 = CARTESIAN_POINT ( 'NONE',  ( -11.92044569102006690, 133.2954176740132652, 9.488341505545164978 ) ) ;
#1590 = ORIENTED_EDGE ( 'NONE', *, *, #3767, .T. ) ;
#1591 = MECHANICAL_DESIGN_GEOMETRIC_PRESENTATION_REPRESENTATION (  '', ( #6163 ), #3409 ) ;
#1592 = CARTESIAN_POINT ( 'NONE',  ( 15.01348735931167333, 174.5674026973593698, 38.65943433284696340 ) ) ;
#1593 = ADVANCED_FACE ( 'NONE', ( #6968 ), #2423, .F. ) ;
#1594 = CARTESIAN_POINT ( 'NONE',  ( 18.07674685002067250, 135.3241952616393746, 11.19039836928883958 ) ) ;
#1595 = EDGE_CURVE ( 'NONE', #3713, #6735, #1570, .T. ) ;
#1596 = CARTESIAN_POINT ( 'NONE',  ( 30.20335390661830388, 158.9349390997563773, 27.69053098905472510 ) ) ;
#1597 = CARTESIAN_POINT ( 'NONE',  ( 15.68226215339452168, 146.4651207095402867, 20.28391958264638717 ) ) ;
#1598 = EDGE_LOOP ( 'NONE', ( #4236, #3137 ) ) ;
#1599 = DIRECTION ( 'NONE',  ( 0.0000000000000000000, 0.8169000990817261165, 0.5767791848881739236 ) ) ;
#1600 = LINE ( 'NONE', #20, #4310 ) ;
#1601 = ORIENTED_EDGE ( 'NONE', *, *, #5160, .T. ) ;
#1602 = CARTESIAN_POINT ( 'NONE',  ( -17.80389214103539786, 167.2495655748650734, 33.21838367890659782 ) ) ;
#1603 = FACE_OUTER_BOUND ( 'NONE', #6947, .T. ) ;
#1604 = CARTESIAN_POINT ( 'NONE',  ( -5.553674048840101740, 153.8279500174276677, -7.167331320948953532 ) ) ;
#1605 = ORIENTED_EDGE ( 'NONE', *, *, #629, .T. ) ;
#1606 = CARTESIAN_POINT ( 'NONE',  ( -17.94954690425466737, 128.8660672882625988, 7.197704867787341421 ) ) ;
#1607 = CARTESIAN_POINT ( 'NONE',  ( 22.71226832005130447, 138.7153201940829490, 13.53957846169411461 ) ) ;
#1608 = CARTESIAN_POINT ( 'NONE',  ( -16.70979189906810802, 138.9050866367387869, 16.81400020843038590 ) ) ;
#1609 = CARTESIAN_POINT ( 'NONE',  ( 12.20058353034885279, 145.6713063981115965, 18.41951228596613888 ) ) ;
#1610 = CARTESIAN_POINT ( 'NONE',  ( -21.22583198539049576, 140.7951648403922889, 15.00403132428124131 ) ) ;
#1611 = CARTESIAN_POINT ( 'NONE',  ( 31.36048673890137195, 129.7027896122177424, 7.338337699780761447 ) ) ;
#1612 = EDGE_LOOP ( 'NONE', ( #3652, #2261 ) ) ;
#1613 = DIRECTION ( 'NONE',  ( 0.0000000000000000000, -0.8169000990817233410, -0.5767791848881776984 ) ) ;
#1614 = CARTESIAN_POINT ( 'NONE',  ( -2.681715130927870394, 128.7830586297116611, 8.455897405116516552 ) ) ;
#1615 = CARTESIAN_POINT ( 'NONE',  ( 19.88292930884691856, 154.1009873282161777, 24.32036970748637827 ) ) ;
#1616 = CARTESIAN_POINT ( 'NONE',  ( 17.44021726978447617, 140.9993296886127894, 15.17113107759387880 ) ) ;
#1617 = CARTESIAN_POINT ( 'NONE',  ( 30.19110498388690189, 145.0528781348384655, 19.97328941151932113 ) ) ;
#1618 = CARTESIAN_POINT ( 'NONE',  ( 21.54395397296949355, 167.9142464569604272, 33.96487738292501035 ) ) ;
#1619 = CARTESIAN_POINT ( 'NONE',  ( 31.30494994729700409, 161.8129188937323875, 29.70321686106133896 ) ) ;
#1620 = CARTESIAN_POINT ( 'NONE',  ( -22.54864794837293118, 151.0083073573260606, 22.10945665419336592 ) ) ;
#1621 = CARTESIAN_POINT ( 'NONE',  ( -22.51427043663084859, 130.7087853955743242, 8.900800070008624942 ) ) ;
#1622 = CARTESIAN_POINT ( 'NONE',  ( -15.33208614174818152, 131.0911619868959406, 8.374231093546292470 ) ) ;
#1623 = CARTESIAN_POINT ( 'NONE',  ( 30.93240333143173615, 141.0145761675406106, 18.34682794685562612 ) ) ;
#1624 = CARTESIAN_POINT ( 'NONE',  ( 21.58447886127163073, 134.1618596384602142, 12.27575305792751337 ) ) ;
#1625 = CARTESIAN_POINT ( 'NONE',  ( -11.10748706529061991, 131.7254507749171921, 10.52572173660524868 ) ) ;
#1626 = CARTESIAN_POINT ( 'NONE',  ( -9.189212893136982530, 129.3310951654393932, 10.06105471871599377 ) ) ;
#1627 = CARTESIAN_POINT ( 'NONE',  ( 25.80467204828658367, 137.0417553282966594, 12.35351154681425534 ) ) ;
#1628 = CARTESIAN_POINT ( 'NONE',  ( 15.02825249521131923, 166.0740716020734453, 32.64809851677788544 ) ) ;
#1629 = CARTESIAN_POINT ( 'NONE',  ( -10.65883076224743853, 135.3568407395310942, 11.07298874938800282 ) ) ;
#1630 = LINE ( 'NONE', #7068, #6257 ) ;
#1631 = ADVANCED_FACE ( 'NONE', ( #4965 ), #3050, .F. ) ;
#1632 = CARTESIAN_POINT ( 'NONE',  ( 31.20325819683276336, 156.5428353610996339, 29.31093270100501869 ) ) ;
#1633 = ORIENTED_EDGE ( 'NONE', *, *, #3293, .F. ) ;
#1634 = CYLINDRICAL_SURFACE ( 'NONE', #3002, 2.599999999999996536 ) ;
#1635 = FACE_OUTER_BOUND ( 'NONE', #5528, .T. ) ;
#1636 = CARTESIAN_POINT ( 'NONE',  ( -18.40477657296335678, 193.6745512592725618, -32.30958340417323882 ) ) ;
#1637 = CARTESIAN_POINT ( 'NONE',  ( -6.981125675983880896, 168.0513191162216629, 37.40180610703053077 ) ) ;
#1638 = LINE ( 'NONE', #2202, #3747 ) ;
#1639 = VERTEX_POINT ( 'NONE', #3419 ) ;
#1640 = CARTESIAN_POINT ( 'NONE',  ( 11.55868778408212982, 129.8143913456367500, 7.130591549236564575 ) ) ;
#1641 = CARTESIAN_POINT ( 'NONE',  ( 24.88827676988238480, 137.1582045233210749, 12.43644069485052128 ) ) ;
#1642 = CARTESIAN_POINT ( 'NONE',  ( 23.19679752858393229, 166.7257888204993037, 36.49339825596126730 ) ) ;
#1643 = CARTESIAN_POINT ( 'NONE',  ( -19.27990467203623481, 145.6496213986892485, 18.37266380564114954 ) ) ;
#1644 = CARTESIAN_POINT ( 'NONE',  ( -11.17640043941028694, 137.9369590629145819, 12.92997912517429526 ) ) ;
#1645 = CARTESIAN_POINT ( 'NONE',  ( -11.93079294239948851, 129.1709300265695504, 6.778601979614301776 ) ) ;
#1646 = ORIENTED_EDGE ( 'NONE', *, *, #3725, .T. ) ;
#1647 = B_SPLINE_CURVE_WITH_KNOTS ( 'NONE', 3,
 ( #6639, #6148, #6113, #645, #5101, #3887, #2278, #1844, #161, #1178, #3349, #3446, #5581, #5613 ),
 .UNSPECIFIED., .F., .F.,
 ( 4, 2, 2, 2, 2, 2, 4 ),
 ( 0.04611555360351515809, 0.04938874647345714575, 0.05102534290842814652, 0.05266193934339914728, 0.05429853577837014111, 0.05593513221334114188, 0.05920832508328319199 ),
 .UNSPECIFIED. ) ;
#1648 = CARTESIAN_POINT ( 'NONE',  ( -4.408163564183138483, 157.6185997649192245, 24.62222348505926206 ) ) ;
#1649 = CARTESIAN_POINT ( 'NONE',  ( 21.59005908750373948, 153.5553251783594533, 23.94484356288463900 ) ) ;
#1650 = VECTOR ( 'NONE', #224, 1000.000000000000227 ) ;
#1651 = CARTESIAN_POINT ( 'NONE',  ( 16.58414224274302740, 144.0111569022008098, 17.28439378318867270 ) ) ;
#1652 = CARTESIAN_POINT ( 'NONE',  ( -11.25826548349733791, 170.8163228930065429, 39.35016359533256747 ) ) ;
#1653 = LINE ( 'NONE', #5414, #6834 ) ;
#1654 = CARTESIAN_POINT ( 'NONE',  ( 8.014252629606394507, 156.7979614019237999, 26.15384747541088473 ) ) ;
#1655 = CARTESIAN_POINT ( 'NONE',  ( 8.743731753541171159, 151.0425409184778971, 22.13797830869004812 ) ) ;
#1656 = CARTESIAN_POINT ( 'NONE',  ( 11.55584851480637276, 131.4418906578358417, 8.295146007114729159 ) ) ;
#1657 = CARTESIAN_POINT ( 'NONE',  ( 17.42412444750253186, 131.1566274756226562, 8.361908968683607668 ) ) ;
#1658 = CARTESIAN_POINT ( 'NONE',  ( 30.98366771870372460, 141.3114380747997245, 18.55647649789624865 ) ) ;
#1659 = CARTESIAN_POINT ( 'NONE',  ( 29.99137302521613790, 141.9862137435316640, 17.80786326095569905 ) ) ;
#1660 = CARTESIAN_POINT ( 'NONE',  ( -7.308186068969812155, 130.2337408896035811, 9.475948820019631569 ) ) ;
#1661 = DIRECTION ( 'NONE',  ( 0.0000000000000000000, 0.8189665403419608136, 0.5738412723047372488 ) ) ;
#1662 = CARTESIAN_POINT ( 'NONE',  ( 16.19600341387002018, 166.0748062063362909, 32.64993567622406800 ) ) ;
#1663 = CARTESIAN_POINT ( 'NONE',  ( -10.65600106626523669, 133.7426497558853384, 9.900620823904693779 ) ) ;
#1664 = FACE_BOUND ( 'NONE', #3302, .T. ) ;
#1665 = CARTESIAN_POINT ( 'NONE',  ( 7.770857189951605903, 161.1801955081415372, 29.22073365024656155 ) ) ;
#1666 = ORIENTED_EDGE ( 'NONE', *, *, #2890, .F. ) ;
#1667 = CARTESIAN_POINT ( 'NONE',  ( 6.493721773520558571, 131.0468261365234923, 7.936458863592022794 ) ) ;
#1668 = CARTESIAN_POINT ( 'NONE',  ( -6.981113928775903865, 151.7132117347191524, 25.86614800518508162 ) ) ;
#1669 = AXIS2_PLACEMENT_3D ( 'NONE', #6267, #1362, #3539 ) ;
#1670 = EDGE_CURVE ( 'NONE', #944, #131, #1647, .T. ) ;
#1671 = ADVANCED_FACE ( 'NONE', ( #2881 ), #682, .T. ) ;
#1672 = DIRECTION ( 'NONE',  ( -1.117932906740607894E-13, 0.8169000990817235630, 0.5767791848881773653 ) ) ;
#1673 = CARTESIAN_POINT ( 'NONE',  ( 16.33584698748356345, 130.6803930227877117, 11.03699268802511924 ) ) ;
#1674 = CARTESIAN_POINT ( 'NONE',  ( 17.40778392297062993, 167.3419031042403446, 32.94434781322718209 ) ) ;
#1675 = ORIENTED_EDGE ( 'NONE', *, *, #2928, .T. ) ;
#1676 = AXIS2_PLACEMENT_3D ( 'NONE', #2757, #4439, #4974 ) ;
#1677 = CARTESIAN_POINT ( 'NONE',  ( -11.93079294239948851, 129.1709300265695504, 6.778601979614301776 ) ) ;
#1678 = CARTESIAN_POINT ( 'NONE',  ( 15.68166675660568465, 146.0036974894213984, 20.93743948091866258 ) ) ;
#1679 = CARTESIAN_POINT ( 'NONE',  ( 19.17512488032609852, 168.0827048214955823, 36.22365599094332822 ) ) ;
#1680 = CARTESIAN_POINT ( 'NONE',  ( 24.89582450829131943, 145.6779912254456235, 18.44133758599581085 ) ) ;
#1681 = CARTESIAN_POINT ( 'NONE',  ( 8.761390580555312724, 140.8574660885329308, 14.98937754612342310 ) ) ;
#1682 = CARTESIAN_POINT ( 'NONE',  ( -22.51072434236036202, 128.5411286900179277, 7.648983381544821825 ) ) ;
#1683 = ADVANCED_FACE ( 'NONE', ( #6207 ), #2815, .T. ) ;
#1684 = ORIENTED_EDGE ( 'NONE', *, *, #6658, .T. ) ;
#1685 = CARTESIAN_POINT ( 'NONE',  ( 0.04064123352980064663, 128.1515619977710685, 9.236644360554658206 ) ) ;
#1686 = CARTESIAN_POINT ( 'NONE',  ( 16.38849661004612202, 155.4024510632310410, 25.20863787096605790 ) ) ;
#1687 = CARTESIAN_POINT ( 'NONE',  ( 16.58404876275307060, 142.3115560816904406, 16.09266430042626084 ) ) ;
#1688 = CARTESIAN_POINT ( 'NONE',  ( -20.52151471537358063, 161.7522306158205367, 31.71780540703918305 ) ) ;
#1689 =( BOUNDED_CURVE ( )  B_SPLINE_CURVE ( 3, ( #1075, #3247, #5477, #3316 ),
 .UNSPECIFIED., .F., .T. ) 
 B_SPLINE_CURVE_WITH_KNOTS ( ( 4, 4 ),
 ( 2.981302498399567291, 6.122895151989361295 ),
 .UNSPECIFIED. ) 
 CURVE ( )  GEOMETRIC_REPRESENTATION_ITEM ( )  RATIONAL_B_SPLINE_CURVE ( ( 1.000000000000000000, 0.3333333333333330373, 0.3333333333333330373, 1.000000000000000000 ) ) 
 REPRESENTATION_ITEM ( '' )  );
#1690 = FACE_BOUND ( 'NONE', #2130, .T. ) ;
#1691 = CARTESIAN_POINT ( 'NONE',  ( 1.666413668746833832, 156.7622385351777439, 26.18902673111819723 ) ) ;
#1692 = CARTESIAN_POINT ( 'NONE',  ( -21.24349221301126178, 151.0031545098207175, 22.12001360898113589 ) ) ;
#1693 = CARTESIAN_POINT ( 'NONE',  ( 8.777786748179332577, 131.4642338013955225, 8.256483082072108459 ) ) ;
#1694 = CARTESIAN_POINT ( 'NONE',  ( 31.19036100829284663, 144.4775224914494629, 20.79210533563050944 ) ) ;
#1695 = CARTESIAN_POINT ( 'NONE',  ( 29.81537252168508800, 141.1557732697284280, 17.22136343373512091 ) ) ;
#1696 = CARTESIAN_POINT ( 'NONE',  ( 30.19289196817729248, 159.9298672379647712, 28.30190671733407015 ) ) ;
#1697 = ORIENTED_EDGE ( 'NONE', *, *, #2804, .F. ) ;
#1698 = CARTESIAN_POINT ( 'NONE',  ( -13.02081175430891413, 166.0050029663483429, 32.67717019348751251 ) ) ;
#1699 = VECTOR ( 'NONE', #2269, 1000.000000000000114 ) ;
#1700 = CARTESIAN_POINT ( 'NONE',  ( -10.66166062327819120, 136.9737320255045177, 12.24151288832525708 ) ) ;
#1701 = CARTESIAN_POINT ( 'NONE',  ( -19.25798646948904747, 132.7984405970432249, 9.814171381156727492 ) ) ;
#1702 = CARTESIAN_POINT ( 'NONE',  ( -12.92915688492369242, 142.6801269372242018, 16.30860331538812602 ) ) ;
#1703 = CIRCLE ( 'NONE', #2606, 1.099999999999979217 ) ;
#1704 = CARTESIAN_POINT ( 'NONE',  ( -6.594645352532266358, 149.3071343708235759, 21.02246861164756098 ) ) ;
#1705 = EDGE_LOOP ( 'NONE', ( #3781, #526 ) ) ;
#1706 = FACE_BOUND ( 'NONE', #1080, .T. ) ;
#1707 = B_SPLINE_CURVE_WITH_KNOTS ( 'NONE', 3,
 ( #1556, #5999, #4384, #4920, #1099, #5928, #1027, #5469, #17, #5391, #3159, #489, #7030, #3773, #2195, #5352, #6564, #1665, #1136, #3307, #599, #2772, #451, #2050, #2230, #1237, #6630, #3439, #83, #1169, #4489, #3982, #3949, #6668, #3570, #5059, #1267, #2464, #2841, #6831, #6171, #6071, #152, #3035, #1704, #5637 ),
 .UNSPECIFIED., .F., .F.,
 ( 4, 2, 2, 2, 2, 2, 2, 2, 2, 2, 2, 2, 2, 2, 2, 2, 2, 2, 2, 2, 2, 2, 4 ),
 ( 0.009129214538931403056, 0.01028503763469966643, 0.01144086073046792981, 0.01375250692200445657, 0.01606415311354098333, 0.01837579930507751008, 0.01953162240084577519, 0.02068744549661404031, 0.02299909168815049421, 0.02415491478391875585, 0.02531073787968701402, 0.02762238407122346445, 0.02877820716699172263, 0.02993403026275998427, 0.03224567645429643470, 0.03455732264583288860, 0.03686896883736934249, 0.03918061502890579639, 0.04033643812467402334, 0.04149226122044225029, 0.04380390741197870419, 0.04495973050774693114, 0.04611555360351515809 ),
 .UNSPECIFIED. ) ;
#1708 = CARTESIAN_POINT ( 'NONE',  ( -19.47295498144150017, 158.0217834480179135, 29.08484711411950485 ) ) ;
#1709 = DIRECTION ( 'NONE',  ( 0.3385319614699938695, -0.7688114380112855972, -0.5425173581059851147 ) ) ;
#1710 = CARTESIAN_POINT ( 'NONE',  ( 15.23543643561628436, 156.5698763146582451, 25.40406016166557279 ) ) ;
#1711 = DIRECTION ( 'NONE',  ( 0.0001635243220480100197, 0.5738412646324202449, -0.8189665293922949729 ) ) ;
#1712 = CARTESIAN_POINT ( 'NONE',  ( -3.989167252883221160, 129.2661754825789444, 6.662628998612945885 ) ) ;
#1713 = CARTESIAN_POINT ( 'NONE',  ( 24.39081798029997827, 137.2526789718360476, 12.50384240204014752 ) ) ;
#1714 = CARTESIAN_POINT ( 'NONE',  ( 19.17438063521840874, 167.5059257964694268, 37.04055586387327281 ) ) ;
#1715 = CARTESIAN_POINT ( 'NONE',  ( 27.65455460308168156, 145.6876649391009551, 18.43437790762858697 ) ) ;
#1716 = CARTESIAN_POINT ( 'NONE',  ( 8.041872642893299172, 140.8621213426606289, 14.98097467034548202 ) ) ;
#1717 = CARTESIAN_POINT ( 'NONE',  ( 11.55967468951497956, 129.2473106785044763, 6.727868031921574676 ) ) ;
#1718 = VERTEX_POINT ( 'NONE', #4561 ) ;
#1719 = CARTESIAN_POINT ( 'NONE',  ( -0.4887022766970550713, 128.7270662549971121, 8.418361485084970397 ) ) ;
#1720 = CARTESIAN_POINT ( 'NONE',  ( 15.07478786263585491, 155.8147965304913498, 25.48773818337945229 ) ) ;
#1721 = CARTESIAN_POINT ( 'NONE',  ( -21.73387441212261706, 161.1323856539781332, 29.29345197792596878 ) ) ;
#1722 = CARTESIAN_POINT ( 'NONE',  ( -15.98184774928082952, 169.1235631006676385, 36.92653260803152904 ) ) ;
#1723 = DIRECTION ( 'NONE',  ( -0.0007442450898864459837, -0.5767790250261927154, 0.8168998729275706028 ) ) ;
#1724 = EDGE_CURVE ( 'NONE', #4399, #1170, #4992, .T. ) ;
#1725 = ADVANCED_FACE ( 'NONE', ( #1779, #1274 ), #2344, .T. ) ;
#1726 = CARTESIAN_POINT ( 'NONE',  ( -21.90603080246283696, 156.7488966062612974, 26.14982487891465013 ) ) ;
#1727 = CARTESIAN_POINT ( 'NONE',  ( -13.84715880848324510, 150.9752364870158772, 22.17801337170699583 ) ) ;
#1728 = CARTESIAN_POINT ( 'NONE',  ( 12.22536159490649688, 131.4331746730647694, 8.309205743578212733 ) ) ;
#1729 = CARTESIAN_POINT ( 'NONE',  ( 29.44515561005430015, 137.5515699780694092, 15.90038833208029168 ) ) ;
#1730 =( BOUNDED_CURVE ( )  B_SPLINE_CURVE ( 3, ( #3230, #5883, #4728, #3153 ),
 .UNSPECIFIED., .F., .F. ) 
 B_SPLINE_CURVE_WITH_KNOTS ( ( 4, 4 ),
 ( 6.122895151989361295, 9.264487805579154411 ),
 .UNSPECIFIED. ) 
 CURVE ( )  GEOMETRIC_REPRESENTATION_ITEM ( )  RATIONAL_B_SPLINE_CURVE ( ( 1.000000000000000000, 0.3333333333333333703, 0.3333333333333333703, 1.000000000000000000 ) ) 
 REPRESENTATION_ITEM ( '' )  );
#1731 = CARTESIAN_POINT ( 'NONE',  ( 22.19993746056217887, 134.4149530689290941, 12.45501252282281257 ) ) ;
#1732 = CARTESIAN_POINT ( 'NONE',  ( 30.07041630087726247, 161.4864430498254251, 29.09655723280200945 ) ) ;
#1733 = CARTESIAN_POINT ( 'NONE',  ( 21.17483764835765925, 170.3283054227619573, 35.65818563817057907 ) ) ;
#1734 = CARTESIAN_POINT ( 'NONE',  ( 4.874661947525628314, 137.0319530457828705, 12.19699203377075314 ) ) ;
#1735 = CARTESIAN_POINT ( 'NONE',  ( 8.774910942244209977, 133.1120377463968509, 9.436981986631732156 ) ) ;
#1736 = CARTESIAN_POINT ( 'NONE',  ( -11.02088928017747094, 145.0002093982447775, 17.97382883547897947 ) ) ;
#1737 = CARTESIAN_POINT ( 'NONE',  ( 21.54472891638615550, 158.3491879105835380, 21.47616762935735224 ) ) ;
#1738 = ORIENTED_EDGE ( 'NONE', *, *, #2055, .T. ) ;
#1739 = DIRECTION ( 'NONE',  ( 0.0000000000000000000, 0.8169000990817237851, 0.5767791848881772543 ) ) ;
#1740 = CARTESIAN_POINT ( 'NONE',  ( -18.44514500819515845, 152.8263733940893019, 25.41752055149692069 ) ) ;
#1741 = DIRECTION ( 'NONE',  ( -0.0007442450898864460922, -0.5767790250261927154, 0.8168998729275704918 ) ) ;
#1742 = CARTESIAN_POINT ( 'NONE',  ( -21.93685460225923123, 174.5566315443166161, 38.58354686876023010 ) ) ;
#1743 = VERTEX_POINT ( 'NONE', #2850 ) ;
#1744 = CARTESIAN_POINT ( 'NONE',  ( -0.7391620041326154578, 128.7044705140006897, 6.260274258889808152 ) ) ;
#1745 = CARTESIAN_POINT ( 'NONE',  ( 24.88696676303676725, 141.3815007405832205, 15.41180372241710117 ) ) ;
#1746 = DIRECTION ( 'NONE',  ( 0.0000000000000000000, 0.8189665403419610357, 0.5738412723047366937 ) ) ;
#1747 = CARTESIAN_POINT ( 'NONE',  ( 8.041872642893299172, 140.8621213426606289, 14.98097467034548202 ) ) ;
#1748 = CARTESIAN_POINT ( 'NONE',  ( -7.251695313134022491, 136.9734747574637197, 12.25029732932819648 ) ) ;
#1749 = CARTESIAN_POINT ( 'NONE',  ( -17.29940731862275172, 128.3266988442238130, 6.757136540171987171 ) ) ;
#1750 = ORIENTED_EDGE ( 'NONE', *, *, #5159, .T. ) ;
#1751 = CARTESIAN_POINT ( 'NONE',  ( -15.69979484889379862, 136.0039995720543118, 13.54244322584733418 ) ) ;
#1752 = CARTESIAN_POINT ( 'NONE',  ( 18.38376300891001236, 167.4278223712380225, 33.61731141846365745 ) ) ;
#1753 = CARTESIAN_POINT ( 'NONE',  ( -21.71110384995889220, 162.0402887318147123, 29.93450532642878414 ) ) ;
#1754 = CARTESIAN_POINT ( 'NONE',  ( -19.83406489591826372, 163.9174618780887158, 34.47135168868418020 ) ) ;
#1755 = CARTESIAN_POINT ( 'NONE',  ( 15.01000442354873599, 145.0120959267741796, 17.97781984966479030 ) ) ;
#1756 = DIRECTION ( 'NONE',  ( 0.0001635243220480100468, 0.5738412646324204669, -0.8189665293922950839 ) ) ;
#1757 = CARTESIAN_POINT ( 'NONE',  ( -13.42097636944735051, 150.9741107577691821, 22.18066793054002162 ) ) ;
#1758 = CARTESIAN_POINT ( 'NONE',  ( -17.98281090055837339, 148.3172176697403302, 20.26501820878873161 ) ) ;
#1759 = CARTESIAN_POINT ( 'NONE',  ( -17.95337759269727940, 131.1344949038901007, 8.659863298426218492 ) ) ;
#1760 = VECTOR ( 'NONE', #988, 999.9999999999998863 ) ;
#1761 = EDGE_CURVE ( 'NONE', #3308, #5279, #1814, .T. ) ;
#1762 = CARTESIAN_POINT ( 'NONE',  ( 1.717940643167658266, 134.6737643498967429, 10.52239303254096292 ) ) ;
#1763 = ADVANCED_FACE ( 'NONE', ( #5646 ), #744, .F. ) ;
#1764 = CARTESIAN_POINT ( 'NONE',  ( 29.45841251209282063, 166.0777529648226221, 32.67848216267113770 ) ) ;
#1765 = DIRECTION ( 'NONE',  ( 0.0000000000000000000, -0.8169000991683916801, -0.5767791847654281101 ) ) ;
#1766 = CARTESIAN_POINT ( 'NONE',  ( 27.67904649576066234, 164.6959279127121079, 33.84014125915287963 ) ) ;
#1767 = CARTESIAN_POINT ( 'NONE',  ( 4.824276794293468562, 166.0567268405706045, 32.64759748240489756 ) ) ;
#1768 = CARTESIAN_POINT ( 'NONE',  ( 16.24639416703808692, 136.9584138021660920, 12.32974613490966931 ) ) ;
#1769 = CARTESIAN_POINT ( 'NONE',  ( -12.96476430168839045, 133.7042798489639779, 9.949539371516463504 ) ) ;
#1770 = CARTESIAN_POINT ( 'NONE',  ( -18.44393684437357450, 153.7626652696621932, 24.09143781055938405 ) ) ;
#1771 = CARTESIAN_POINT ( 'NONE',  ( 25.89302302906948228, 137.2110396023635701, 12.47217396844824222 ) ) ;
#1772 = ORIENTED_EDGE ( 'NONE', *, *, #4870, .F. ) ;
#1773 = CARTESIAN_POINT ( 'NONE',  ( -19.24379645775965031, 154.7025755591572818, 24.74311739765742502 ) ) ;
#1774 = CARTESIAN_POINT ( 'NONE',  ( -18.87358326488208604, 154.9023474483520033, 26.88288915736837836 ) ) ;
#1775 = CARTESIAN_POINT ( 'NONE',  ( -18.25795027399428250, 169.3350644080864527, 34.72998473511595563 ) ) ;
#1776 = VERTEX_POINT ( 'NONE', #2947 ) ;
#1777 = CARTESIAN_POINT ( 'NONE',  ( 33.20161596928595316, 128.5414243464879576, 6.576154860968491889 ) ) ;
#1778 = CARTESIAN_POINT ( 'NONE',  ( -2.099393956234087977, 140.7063791194858879, 14.88629434735858936 ) ) ;
#1779 = FACE_BOUND ( 'NONE', #2925, .T. ) ;
#1780 = CARTESIAN_POINT ( 'NONE',  ( 17.40240175685453750, 143.7278106162271456, 17.09229201451609015 ) ) ;
#1781 = CARTESIAN_POINT ( 'NONE',  ( -21.87169063300261840, 136.8147108766979159, 12.44019958728592812 ) ) ;
#1782 = CARTESIAN_POINT ( 'NONE',  ( 17.42865085491618515, 128.5297442680549693, 6.553842106068880291 ) ) ;
#1783 = ORIENTED_EDGE ( 'NONE', *, *, #3198, .T. ) ;
#1784 = CIRCLE ( 'NONE', #5448, 8.999999999999976907 ) ;
#1785 = CARTESIAN_POINT ( 'NONE',  ( -16.26209241511809722, 137.7491487938093826, 14.77410822272602431 ) ) ;
#1786 = CARTESIAN_POINT ( 'NONE',  ( 15.40071818662242897, 165.7756444145197463, 32.44857238778003250 ) ) ;
#1787 = CARTESIAN_POINT ( 'NONE',  ( 20.98173401528025295, 146.4162275771248289, 18.96806545514856168 ) ) ;
#1788 = FACE_BOUND ( 'NONE', #5809, .T. ) ;
#1789 = CARTESIAN_POINT ( 'NONE',  ( 14.84579028426809799, 149.1025525328949186, 20.82638226866474795 ) ) ;
#1790 = VECTOR ( 'NONE', #6929, 1000.000000000000114 ) ;
#1791 = CARTESIAN_POINT ( 'NONE',  ( -2.184888469702691793, 163.7860460707739207, 30.86757203520878434 ) ) ;
#1792 = CARTESIAN_POINT ( 'NONE',  ( -15.02966485524834006, 150.9787957922169142, 22.17002755578109685 ) ) ;
#1793 = CARTESIAN_POINT ( 'NONE',  ( 21.21287851276165881, 148.3466899603824061, 20.31982837663665009 ) ) ;
#1794 = CARTESIAN_POINT ( 'NONE',  ( -12.70264352159454191, 130.4655338996329021, 7.707550372186067200 ) ) ;
#1795 = CARTESIAN_POINT ( 'NONE',  ( 26.18080289306386277, 166.5793168351987106, 33.03431640338393294 ) ) ;
#1796 = CARTESIAN_POINT ( 'NONE',  ( 11.49577459302691196, 166.0702655025284571, 32.64479568920034325 ) ) ;
#1797 = VECTOR ( 'NONE', #4387, 1000.000000000000114 ) ;
#1798 = CARTESIAN_POINT ( 'NONE',  ( 14.35390831742682494, 130.7324399036412785, 9.847794928133295045 ) ) ;
#1799 = CARTESIAN_POINT ( 'NONE',  ( 29.43790257551571088, 162.4288242310087753, 32.24103606344367989 ) ) ;
#1800 = CARTESIAN_POINT ( 'NONE',  ( -14.03544517138313807, 161.7318871822476183, 29.70663020898309270 ) ) ;
#1801 = CARTESIAN_POINT ( 'NONE',  ( 12.21850661149918515, 135.3556834468803061, 11.13111371696559537 ) ) ;
#1802 = CIRCLE ( 'NONE', #6808, 6.500000000000002665 ) ;
#1803 = CARTESIAN_POINT ( 'NONE',  ( -12.70823507084981330, 133.7088301668024428, 9.943695450143563264 ) ) ;
#1804 = CARTESIAN_POINT ( 'NONE',  ( 21.06009078238416521, 168.1897227483430299, 33.54769986884761579 ) ) ;
#1805 = ORIENTED_EDGE ( 'NONE', *, *, #4421, .F. ) ;
#1806 = CARTESIAN_POINT ( 'NONE',  ( 25.93322799040436522, 166.6026883291901015, 35.18483494012996715 ) ) ;
#1807 = ADVANCED_FACE ( 'NONE', ( #3923 ), #4430, .F. ) ;
#1808 = ADVANCED_FACE ( 'NONE', ( #1371 ), #6805, .T. ) ;
#1809 = AXIS2_PLACEMENT_3D ( 'NONE', #4321, #3207, #4357 ) ;
#1810 = CARTESIAN_POINT ( 'NONE',  ( -19.21180034060585484, 163.2262955568799327, 32.75977458373336759 ) ) ;
#1811 = EDGE_LOOP ( 'NONE', ( #1805, #498, #2117, #614 ) ) ;
#1812 = CARTESIAN_POINT ( 'NONE',  ( -15.32755884413844072, 128.4497145900603812, 6.586895848345985627 ) ) ;
#1813 = CARTESIAN_POINT ( 'NONE',  ( -1.978980890352111111, 137.6362381408698923, 12.68623036321666220 ) ) ;
#1814 = LINE ( 'NONE', #3990, #4883 ) ;
#1815 = CARTESIAN_POINT ( 'NONE',  ( 15.07193090396430080, 140.8282194010418777, 15.04658810414355408 ) ) ;
#1816 = CARTESIAN_POINT ( 'NONE',  ( -7.236210358455336333, 128.1032937621382644, 5.890043538149730473 ) ) ;
#1817 = ORIENTED_EDGE ( 'NONE', *, *, #6912, .F. ) ;
#1818 = CARTESIAN_POINT ( 'NONE',  ( 0.02732515301196022928, 130.5498446798175678, 7.573485747810289936 ) ) ;
#1819 = CARTESIAN_POINT ( 'NONE',  ( 17.23462204985323964, 166.9684081289202595, 33.29171703467647347 ) ) ;
#1820 = CARTESIAN_POINT ( 'NONE',  ( 24.32776861221730158, 142.3216984448871472, 16.07742020935990368 ) ) ;
#1821 = CARTESIAN_POINT ( 'NONE',  ( -13.03558007193957913, 174.5503892593788748, 38.61440724413991887 ) ) ;
#1822 = CARTESIAN_POINT ( 'NONE',  ( -19.50051037268284304, 159.0708096091354662, 27.56153948786442598 ) ) ;
#1823 = CARTESIAN_POINT ( 'NONE',  ( -6.140335098105440537, 170.4204986158177348, 35.49913401568171167 ) ) ;
#1824 = CARTESIAN_POINT ( 'NONE',  ( -17.33829497985491841, 150.9871137645051249, 22.15248786508836076 ) ) ;
#1825 = CARTESIAN_POINT ( 'NONE',  ( 10.13740122512960795, 148.3592654511737692, 20.27458541904417189 ) ) ;
#1826 = CARTESIAN_POINT ( 'NONE',  ( 31.35793411893059002, 131.1958946982336442, 8.340412037783378807 ) ) ;
#1827 = VERTEX_POINT ( 'NONE', #5710 ) ;
#1828 = CARTESIAN_POINT ( 'NONE',  ( -12.58525783667056785, 131.6738016588830931, 10.48790810551772346 ) ) ;
#1829 = CARTESIAN_POINT ( 'NONE',  ( 27.61925877358742198, 166.0774544178304950, 32.67436678940979533 ) ) ;
#1830 = CARTESIAN_POINT ( 'NONE',  ( 21.54403025453748199, 154.2595033295679912, 23.82754055633116863 ) ) ;
#1831 = CARTESIAN_POINT ( 'NONE',  ( 29.93917205475830912, 160.9801978535613500, 31.21867791412122983 ) ) ;
#1832 = CARTESIAN_POINT ( 'NONE',  ( 4.831660082378707699, 161.7982794070505577, 29.65870067957501632 ) ) ;
#1833 = CARTESIAN_POINT ( 'NONE',  ( -10.65600106626523669, 133.7426497558853384, 9.900620823904693779 ) ) ;
#1834 = CARTESIAN_POINT ( 'NONE',  ( -21.86198436951636737, 130.9248811985864052, 8.948591861549198612 ) ) ;
#1835 = ORIENTED_EDGE ( 'NONE', *, *, #15, .F. ) ;
#1836 = CARTESIAN_POINT ( 'NONE',  ( 23.19754177367265768, 167.3025678455159948, 35.67649838303368171 ) ) ;
#1837 = CARTESIAN_POINT ( 'NONE',  ( 19.66324280349708076, 131.1594406064677116, 8.363432317804786464 ) ) ;
#1838 = ADVANCED_FACE ( 'NONE', ( #1873 ), #4162, .F. ) ;
#1839 = ADVANCED_FACE ( 'NONE', ( #6311 ), #5116, .T. ) ;
#1840 = CARTESIAN_POINT ( 'NONE',  ( -19.29228868384355877, 158.1023279671753983, 26.75854362292358957 ) ) ;
#1841 = CARTESIAN_POINT ( 'NONE',  ( -18.66538621518522589, 166.5459977056116827, 35.10417601925031050 ) ) ;
#1842 = CARTESIAN_POINT ( 'NONE',  ( 15.09215765337954984, 129.1683043843265466, 6.849051424784730280 ) ) ;
#1843 = CARTESIAN_POINT ( 'NONE',  ( -5.052283879894248209, 135.8410561957448977, 11.41655117331564107 ) ) ;
#1844 = CARTESIAN_POINT ( 'NONE',  ( -13.82906305726479168, 150.6853882311792461, 21.97407447631790589 ) ) ;
#1845 = CARTESIAN_POINT ( 'NONE',  ( 15.06689977947001502, 143.7286329974034516, 17.08535569730037906 ) ) ;
#1846 = CARTESIAN_POINT ( 'NONE',  ( 29.52330846037442669, 128.5413491694216361, 6.567181183846305004 ) ) ;
#1847 = ORIENTED_EDGE ( 'NONE', *, *, #6733, .F. ) ;
#1848 = DIRECTION ( 'NONE',  ( 0.0000000000000000000, 0.8189665403419610357, 0.5738412723047368047 ) ) ;
#1849 = CARTESIAN_POINT ( 'NONE',  ( 15.25577853572228904, 165.9355995336102012, 31.94959720144271387 ) ) ;
#1850 = CARTESIAN_POINT ( 'NONE',  ( -7.828124775267230717, 142.3976473204644435, 16.13321454944002298 ) ) ;
#1851 = CARTESIAN_POINT ( 'NONE',  ( 8.702948958639884935, 174.5651921482953526, 38.64700205813365130 ) ) ;
#1852 = CARTESIAN_POINT ( 'NONE',  ( 13.42663817171048812, 146.0128437740435174, 18.66537400397898239 ) ) ;
#1853 = CARTESIAN_POINT ( 'NONE',  ( -8.112544529944644367, 170.4165317136224758, 35.49975839823045476 ) ) ;
#1854 = CARTESIAN_POINT ( 'NONE',  ( 31.32229470655142123, 151.7990451394575757, 22.69668291745002975 ) ) ;
#1855 = CARTESIAN_POINT ( 'NONE',  ( 27.64991577017910984, 148.3637711028338231, 20.31140517005269785 ) ) ;
#1856 = CARTESIAN_POINT ( 'NONE',  ( -7.241722845558750343, 131.2837479402632255, 8.120064501781932620 ) ) ;
#1857 = ORIENTED_EDGE ( 'NONE', *, *, #6733, .T. ) ;
#1858 = CARTESIAN_POINT ( 'NONE',  ( 1.783707144167996805, 134.9438390641232957, 10.71587707310519910 ) ) ;
#1859 = CARTESIAN_POINT ( 'NONE',  ( -13.43960992583178005, 161.7316571834423939, 29.70842855103819602 ) ) ;
#1860 = CARTESIAN_POINT ( 'NONE',  ( 15.32155994491975193, 132.8034287639881086, 9.253879139703796497 ) ) ;
#1861 = DIRECTION ( 'NONE',  ( -0.0007442459860544277123, -0.5767790251485576114, 0.8168998728403572551 ) ) ;
#1862 = CARTESIAN_POINT ( 'NONE',  ( -21.26212459943785049, 161.7415596608864803, 29.67502116884407215 ) ) ;
#1863 = AXIS2_PLACEMENT_3D ( 'NONE', #3802, #1130, #2766 ) ;
#1864 = CARTESIAN_POINT ( 'NONE',  ( 24.91374818320402440, 135.3526539341945920, 11.16676704250493835 ) ) ;
#1865 = CARTESIAN_POINT ( 'NONE',  ( -13.81453872265912253, 132.1718450351435763, 8.956497903849502507 ) ) ;
#1866 = ORIENTED_EDGE ( 'NONE', *, *, #925, .T. ) ;
#1867 = CARTESIAN_POINT ( 'NONE',  ( -20.77045746123001990, 157.1149729278011193, 26.38821084497230629 ) ) ;
#1868 = CARTESIAN_POINT ( 'NONE',  ( -11.93305652426588992, 130.4905585678814361, 7.673828520305431056 ) ) ;
#1869 = CARTESIAN_POINT ( 'NONE',  ( -5.572694838771846904, 135.8195146596344784, 11.40319430300001002 ) ) ;
#1870 = DIRECTION ( 'NONE',  ( -0.0007442459860544277123, -0.5767790251485576114, 0.8168998728403572551 ) ) ;
#1871 = CARTESIAN_POINT ( 'NONE',  ( 16.25991083747932819, 129.1319748928242745, 6.903648036822334966 ) ) ;
#1872 = CARTESIAN_POINT ( 'NONE',  ( -2.392737238017772050, 137.0945349601205123, 12.30106748164767438 ) ) ;
#1873 = FACE_OUTER_BOUND ( 'NONE', #4934, .T. ) ;
#1874 = EDGE_CURVE ( 'NONE', #6036, #4574, #4238, .T. ) ;
#1875 = CARTESIAN_POINT ( 'NONE',  ( -8.053021508937789008, 140.8129057443256045, 15.01129766754760730 ) ) ;
#1876 = EDGE_CURVE ( 'NONE', #2079, #3692, #1600, .T. ) ;
#1877 = CARTESIAN_POINT ( 'NONE',  ( -12.95493389484805213, 127.9832277548045880, 6.046835417418155778 ) ) ;
#1878 = ORIENTED_EDGE ( 'NONE', *, *, #2055, .F. ) ;
#1879 = CARTESIAN_POINT ( 'NONE',  ( -13.72191358976390951, 132.6135793815216743, 11.15041050768469155 ) ) ;
#1880 = DIRECTION ( 'NONE',  ( 0.0000000000000000000, 0.8189665403419602585, 0.5738412723047379149 ) ) ;
#1881 = CARTESIAN_POINT ( 'NONE',  ( 23.92672898434558348, 141.5302310574320188, 15.52075126939762306 ) ) ;
#1882 = CARTESIAN_POINT ( 'NONE',  ( -21.71108906706871267, 160.8013208168067081, 28.99795853735493623 ) ) ;
#1883 = FACE_BOUND ( 'NONE', #437, .T. ) ;
#1884 = DIRECTION ( 'NONE',  ( 0.0007442459860544277123, 0.5767790251485576114, -0.8168998728403572551 ) ) ;
#1885 = CARTESIAN_POINT ( 'NONE',  ( -6.129122768956211331, 163.7718878213389075, 30.87768795467599148 ) ) ;
#1886 = EDGE_CURVE ( 'NONE', #3308, #1056, #547, .T. ) ;
#1887 = CARTESIAN_POINT ( 'NONE',  ( -8.071967466059046359, 151.7143796624481524, 22.71994810513186636 ) ) ;
#1888 = CARTESIAN_POINT ( 'NONE',  ( -13.41633769073316707, 148.3005272168739168, 20.30004980215072052 ) ) ;
#1889 = CARTESIAN_POINT ( 'NONE',  ( -15.33080998887856694, 130.3471799607175399, 7.869534883146456217 ) ) ;
#1890 = VERTEX_POINT ( 'NONE', #6534 ) ;
#1891 = CARTESIAN_POINT ( 'NONE',  ( -7.003651467230275429, 77.53804484388426488, 142.1822497379806975 ) ) ;
#1892 = CARTESIAN_POINT ( 'NONE',  ( 18.03090843582209502, 161.8168332991322700, 29.66487503013645721 ) ) ;
#1893 = CARTESIAN_POINT ( 'NONE',  ( -11.18298770059907810, 144.9605801599448682, 17.94475310579703020 ) ) ;
#1894 = CARTESIAN_POINT ( 'NONE',  ( 29.46563013327963887, 158.6600789582647053, 26.88899247412008719 ) ) ;
#1895 = CARTESIAN_POINT ( 'NONE',  ( 27.41114371916555115, 164.8995427962808833, 33.98366118440371508 ) ) ;
#1896 = CARTESIAN_POINT ( 'NONE',  ( 12.17266990509383007, 161.8203808717571519, 29.64536286912197838 ) ) ;
#1897 = CARTESIAN_POINT ( 'NONE',  ( 1.706401942794880444, 133.7843396918464691, 9.871795891543911239 ) ) ;
#1898 = CARTESIAN_POINT ( 'NONE',  ( -17.95337759269727940, 131.1344949038901007, 8.659863298426218492 ) ) ;
#1899 = CARTESIAN_POINT ( 'NONE',  ( -4.408721752367536162, 157.1860126326027114, 25.23490244523940262 ) ) ;
#1900 = ORIENTED_EDGE ( 'NONE', *, *, #5828, .T. ) ;
#1901 = CARTESIAN_POINT ( 'NONE',  ( 31.20168398801809317, 154.1506226526902310, 27.62188936660080785 ) ) ;
#1902 = AXIS2_PLACEMENT_3D ( 'NONE', #6399, #5185, #4179 ) ;
#1903 = CARTESIAN_POINT ( 'NONE',  ( 15.08989499127976686, 130.4728849431197375, 7.765698245774471431 ) ) ;
#1904 = CARTESIAN_POINT ( 'NONE',  ( 12.21567632983899188, 136.9794565050447375, 12.28984189228482471 ) ) ;
#1905 = CARTESIAN_POINT ( 'NONE',  ( 18.21308947877095008, 154.0859162352712701, 24.30387616436653886 ) ) ;
#1906 = CARTESIAN_POINT ( 'NONE',  ( -20.20323478616320045, 163.3989115554382181, 32.88074830451007813 ) ) ;
#1907 = CARTESIAN_POINT ( 'NONE',  ( 15.09413183956707627, 128.0280025399019337, 6.052345193026248182 ) ) ;
#1908 = CARTESIAN_POINT ( 'NONE',  ( 27.55052868779045028, 137.7069087667963174, 14.11092310620288082 ) ) ;
#1909 = B_SPLINE_SURFACE_WITH_KNOTS ( 'NONE', 3, 1, ( 
 ( #1860, #4040 ),
 ( #3499, #5695 ),
 ( #795, #5154 ),
 ( #250, #2428 ),
 ( #5873, #6866 ),
 ( #5295, #324 ),
 ( #3033, #3718 ),
 ( #2569, #5334 ),
 ( #434, #396 ),
 ( #1542, #4683 ),
 ( #2001, #1390 ),
 ( #2071, #863 ),
 ( #1965, #5910 ),
 ( #4145, #2500 ),
 ( #4753, #5224 ),
 ( #5801, #1010 ),
 ( #6329, #4258 ),
 ( #1427, #6440 ),
 ( #6940, #3109 ),
 ( #6903, #2037 ),
 ( #3606, #936 ),
 ( #3183, #6977 ),
 ( #4792, #4183 ),
 ( #900, #5375 ),
 ( #474, #7015 ),
 ( #2647, #4831 ),
 ( #4111, #4716 ),
 ( #1507, #6295 ),
 ( #4222, #3567 ),
 ( #3142, #3073 ),
 ( #6403, #3682 ),
 ( #5764, #5261 ),
 ( #359, #2532 ),
 ( #6367, #1471 ),
 ( #972, #3645 ),
 ( #5838, #2608 ),
 ( #3291, #1617 ),
 ( #2144, #3220 ),
 ( #6054, #6021 ),
 ( #5552, #35 ),
 ( #2791, #6550 ),
 ( #5452, #2685 ) ),
 .UNSPECIFIED., .F., .F., .F.,
 ( 4, 2, 2, 2, 2, 2, 2, 2, 2, 2, 2, 2, 2, 2, 2, 2, 2, 2, 2, 2, 4 ),
 ( 2, 2 ),
 ( 0.0000000000000000000, 0.06249999999998512301, 0.09374999999997957190, 0.1249999999999739098, 0.1874999999999943379, 0.2500000000000147660, 0.3125000000000351941, 0.3437500000000300870, 0.3750000000000248690, 0.4062500000000197620, 0.4375000000000146549, 0.4687500000000095479, 0.5000000000000045519, 0.5312499999999994449, 0.5624999999999943379, 0.5937499999999892308, 0.6249999999999841238, 0.6874999999999739098, 0.7499999999999635847, 0.8749999999999817923, 1.000000000000000000 ),
 ( 0.0000000000000000000, 1.000000000000000000 ),
 .UNSPECIFIED. ) ;
#1910 = CARTESIAN_POINT ( 'NONE',  ( 30.00595341559895246, 160.6862654590158570, 31.01120531697560878 ) ) ;
#1911 = CARTESIAN_POINT ( 'NONE',  ( 4.872981145129691605, 137.9952486730958299, 12.88662723123004739 ) ) ;
#1912 = CIRCLE ( 'NONE', #2836, 1.099999999999979217 ) ;
#1913 = CARTESIAN_POINT ( 'NONE',  ( -0.7391620041326154578, 128.7044705140006897, 6.260274258889808152 ) ) ;
#1914 = VERTEX_POINT ( 'NONE', #2053 ) ;
#1915 = CARTESIAN_POINT ( 'NONE',  ( 17.94073928927080175, 146.0046087590910133, 18.68118447864337739 ) ) ;
#1916 = DIRECTION ( 'NONE',  ( -0.0007442459860544277123, -0.5767790251485576114, 0.8168998728403572551 ) ) ;
#1917 = DIRECTION ( 'NONE',  ( 0.0000000000000000000, 0.8169000990817243402, 0.5767791848881762551 ) ) ;
#1918 = CARTESIAN_POINT ( 'NONE',  ( -7.003651467230276317, 92.89366747556513815, 152.9417735938830276 ) ) ;
#1919 = CARTESIAN_POINT ( 'NONE',  ( 17.34898916789203938, 174.5693420624195937, 38.66243940024724424 ) ) ;
#1920 = AXIS2_PLACEMENT_3D ( 'NONE', #2686, #5490, #2824 ) ;
#1921 = CARTESIAN_POINT ( 'NONE',  ( -18.66081283965113258, 165.7893730773733978, 32.26047431813005062 ) ) ;
#1922 = CARTESIAN_POINT ( 'NONE',  ( -6.123472254655431435, 160.4474965176385410, 28.56724103804392101 ) ) ;
#1923 = CARTESIAN_POINT ( 'NONE',  ( 13.36879784634937351, 151.0354587563159612, 22.15947748457544719 ) ) ;
#1924 = CARTESIAN_POINT ( 'NONE',  ( 1.681012584936231846, 148.3534127125436441, 20.26204018367008786 ) ) ;
#1925 = CARTESIAN_POINT ( 'NONE',  ( 11.55613704731994495, 131.2766859089319667, 8.176523595871676875 ) ) ;
#1926 = ORIENTED_EDGE ( 'NONE', *, *, #6527, .T. ) ;
#1927 = CARTESIAN_POINT ( 'NONE',  ( 30.21843695780186323, 163.0367513059223370, 32.67097920100010811 ) ) ;
#1928 = CARTESIAN_POINT ( 'NONE',  ( 26.17950533785153411, 165.5737242952720578, 34.45855060452051788 ) ) ;
#1929 = CARTESIAN_POINT ( 'NONE',  ( 26.40344897642930633, 155.5019366133178949, 24.69053959899127548 ) ) ;
#1930 = ADVANCED_FACE ( 'NONE', ( #6567 ), #3238, .F. ) ;
#1931 = CARTESIAN_POINT ( 'NONE',  ( -11.65006368383428459, 144.7892196204314530, 17.82010248167415867 ) ) ;
#1932 = CARTESIAN_POINT ( 'NONE',  ( 26.07893747386125582, 155.3154624772135435, 24.56112347154834197 ) ) ;
#1933 = EDGE_CURVE ( 'NONE', #4604, #6875, #712, .T. ) ;
#1934 = DIRECTION ( 'NONE',  ( -0.0007442459860544277123, -0.5767790251485576114, 0.8168998728403572551 ) ) ;
#1935 = CARTESIAN_POINT ( 'NONE',  ( 21.04702068622512456, 168.1542901336054001, 33.60318993693001488 ) ) ;
#1936 = CARTESIAN_POINT ( 'NONE',  ( -8.089312731509993526, 161.7365351223049572, 29.71469332858678314 ) ) ;
#1937 = CARTESIAN_POINT ( 'NONE',  ( 31.35078642441634855, 135.3519727376200592, 11.18362790814989083 ) ) ;
#1938 = CARTESIAN_POINT ( 'NONE',  ( -14.49061590130467359, 132.1363981604759203, 9.005286251886429838 ) ) ;
#1939 = CARTESIAN_POINT ( 'NONE',  ( 21.54472891638621235, 168.9957529350290315, 28.93610416931893070 ) ) ;
#1940 = ORIENTED_EDGE ( 'NONE', *, *, #4106, .T. ) ;
#1941 = CARTESIAN_POINT ( 'NONE',  ( 28.06172948989887672, 164.9443047269421356, 35.23999867698077537 ) ) ;
#1942 = CARTESIAN_POINT ( 'NONE',  ( 24.92089628071057561, 131.1899826772011295, 8.332936388331656730 ) ) ;
#1943 = CARTESIAN_POINT ( 'NONE',  ( 31.34627398938334153, 137.9611442874945055, 13.00052862138637089 ) ) ;
#1944 = CARTESIAN_POINT ( 'NONE',  ( 19.72859258638546720, 153.6890695822085604, 24.03406725597942994 ) ) ;
#1945 = CYLINDRICAL_SURFACE ( 'NONE', #1002, 2.599999999999996536 ) ;
#1946 = CARTESIAN_POINT ( 'NONE',  ( 4.890148078645200513, 128.1425247090471942, 5.864136164373118021 ) ) ;
#1947 = CARTESIAN_POINT ( 'NONE',  ( 31.20252172137337610, 152.3324461531971679, 25.11401109033597834 ) ) ;
#1948 = CARTESIAN_POINT ( 'NONE',  ( 27.67904663613893135, 164.6959280298939916, 33.84014134200885593 ) ) ;
#1949 = CARTESIAN_POINT ( 'NONE',  ( -22.52426716184701760, 136.7953830620641611, 12.46610103220877086 ) ) ;
#1950 = EDGE_LOOP ( 'NONE', ( #4813, #3314 ) ) ;
#1951 = CARTESIAN_POINT ( 'NONE',  ( 17.64016420398196416, 148.4826626398397309, 20.40854707940505008 ) ) ;
#1952 = CARTESIAN_POINT ( 'NONE',  ( 20.83696291197107442, 168.3093982144799270, 34.24181216594156751 ) ) ;
#1953 = CARTESIAN_POINT ( 'NONE',  ( -16.66671507644749894, 167.4041114329787376, 35.71187534278912068 ) ) ;
#1954 = CARTESIAN_POINT ( 'NONE',  ( 31.20302568996738657, 147.8592247914437507, 21.95565598933702489 ) ) ;
#1955 = CARTESIAN_POINT ( 'NONE',  ( -13.45437830810622160, 170.2781010912488000, 35.64416012379070509 ) ) ;
#1956 = DIRECTION ( 'NONE',  ( 0.1654746696487042479, -0.8057093737310507819, -0.5687271215500191435 ) ) ;
#1957 = CARTESIAN_POINT ( 'NONE',  ( 1.765083495922437296, 160.4856731301699426, 28.53302763899212380 ) ) ;
#1958 = CARTESIAN_POINT ( 'NONE',  ( 19.62889163556486949, 151.0279606318459287, 22.18560518397164216 ) ) ;
#1959 = CARTESIAN_POINT ( 'NONE',  ( 33.17201471616296260, 145.7065971355611111, 18.42104961733179280 ) ) ;
#1960 = CARTESIAN_POINT ( 'NONE',  ( -13.81025891854108600, 129.6773845610876776, 7.262987253719821013 ) ) ;
#1961 = CARTESIAN_POINT ( 'NONE',  ( 29.19492702632891934, 164.5086584765864757, 33.70929915761939810 ) ) ;
#1962 = CARTESIAN_POINT ( 'NONE',  ( 11.62446751958822233, 168.5740270696599623, 36.56367909144953643 ) ) ;
#1963 = CARTESIAN_POINT ( 'NONE',  ( 24.31313267307679027, 154.6375211050290090, 24.09113213370400075 ) ) ;
#1964 = CARTESIAN_POINT ( 'NONE',  ( -20.20397903127974715, 162.8221325303941285, 33.69764817741754825 ) ) ;
#1965 = CARTESIAN_POINT ( 'NONE',  ( 24.02286885170002506, 136.1769616997990511, 11.64371785646575752 ) ) ;
#1966 = CARTESIAN_POINT ( 'NONE',  ( 26.39271159135111589, 166.6720853559002080, 33.09959028498684575 ) ) ;
#1967 = CARTESIAN_POINT ( 'NONE',  ( -3.055752464627051079, 136.2570611336636546, 11.70324419755013778 ) ) ;
#1968 = B_SPLINE_CURVE_WITH_KNOTS ( 'NONE', 3,
 ( #919, #2448, #4667, #2592, #5280, #3127, #380, #1951, #2554, #3019, #4738, #6923, #2023, #4628, #418, #3055, #5209, #2518, #6811, #4208, #1915, #2484, #4130, #6314, #5245, #4701, #4777, #6962, #4241, #2200 ),
 .UNSPECIFIED., .F., .F.,
 ( 4, 2, 2, 2, 2, 2, 2, 2, 2, 2, 2, 2, 2, 2, 4 ),
 ( 0.008128902581441126499, 0.008636842753878678711, 0.009144782926316232657, 0.01016066327119135096, 0.01066860344362891011, 0.01117654361606647100, 0.01168448378850403015, 0.01219242396094159103, 0.01270036413337915018, 0.01320830430581670933, 0.01371624447825426849, 0.01422418465069183111, 0.01473212482312939026, 0.01524006499556694941, 0.01625594534044203301 ),
 .UNSPECIFIED. ) ;
#1969 = CARTESIAN_POINT ( 'NONE',  ( -12.73955315881314831, 151.7156799211868474, 22.70657429828476381 ) ) ;
#1970 = CARTESIAN_POINT ( 'NONE',  ( 19.66007569660589382, 133.0177428280401557, 9.598079870621445409 ) ) ;
#1971 = ADVANCED_FACE ( 'NONE', ( #1635 ), #7032, .F. ) ;
#1972 = CARTESIAN_POINT ( 'NONE',  ( 18.08216769992165496, 132.1639176124083974, 9.046526157538870905 ) ) ;
#1973 = PLANE ( 'NONE',  #874 ) ;
#1974 = ORIENTED_EDGE ( 'NONE', *, *, #4155, .F. ) ;
#1975 = CYLINDRICAL_SURFACE ( 'NONE', #2782, 9.000000000000000000 ) ;
#1976 = CARTESIAN_POINT ( 'NONE',  ( -14.99403745633380680, 130.3650157660313198, 7.844977631697474862 ) ) ;
#1977 = CARTESIAN_POINT ( 'NONE',  ( 19.65326318969746566, 136.9660843218098591, 12.32723800292945171 ) ) ;
#1978 = CARTESIAN_POINT ( 'NONE',  ( 13.40450626289626079, 157.7979146657285980, 26.85854748469836650 ) ) ;
#1979 = DIRECTION ( 'NONE',  ( -0.0007442459860544277123, -0.5767790251485576114, 0.8168998728403572551 ) ) ;
#1980 = CARTESIAN_POINT ( 'NONE',  ( 13.40865589441808403, 128.0782181937611313, 5.976704004019007144 ) ) ;
#1981 = ORIENTED_EDGE ( 'NONE', *, *, #3449, .T. ) ;
#1982 = DIRECTION ( 'NONE',  ( 0.0000000000000000000, 0.8169000990817204544, 0.5767791848881815842 ) ) ;
#1983 = CARTESIAN_POINT ( 'NONE',  ( 27.68070789883869054, 165.9833822479994296, 32.01670265659090830 ) ) ;
#1984 = CARTESIAN_POINT ( 'NONE',  ( -10.66334138476757687, 137.9363583948345990, 12.93210075127079683 ) ) ;
#1985 = VERTEX_POINT ( 'NONE', #455 ) ;
#1986 = CARTESIAN_POINT ( 'NONE',  ( -13.13335590143661058, 133.3502812695602131, 11.67110128262742563 ) ) ;
#1987 = DIRECTION ( 'NONE',  ( 0.0001635243220480100197, 0.5738412646324202449, -0.8189665293922949729 ) ) ;
#1988 = CARTESIAN_POINT ( 'NONE',  ( -4.213160124669895978, 129.7111509580775248, 9.109789559575878215 ) ) ;
#1989 = LINE ( 'NONE', #1891, #4313 ) ;
#1990 = CARTESIAN_POINT ( 'NONE',  ( 27.61187556667177745, 170.3345738637156899, 35.66515393649960686 ) ) ;
#1991 = CARTESIAN_POINT ( 'NONE',  ( -10.92411913946085100, 171.7320656933563612, 36.41495691542895230 ) ) ;
#1992 = CARTESIAN_POINT ( 'NONE',  ( -6.112129035865214277, 153.8064581032216438, 23.93630913444384589 ) ) ;
#1993 = CARTESIAN_POINT ( 'NONE',  ( 14.54629070068156160, 151.0331236832509489, 22.16570827263628018 ) ) ;
#1994 = CARTESIAN_POINT ( 'NONE',  ( 13.38142669169426924, 143.7321001585315514, 17.07625936349735341 ) ) ;
#1995 = CARTESIAN_POINT ( 'NONE',  ( -14.48633638801589285, 129.6466958430360137, 7.305002531128229393 ) ) ;
#1996 = ORIENTED_EDGE ( 'NONE', *, *, #5346, .T. ) ;
#1997 = CARTESIAN_POINT ( 'NONE',  ( 21.52098000469652916, 87.29375623091557657, 149.0236700276518889 ) ) ;
#1998 = CARTESIAN_POINT ( 'NONE',  ( 19.63570071365243663, 167.1613951485513780, 35.57357716094772115 ) ) ;
#1999 = CARTESIAN_POINT ( 'NONE',  ( 26.04592698323036259, 155.3086935986985111, 24.55647298838930226 ) ) ;
#2000 = CARTESIAN_POINT ( 'NONE',  ( -20.52225896045449005, 161.1754515908031919, 32.53470527998449313 ) ) ;
#2001 = CARTESIAN_POINT ( 'NONE',  ( 22.20118795307792681, 135.3841685305944793, 11.08229991107941004 ) ) ;
#2002 = CARTESIAN_POINT ( 'NONE',  ( -15.28874129553969219, 137.9363297059427680, 14.90715566145335558 ) ) ;
#2003 = DIRECTION ( 'NONE',  ( -0.0001339209488790403556, 0.0000000000000000000, 0.9999999910325896302 ) ) ;
#2004 = AXIS2_PLACEMENT_3D ( 'NONE', #3666, #1916, #2449 ) ;
#2005 = CARTESIAN_POINT ( 'NONE',  ( -13.42226512945802597, 151.7171761328641821, 22.70275907260671389 ) ) ;
#2006 = CARTESIAN_POINT ( 'NONE',  ( 33.19392171744928532, 133.0386762777542344, 9.601693029854112993 ) ) ;
#2007 = CARTESIAN_POINT ( 'NONE',  ( 1.710715819465819187, 131.3098889759957331, 8.104954659790664095 ) ) ;
#2008 = CARTESIAN_POINT ( 'NONE',  ( -2.117912594530642512, 172.9507670982285106, 37.25903715238501235 ) ) ;
#2009 = ORIENTED_EDGE ( 'NONE', *, *, #939, .F. ) ;
#2010 = CARTESIAN_POINT ( 'NONE',  ( 30.99025762797702299, 160.8321280345004993, 31.11508957557896693 ) ) ;
#2011 = CARTESIAN_POINT ( 'NONE',  ( 17.22483377919443370, 133.3212676244660599, 9.821020164153360099 ) ) ;
#2012 = CARTESIAN_POINT ( 'NONE',  ( 1.635590270908972910, 174.5633971691480895, 38.63210986134610181 ) ) ;
#2013 = CARTESIAN_POINT ( 'NONE',  ( -13.81712759950808689, 133.6806773510349444, 9.981032462565153196 ) ) ;
#2014 = CARTESIAN_POINT ( 'NONE',  ( 12.72011160152938913, 162.5595643119577858, 30.18400068612204734 ) ) ;
#2015 = EDGE_CURVE ( 'NONE', #6279, #2469, #4190, .T. ) ;
#2016 = VECTOR ( 'NONE', #4305, 1000.000000000000114 ) ;
#2017 = CARTESIAN_POINT ( 'NONE',  ( 10.17261759017411116, 128.1247609039413078, 5.902463227250964728 ) ) ;
#2018 = ADVANCED_FACE ( 'NONE', ( #5393 ), #3776, .F. ) ;
#2019 = CARTESIAN_POINT ( 'NONE',  ( -11.92052228379789369, 133.2360593949740633, 9.572411432675616894 ) ) ;
#2020 = CARTESIAN_POINT ( 'NONE',  ( 30.20259308590264524, 152.3231341435273691, 25.10652527226217146 ) ) ;
#2021 = CARTESIAN_POINT ( 'NONE',  ( -14.50055074096682795, 137.9312837273847947, 12.92985139104913017 ) ) ;
#2022 = ORIENTED_EDGE ( 'NONE', *, *, #1312, .T. ) ;
#2023 = CARTESIAN_POINT ( 'NONE',  ( 18.19968697404611646, 147.6243003080680012, 19.81194859699225219 ) ) ;
#2024 = CARTESIAN_POINT ( 'NONE',  ( 31.10489680447598815, 142.7699730208087772, 18.36225757710562689 ) ) ;
#2025 = CARTESIAN_POINT ( 'NONE',  ( -10.29794260246660009, 170.7822133332811632, 38.10281493391718755 ) ) ;
#2026 = CARTESIAN_POINT ( 'NONE',  ( -5.574107926017120462, 137.9919950130565951, 15.26134425401665418 ) ) ;
#2027 = CARTESIAN_POINT ( 'NONE',  ( 33.12933649163556993, 170.3402231317458586, 35.67073343332955204 ) ) ;
#2028 = CARTESIAN_POINT ( 'NONE',  ( -14.00531374280214969, 157.1150783433160996, 26.24943696066155141 ) ) ;
#2029 = CARTESIAN_POINT ( 'NONE',  ( 13.37343721372685401, 148.3506082339795000, 20.29489751281512966 ) ) ;
#2030 = CARTESIAN_POINT ( 'NONE',  ( 8.753009793142625838, 145.6842130392348338, 18.39262905932192993 ) ) ;
#2031 = CARTESIAN_POINT ( 'NONE',  ( -3.990154115317700700, 129.8325526682625934, 7.066353897328764511 ) ) ;
#2032 = ORIENTED_EDGE ( 'NONE', *, *, #401, .T. ) ;
#2033 = DIRECTION ( 'NONE',  ( -0.0001635243220480099926, -0.5738412646324205779, 0.8189665293922946399 ) ) ;
#2034 = DIRECTION ( 'NONE',  ( 0.0000000000000000000, -0.8169000990817204544, -0.5767791848881815842 ) ) ;
#2035 = CARTESIAN_POINT ( 'NONE',  ( 29.06655531706122275, 157.9842913122534469, 26.41766464632902256 ) ) ;
#2036 = CARTESIAN_POINT ( 'NONE',  ( -19.01241193639230787, 165.4775087567615230, 35.57358448205893353 ) ) ;
#2037 = CARTESIAN_POINT ( 'NONE',  ( 27.33988180711837046, 137.2011184584799821, 14.42689082599616945 ) ) ;
#2038 = CARTESIAN_POINT ( 'NONE',  ( 28.57231450834845532, 164.8868428469861840, 31.85168712882660458 ) ) ;
#2039 = DIRECTION ( 'NONE',  ( 0.0007442459860544277123, 0.5767790251485576114, -0.8168998728403572551 ) ) ;
#2040 = CARTESIAN_POINT ( 'NONE',  ( -10.68731691901895964, 151.7129300210999361, 22.71555506933301061 ) ) ;
#2041 = CARTESIAN_POINT ( 'NONE',  ( -15.33381380041477904, 132.1002808213003163, 9.054616409501530683 ) ) ;
#2042 = CARTESIAN_POINT ( 'NONE',  ( 31.35764537939153485, 131.3644865192953546, 8.454213069488181631 ) ) ;
#2043 = CARTESIAN_POINT ( 'NONE',  ( -1.760276629889659716, 172.8443935480135849, 37.18435646487834845 ) ) ;
#2044 = VERTEX_POINT ( 'NONE', #528 ) ;
#2045 = CARTESIAN_POINT ( 'NONE',  ( 27.38177409542297980, 165.9508825682467545, 34.72594171423997267 ) ) ;
#2046 = CARTESIAN_POINT ( 'NONE',  ( -5.574666109827961513, 137.5594107493818683, 15.87401915149636089 ) ) ;
#2047 = CARTESIAN_POINT ( 'NONE',  ( -20.62431492697420765, 170.2823667660163380, 35.62038756206670342 ) ) ;
#2048 = CARTESIAN_POINT ( 'NONE',  ( 24.91091724973184895, 136.9870910620257973, 12.31031528515880069 ) ) ;
#2049 = CARTESIAN_POINT ( 'NONE',  ( 28.82760202909085478, 156.5995109536387133, 26.06128716725565297 ) ) ;
#2050 = CARTESIAN_POINT ( 'NONE',  ( 6.945286493219420265, 157.4467045445292399, 26.61222395801427609 ) ) ;
#2051 = ORIENTED_EDGE ( 'NONE', *, *, #551, .T. ) ;
#2052 = CARTESIAN_POINT ( 'NONE',  ( 12.44791918542850873, 129.7515017046504511, 10.37759902442855520 ) ) ;
#2053 = CARTESIAN_POINT ( 'NONE',  ( -11.75314747778216784, 169.1883103348544353, 31.20121794697685402 ) ) ;
#2054 = CARTESIAN_POINT ( 'NONE',  ( 13.39148859473538877, 137.9369328922509226, 12.99066746853727494 ) ) ;
#2055 = EDGE_CURVE ( 'NONE', #1056, #3308, #6139, .T. ) ;
#2056 = ORIENTED_EDGE ( 'NONE', *, *, #6015, .F. ) ;
#2057 = CARTESIAN_POINT ( 'NONE',  ( -14.52317397213705163, 136.6678339956723960, 11.98095869134398228 ) ) ;
#2058 = CARTESIAN_POINT ( 'NONE',  ( 29.98934846155064449, 138.3912610206725446, 16.49375504665531267 ) ) ;
#2059 = CARTESIAN_POINT ( 'NONE',  ( -19.18785215011229539, 156.4602209449506915, 27.98255252270548255 ) ) ;
#2060 = VERTEX_POINT ( 'NONE', #6419 ) ;
#2061 = CARTESIAN_POINT ( 'NONE',  ( -19.32258273594616682, 170.2806195885389684, 35.62608821265656189 ) ) ;
#2062 = CARTESIAN_POINT ( 'NONE',  ( 21.54440186774207433, 162.5247878935414008, 26.84406895812276161 ) ) ;
#2063 = CARTESIAN_POINT ( 'NONE',  ( -17.94944345013242071, 157.1290176886233496, 26.22046402028246703 ) ) ;
#2064 = CARTESIAN_POINT ( 'NONE',  ( 15.05427092217592389, 151.0321870916579314, 22.16829553594548585 ) ) ;
#2065 = CARTESIAN_POINT ( 'NONE',  ( 17.40240175685453750, 143.7278106162271456, 17.09229201451609015 ) ) ;
#2066 = CARTESIAN_POINT ( 'NONE',  ( 22.16471954817944834, 129.6750595536670687, 7.355108751780914389 ) ) ;
#2067 = VERTEX_POINT ( 'NONE', #5968 ) ;
#2068 = CARTESIAN_POINT ( 'NONE',  ( 5.207772419774899575, 129.8741557468063377, 9.233463499649952055 ) ) ;
#2069 = CARTESIAN_POINT ( 'NONE',  ( 29.87075393330442097, 159.7908863778833393, 27.67861128678779892 ) ) ;
#2070 = CARTESIAN_POINT ( 'NONE',  ( -0.8005430774263858629, 135.4509191727415782, 12.49223311232624312 ) ) ;
#2071 = CARTESIAN_POINT ( 'NONE',  ( 23.42004537653026475, 135.9068740155431954, 11.45247096711536550 ) ) ;
#2072 = CARTESIAN_POINT ( 'NONE',  ( -13.13335606712522363, 133.3502810899379369, 11.67110115564721973 ) ) ;
#2073 = CARTESIAN_POINT ( 'NONE',  ( -5.574107925344994996, 137.9919950131483404, 15.26134425408205253 ) ) ;
#2074 = EDGE_LOOP ( 'NONE', ( #4991, #3706, #3589, #2517 ) ) ;
#2075 = CARTESIAN_POINT ( 'NONE',  ( 8.014252629606394507, 156.7979614019237999, 26.15384747541088473 ) ) ;
#2076 = CARTESIAN_POINT ( 'NONE',  ( -13.98419098641365110, 132.1620693813039793, 8.969994383066254073 ) ) ;
#2077 = CARTESIAN_POINT ( 'NONE',  ( -11.16503384977546709, 131.4188385387676021, 8.271868535013771506 ) ) ;
#2078 = CARTESIAN_POINT ( 'NONE',  ( 29.21859089868565817, 140.5190090304730575, 14.79308337649177574 ) ) ;
#2079 = VERTEX_POINT ( 'NONE', #6499 ) ;
#2080 = DIRECTION ( 'NONE',  ( 0.0001635243220480100197, 0.5738412646324202449, -0.8189665293922949729 ) ) ;
#2081 = CARTESIAN_POINT ( 'NONE',  ( 15.65809703321117929, 130.4886229453544502, 10.90097434104167462 ) ) ;
#2082 = CARTESIAN_POINT ( 'NONE',  ( -12.77905056558184071, 174.5504319037924859, 38.61497983927578304 ) ) ;
#2083 = CARTESIAN_POINT ( 'NONE',  ( 13.39600010149467479, 135.3429485070010969, 11.15214835411038052 ) ) ;
#2084 = LINE ( 'NONE', #3733, #5590 ) ;
#2085 = CARTESIAN_POINT ( 'NONE',  ( 31.13485593445987476, 159.2986338414762884, 31.25662507445185057 ) ) ;
#2086 = CARTESIAN_POINT ( 'NONE',  ( -18.44393684437357450, 153.7626652696621932, 24.09143781055938405 ) ) ;
#2087 = DIRECTION ( 'NONE',  ( -0.0007442450898864460922, -0.5767790250261927154, 0.8168998729275704918 ) ) ;
#2088 = CARTESIAN_POINT ( 'NONE',  ( -7.248865771603481001, 135.3618107036396907, 11.07433240703767297 ) ) ;
#2089 = ORIENTED_EDGE ( 'NONE', *, *, #5776, .F. ) ;
#2090 = CARTESIAN_POINT ( 'NONE',  ( 20.45463620706335917, 142.1026083198141237, 18.18739113399273322 ) ) ;
#2091 = CARTESIAN_POINT ( 'NONE',  ( 28.06151691084264499, 136.0586240929067969, 14.84502075651502828 ) ) ;
#2092 = CARTESIAN_POINT ( 'NONE',  ( 20.78502606594862812, 168.1770810867672310, 33.53840622690119488 ) ) ;
#2093 = EDGE_LOOP ( 'NONE', ( #3366, #1349 ) ) ;
#2094 = CARTESIAN_POINT ( 'NONE',  ( -11.99469376845200053, 166.0058210011769404, 32.67853894123809511 ) ) ;
#2095 = CARTESIAN_POINT ( 'NONE',  ( 18.08644772809760681, 129.6657914044414781, 7.358233552271858713 ) ) ;
#2096 = DIRECTION ( 'NONE',  ( 0.0001635243220480100739, 0.5738412646324205779, -0.8189665293922948619 ) ) ;
#2097 = EDGE_CURVE ( 'NONE', #7021, #6362, #990, .T. ) ;
#2098 = CARTESIAN_POINT ( 'NONE',  ( -15.70053909398346548, 135.4272205470477957, 14.35934309878962978 ) ) ;
#2099 = CARTESIAN_POINT ( 'NONE',  ( -13.40834983723301654, 143.7085964869273482, 17.04357972489745165 ) ) ;
#2100 = CARTESIAN_POINT ( 'NONE',  ( -12.72563791442124170, 143.7078828560556758, 17.04628097398811093 ) ) ;
#2101 = CARTESIAN_POINT ( 'NONE',  ( -9.341461209144251043, 129.7981674385596307, 7.102089225501151404 ) ) ;
#2102 = VERTEX_POINT ( 'NONE', #1668 ) ;
#2103 = CARTESIAN_POINT ( 'NONE',  ( 11.81735580190668777, 168.7986047475876319, 37.94656001443534166 ) ) ;
#2104 = CARTESIAN_POINT ( 'NONE',  ( -1.037754855735822268, 128.1497477120732640, 9.234380884939490386 ) ) ;
#2105 = CARTESIAN_POINT ( 'NONE',  ( 22.49338387874698242, 153.5959203860049911, 23.97389231287390032 ) ) ;
#2106 = DIRECTION ( 'NONE',  ( 0.0000000000000000000, 0.8169000990817237851, 0.5767791848881770322 ) ) ;
#2107 = CARTESIAN_POINT ( 'NONE',  ( -14.33343861940235975, 169.5655787124171354, 38.46426348012024476 ) ) ;
#2108 = CARTESIAN_POINT ( 'NONE',  ( -3.136870079526794974, 134.2684995504860126, 10.26307889028484865 ) ) ;
#2109 = ADVANCED_FACE ( 'NONE', ( #3848 ), #4081, .T. ) ;
#2110 = EDGE_CURVE ( 'NONE', #62, #2283, #2118, .T. ) ;
#2111 = CARTESIAN_POINT ( 'NONE',  ( 16.21205983975841391, 156.7970176418543815, 26.17542892594212844 ) ) ;
#2112 = CARTESIAN_POINT ( 'NONE',  ( 24.91772961278381970, 133.0411031539278781, 9.577806905418345451 ) ) ;
#2113 = CARTESIAN_POINT ( 'NONE',  ( -9.344012817837548113, 131.2747273642806363, 8.127715024349280171 ) ) ;
#2114 = CARTESIAN_POINT ( 'NONE',  ( 20.16446010113451948, 132.1147537695521521, 12.05322325320511645 ) ) ;
#2115 = DIRECTION ( 'NONE',  ( -0.0007442450897319317785, -0.5767790250261726204, 0.8168998729275848136 ) ) ;
#2116 = CARTESIAN_POINT ( 'NONE',  ( -10.89195999597820474, 132.6103443762844449, 9.005576755082394413 ) ) ;
#2117 = ORIENTED_EDGE ( 'NONE', *, *, #301, .T. ) ;
#2118 = LINE ( 'NONE', #2081, #1430 ) ;
#2119 = CARTESIAN_POINT ( 'NONE',  ( -12.77166644745663859, 170.2784044744380481, 35.64541368870008142 ) ) ;
#2120 = CARTESIAN_POINT ( 'NONE',  ( -21.21627907637455479, 135.1326159534434908, 11.36610158832163009 ) ) ;
#2121 = CARTESIAN_POINT ( 'NONE',  ( 29.67072121828976350, 157.7091167199673976, 26.83469539827970607 ) ) ;
#2122 = CARTESIAN_POINT ( 'NONE',  ( 21.52098000469652916, 84.14073505033150013, 146.8143811290912595 ) ) ;
#2123 = ORIENTED_EDGE ( 'NONE', *, *, #1499, .T. ) ;
#2124 = CARTESIAN_POINT ( 'NONE',  ( -0.8005430774263859739, 134.5523290637516709, 11.85777600894924433 ) ) ;
#2125 = CARTESIAN_POINT ( 'NONE',  ( 20.96621270800677195, 166.9112705126805167, 35.39818673509925873 ) ) ;
#2126 = ORIENTED_EDGE ( 'NONE', *, *, #2621, .T. ) ;
#2127 = CARTESIAN_POINT ( 'NONE',  ( -16.65830198337429024, 167.3972136951335870, 35.70701280184221815 ) ) ;
#2128 = CARTESIAN_POINT ( 'NONE',  ( 20.79188080835474040, 132.3579233221779532, 12.22548677890815227 ) ) ;
#2129 = CARTESIAN_POINT ( 'NONE',  ( 13.24741610787621404, 162.8310959056137506, 29.76401400111212325 ) ) ;
#2130 = EDGE_LOOP ( 'NONE', ( #4700, #3092 ) ) ;
#2131 = CARTESIAN_POINT ( 'NONE',  ( 1.713266703835978344, 129.8451794498126048, 7.062460228922678773 ) ) ;
#2132 = FACE_OUTER_BOUND ( 'NONE', #1447, .T. ) ;
#2133 = B_SPLINE_SURFACE_WITH_KNOTS ( 'NONE', 3, 1, ( 
 ( #545, #2214 ),
 ( #1046, #3290 ),
 ( #6583, #5010 ),
 ( #1, #2722 ),
 ( #4905, #6020 ),
 ( #1153, #4867 ),
 ( #4937, #7052 ),
 ( #3219, #6053 ),
 ( #6617, #4368 ),
 ( #5487, #4973 ),
 ( #583, #2286 ),
 ( #5412, #1721 ),
 ( #3828, #3325 ),
 ( #5519, #1753 ),
 ( #6087, #2143 ),
 ( #103, #4470 ) ),
 .UNSPECIFIED., .F., .F., .F.,
 ( 4, 2, 2, 2, 2, 2, 2, 4 ),
 ( 2, 2 ),
 ( 0.0000000000000000000, 0.03124999999999900080, 0.06249999999999800160, 0.1249999999999958922, 0.1874999999999937828, 0.2187499999999935607, 0.2499999999999933387, 0.2656669472600044490 ),
 ( 0.0000000000000000000, 1.000000000000000000 ),
 .UNSPECIFIED. ) ;
#2134 = CARTESIAN_POINT ( 'NONE',  ( 1.090779931982731821, 171.1579358726385465, 38.37847280610347411 ) ) ;
#2135 = CARTESIAN_POINT ( 'NONE',  ( -10.67340164181987916, 143.7045962091353317, 17.05602578550549708 ) ) ;
#2136 = AXIS2_PLACEMENT_3D ( 'NONE', #3789, #3253, #1613 ) ;
#2137 = CARTESIAN_POINT ( 'NONE',  ( -13.39828926528157105, 137.9352067169339477, 12.92698832059518921 ) ) ;
#2138 = CARTESIAN_POINT ( 'NONE',  ( 17.42766359598449810, 129.1026084071072262, 6.948333052042593216 ) ) ;
#2139 = EDGE_LOOP ( 'NONE', ( #1031, #342, #368, #3728 ) ) ;
#2140 = CARTESIAN_POINT ( 'NONE',  ( 23.87175365943636862, 166.5778324475831482, 36.38954734037766769 ) ) ;
#2141 = CARTESIAN_POINT ( 'NONE',  ( -4.408157683041766361, 159.4203377756871873, 25.88468242872852443 ) ) ;
#2142 = CARTESIAN_POINT ( 'NONE',  ( 22.44085257020233115, 154.2891584541294776, 23.84910448706418507 ) ) ;
#2143 = CARTESIAN_POINT ( 'NONE',  ( -21.69755920431802565, 162.2209857494090102, 30.06210031526824267 ) ) ;
#2144 = CARTESIAN_POINT ( 'NONE',  ( 30.20744789790563090, 147.6993933968228703, 19.78486217920222145 ) ) ;
#2145 = FACE_BOUND ( 'NONE', #1705, .T. ) ;
#2146 = CARTESIAN_POINT ( 'NONE',  ( 12.18134296354379487, 156.8023380109752054, 26.15790487917529816 ) ) ;
#2147 = CARTESIAN_POINT ( 'NONE',  ( 15.05427092217592389, 151.0321870916579314, 22.16829553594548585 ) ) ;
#2148 = CARTESIAN_POINT ( 'NONE',  ( 31.35764537939153485, 131.3644865192953546, 8.454213069488181631 ) ) ;
#2149 = CARTESIAN_POINT ( 'NONE',  ( 8.058268895821527167, 131.4674934229535381, 8.250066840768093712 ) ) ;
#2150 = AXIS2_PLACEMENT_3D ( 'NONE', #4271, #5963, #2661 ) ;
#2151 = EDGE_CURVE ( 'NONE', #6200, #6538, #1730, .T. ) ;
#2152 = CARTESIAN_POINT ( 'NONE',  ( 25.44908188047698161, 141.3964020371870731, 15.42017825172530543 ) ) ;
#2153 = DIRECTION ( 'NONE',  ( 0.0000000000000000000, -0.8169000991683917912, -0.5767791847654278881 ) ) ;
#2154 = CARTESIAN_POINT ( 'NONE',  ( -10.89326417737121488, 131.5996229317769348, 10.43707509978355930 ) ) ;
#2155 = VECTOR ( 'NONE', #67, 1000.000000000000114 ) ;
#2156 = CARTESIAN_POINT ( 'NONE',  ( -12.57087827656681966, 131.3744460562042207, 10.88862878147541835 ) ) ;
#2157 = CARTESIAN_POINT ( 'NONE',  ( -5.845897665173018787, 172.4129941503375107, 36.48854377243874580 ) ) ;
#2158 = CARTESIAN_POINT ( 'NONE',  ( -12.00207794793132621, 170.2788522241711178, 35.64667622644210354 ) ) ;
#2159 = CARTESIAN_POINT ( 'NONE',  ( 15.08147383384033091, 135.3289357611486707, 11.17625596137975030 ) ) ;
#2160 = DIRECTION ( 'NONE',  ( 0.0000000000000000000, 0.8169000990817237851, 0.5767791848881770322 ) ) ;
#2161 = CARTESIAN_POINT ( 'NONE',  ( -17.89723084752021620, 145.2229653372855580, 20.04956953475265280 ) ) ;
#2162 = ORIENTED_EDGE ( 'NONE', *, *, #2015, .F. ) ;
#2163 = DIRECTION ( 'NONE',  ( -0.0007442450898996479883, -0.5767790250261823903, 0.8168998729275778192 ) ) ;
#2164 = DIRECTION ( 'NONE',  ( 0.0000000000000000000, 0.8169000990817267827, 0.5767791848881729244 ) ) ;
#2165 = CARTESIAN_POINT ( 'NONE',  ( -11.21455024585360860, 171.6476006034286286, 36.32965658442014956 ) ) ;
#2166 = CARTESIAN_POINT ( 'NONE',  ( 31.20228144488010713, 147.2824457664555382, 22.77255586226223727 ) ) ;
#2167 = CARTESIAN_POINT ( 'NONE',  ( 19.69803694008524886, 168.0397820508379141, 33.44005317889635620 ) ) ;
#2168 = ORIENTED_EDGE ( 'NONE', *, *, #6174, .T. ) ;
#2169 = CARTESIAN_POINT ( 'NONE',  ( -13.38407765480057421, 129.6954874319982309, 7.238270568294624674 ) ) ;
#2170 = CARTESIAN_POINT ( 'NONE',  ( 23.16261887715032231, 137.9704347304965495, 13.01269906740115445 ) ) ;
#2171 = CARTESIAN_POINT ( 'NONE',  ( -13.72265783485611301, 132.0368003565054380, 11.96731038061722607 ) ) ;
#2172 = CARTESIAN_POINT ( 'NONE',  ( 14.55556932790256042, 145.6651819645236685, 18.43404398975726011 ) ) ;
#2173 = CARTESIAN_POINT ( 'NONE',  ( -20.56822015103750445, 137.8456749339105443, 13.03673318120104874 ) ) ;
#2174 = CARTESIAN_POINT ( 'NONE',  ( -17.94855895609931551, 128.2819269998333880, 6.819265128680779497 ) ) ;
#2175 = EDGE_LOOP ( 'NONE', ( #4879, #686, #4412, #6336 ) ) ;
#2176 = CARTESIAN_POINT ( 'NONE',  ( -3.123453596247915520, 170.9041900654628989, 38.19547402393340718 ) ) ;
#2177 = CARTESIAN_POINT ( 'NONE',  ( 13.23213619429457388, 159.4663167779731907, 28.02113384862350287 ) ) ;
#2178 = CARTESIAN_POINT ( 'NONE',  ( 16.45590791672585240, 142.9485546579923607, 16.53939576837243663 ) ) ;
#2179 = CARTESIAN_POINT ( 'NONE',  ( -19.01241193639230787, 165.4775087567615230, 35.57358448205893353 ) ) ;
#2180 = DIRECTION ( 'NONE',  ( 0.0000000000000000000, 0.8189665403419615908, 0.5738412723047360275 ) ) ;
#2181 = CARTESIAN_POINT ( 'NONE',  ( 27.63531539832684913, 156.7964125205641324, 26.20449104531499884 ) ) ;
#2182 = CARTESIAN_POINT ( 'NONE',  ( -16.35236675345942459, 150.9833564831838260, 22.16027019870622894 ) ) ;
#2183 = CARTESIAN_POINT ( 'NONE',  ( 21.24230091433390299, 131.3424012037753528, 8.460678853509207897 ) ) ;
#2184 = CARTESIAN_POINT ( 'NONE',  ( 8.058557449274886153, 131.3019460854764873, 8.131932092456217731 ) ) ;
#2185 = CARTESIAN_POINT ( 'NONE',  ( 31.14046244782650774, 142.7724420643593817, 19.58817350055653961 ) ) ;
#2186 = CARTESIAN_POINT ( 'NONE',  ( 30.20259594133334602, 152.3253471052525754, 25.10339102487416696 ) ) ;
#2187 = CARTESIAN_POINT ( 'NONE',  ( 15.37225224455001715, 172.0892172130656945, -46.38711021571187132 ) ) ;
#2188 = ORIENTED_EDGE ( 'NONE', *, *, #4117, .T. ) ;
#2189 = DIRECTION ( 'NONE',  ( 0.0007442450897510126525, 0.5767790250261164431, -0.8168998729276244486 ) ) ;
#2190 = EDGE_CURVE ( 'NONE', #4677, #4969, #1784, .T. ) ;
#2191 = EDGE_CURVE ( 'NONE', #4927, #1639, #4983, .T. ) ;
#2192 = CARTESIAN_POINT ( 'NONE',  ( 29.45102922181338556, 170.3362362966850867, 35.66732786545826173 ) ) ;
#2193 = CARTESIAN_POINT ( 'NONE',  ( 21.23827282666623617, 133.6965327912195676, 10.04500455271734083 ) ) ;
#2194 = DIRECTION ( 'NONE',  ( 0.0007442459860544277123, 0.5767790251485576114, -0.8168998728403572551 ) ) ;
#2195 = CARTESIAN_POINT ( 'NONE',  ( 7.515662382664861418, 163.6955404790935518, 30.98609654674643821 ) ) ;
#2196 = ORIENTED_EDGE ( 'NONE', *, *, #5569, .T. ) ;
#2197 = CARTESIAN_POINT ( 'NONE',  ( 2.626301098294645975, 130.6329621520014257, 7.628235574821840892 ) ) ;
#2198 = EDGE_CURVE ( 'NONE', #2060, #3160, #2655, .T. ) ;
#2199 = DIRECTION ( 'NONE',  ( 0.0000000000000000000, -0.8169000991683917912, -0.5767791847654278881 ) ) ;
#2200 = CARTESIAN_POINT ( 'NONE',  ( 15.68303807857431309, 144.9425103578665812, 17.93262208719700013 ) ) ;
#2201 = CARTESIAN_POINT ( 'NONE',  ( 31.14120669292328003, 143.3492210894045797, 18.77127362763967611 ) ) ;
#2202 = CARTESIAN_POINT ( 'NONE',  ( -19.43006713596509627, 152.1052770224514177, 26.13162730274989798 ) ) ;
#2203 = ORIENTED_EDGE ( 'NONE', *, *, #589, .F. ) ;
#2204 = CARTESIAN_POINT ( 'NONE',  ( 16.25892372284868159, 129.7024781726087213, 7.301499583939941473 ) ) ;
#2205 = LINE ( 'NONE', #26, #5698 ) ;
#2206 = CARTESIAN_POINT ( 'NONE',  ( -12.85554432273782233, 131.2695642907814033, 11.42638689702471311 ) ) ;
#2207 = CARTESIAN_POINT ( 'NONE',  ( 16.23130059779751377, 145.6628573151722605, 18.44148994815156328 ) ) ;
#2208 = B_SPLINE_CURVE_WITH_KNOTS ( 'NONE', 3,
 ( #3661, #6918, #5853, #843, #6804, #265, #915, #4621, #6310, #4237, #3088, #4772, #1448, #3586, #2550, #3014, #5276, #2019 ),
 .UNSPECIFIED., .F., .F.,
 ( 4, 2, 2, 2, 2, 2, 2, 2, 4 ),
 ( 0.0000000000000000000, 0.004269676359416286690, 0.008539352718832573380, 0.01067419089854068463, 0.01280902907824879415, 0.01494386725795690540, 0.01601128634781093241, 0.01654499589273792162, 0.01707870543766490737 ),
 .UNSPECIFIED. ) ;
#2209 = CARTESIAN_POINT ( 'NONE',  ( -7.258405783841686443, 140.8133598834056670, 15.01261289533800714 ) ) ;
#2210 = CARTESIAN_POINT ( 'NONE',  ( -13.80927154957516656, 129.1027201903145283, 6.871058875054597337 ) ) ;
#2211 = EDGE_LOOP ( 'NONE', ( #6084, #2224, #5649, #1279 ) ) ;
#2212 = CARTESIAN_POINT ( 'NONE',  ( 23.24637630953769118, 159.4918012681777384, 20.14028514101239509 ) ) ;
#2213 = CARTESIAN_POINT ( 'NONE',  ( 12.74224154063954906, 159.3785828029919571, 27.95833913278175231 ) ) ;
#2214 = CARTESIAN_POINT ( 'NONE',  ( -18.45620065483051775, 153.8216423134249453, 24.13462632102329053 ) ) ;
#2215 = CARTESIAN_POINT ( 'NONE',  ( -19.59640491448836386, 165.0271080123735601, 34.03090296393820324 ) ) ;
#2216 = CARTESIAN_POINT ( 'NONE',  ( -10.34572296080703246, 145.0666754469462489, 18.02438367613956061 ) ) ;
#2217 = CARTESIAN_POINT ( 'NONE',  ( -20.60087499298576574, 156.7425311821817218, 26.16210789432760109 ) ) ;
#2218 = CARTESIAN_POINT ( 'NONE',  ( -12.99479393612289790, 150.9730784714441540, 22.18318947662054086 ) ) ;
#2219 = CARTESIAN_POINT ( 'NONE',  ( -19.25510571154634221, 131.0696185734076380, 8.748998896694670790 ) ) ;
#2220 = CARTESIAN_POINT ( 'NONE',  ( 28.82106930450389726, 136.7772706953660418, 15.35311923173411941 ) ) ;
#2221 = CARTESIAN_POINT ( 'NONE',  ( 20.47507008425829866, 157.9385633380765057, -4.241284460647358756 ) ) ;
#2222 = B_SPLINE_CURVE_WITH_KNOTS ( 'NONE', 3,
 ( #3642, #393, #355, #3030, #860, #2604, #1387, #3105, #5869, #5258, #1424, #4180, #2529, #6326 ),
 .UNSPECIFIED., .F., .F.,
 ( 4, 2, 2, 2, 2, 2, 4 ),
 ( 0.03101978363893079585, 0.03380072062007116046, 0.03519118911064134103, 0.03658165760121152160, 0.03936259458235188968, 0.04075306307292207025, 0.04214353156349225082 ),
 .UNSPECIFIED. ) ;
#2223 = CARTESIAN_POINT ( 'NONE',  ( 30.20335390661830388, 158.9349390997563773, 27.69053098905472510 ) ) ;
#2224 = ORIENTED_EDGE ( 'NONE', *, *, #6219, .F. ) ;
#2225 = CARTESIAN_POINT ( 'NONE',  ( -11.92147770503963855, 130.6214843089528301, 10.96965556691520760 ) ) ;
#2226 = CARTESIAN_POINT ( 'NONE',  ( -14.04282932440854381, 166.0044856020018074, 32.67538357455110543 ) ) ;
#2227 = CARTESIAN_POINT ( 'NONE',  ( -12.71106593733283496, 135.3421713084201770, 11.08880379109408665 ) ) ;
#2228 = CARTESIAN_POINT ( 'NONE',  ( -16.32117884694636700, 132.9102242450490508, 9.662301396765688111 ) ) ;
#2229 = CARTESIAN_POINT ( 'NONE',  ( 14.07795932385938897, 131.5177753126108371, 10.40203619175229477 ) ) ;
#2230 = CARTESIAN_POINT ( 'NONE',  ( 6.812981360166348921, 157.1490728880405072, 26.40491509601077880 ) ) ;
#2231 = ORIENTED_EDGE ( 'NONE', *, *, #1670, .F. ) ;
#2232 = CARTESIAN_POINT ( 'NONE',  ( 15.32146027342857764, 132.7261848207141952, 9.363280773097139686 ) ) ;
#2233 = CARTESIAN_POINT ( 'NONE',  ( 18.97112832006696692, 168.5883841888096697, 33.81075555447637271 ) ) ;
#2234 = ADVANCED_FACE ( 'NONE', ( #6090 ), #4837, .F. ) ;
#2235 = ADVANCED_FACE ( 'NONE', ( #3056 ), #1339, .F. ) ;
#2236 = CARTESIAN_POINT ( 'NONE',  ( -15.78721803812288194, 169.2843384321167264, 34.65688947808494902 ) ) ;
#2237 = CARTESIAN_POINT ( 'NONE',  ( -13.95407519239772043, 167.2390952811973079, 31.36129782649733855 ) ) ;
#2238 = DIRECTION ( 'NONE',  ( 0.0000000000000000000, -0.8169000991683925683, -0.5767791847654266668 ) ) ;
#2239 = ORIENTED_EDGE ( 'NONE', *, *, #1876, .F. ) ;
#2240 = CIRCLE ( 'NONE', #1108, 2.599999999999998757 ) ;
#2241 = CARTESIAN_POINT ( 'NONE',  ( -12.70037992849048081, 129.1457215028037240, 6.812585543435945468 ) ) ;
#2242 = CARTESIAN_POINT ( 'NONE',  ( 21.06009078238416521, 168.1897227483430299, 33.54769986884761579 ) ) ;
#2243 = CARTESIAN_POINT ( 'NONE',  ( -13.72191358976390951, 132.6135793815216743, 11.15041050768469155 ) ) ;
#2244 = CARTESIAN_POINT ( 'NONE',  ( -17.32566802948019458, 143.7147581164987002, 17.02513812214720446 ) ) ;
#2245 = CARTESIAN_POINT ( 'NONE',  ( -15.00697703454663134, 137.9281687554666291, 12.93303522322542065 ) ) ;
#2246 = CARTESIAN_POINT ( 'NONE',  ( -17.94954690425466737, 128.8660672882625988, 7.197704867787341421 ) ) ;
#2247 = VECTOR ( 'NONE', #6818, 1000.000000000000000 ) ;
#2248 = ORIENTED_EDGE ( 'NONE', *, *, #450, .F. ) ;
#2249 = CARTESIAN_POINT ( 'NONE',  ( -9.188468648050672982, 129.9078741904731942, 9.244154845781260121 ) ) ;
#2250 = CARTESIAN_POINT ( 'NONE',  ( 14.87000450884284142, 156.6302410026487451, 26.05324387824057553 ) ) ;
#2251 = CARTESIAN_POINT ( 'NONE',  ( 16.85993570470999003, 141.7110003852038176, 15.67125065838669329 ) ) ;
#2252 = CARTESIAN_POINT ( 'NONE',  ( -19.42932289087542941, 152.6820560474776016, 25.31472742982228397 ) ) ;
#2253 = CARTESIAN_POINT ( 'NONE',  ( 21.54464715422515297, 163.3855497904900176, 25.61561916403430672 ) ) ;
#2254 = AXIS2_PLACEMENT_3D ( 'NONE', #4041, #6227, #1321 ) ;
#2255 = CARTESIAN_POINT ( 'NONE',  ( -0.7879883010737556148, 156.7467087107641248, 26.20507367789254261 ) ) ;
#2256 = CARTESIAN_POINT ( 'NONE',  ( -21.89143125810297619, 148.3297935045455631, 20.23746768117298700 ) ) ;
#2257 = CARTESIAN_POINT ( 'NONE',  ( -15.33237487443605040, 131.2596417178835395, 8.488191681577051284 ) ) ;
#2258 = CARTESIAN_POINT ( 'NONE',  ( 29.04528969125832560, 137.0380573049361601, 15.53745408882408086 ) ) ;
#2259 = CARTESIAN_POINT ( 'NONE',  ( 30.06184700690476319, 161.0502685737185118, 28.55872998829102727 ) ) ;
#2260 = CARTESIAN_POINT ( 'NONE',  ( 30.08821770239311633, 161.3549071015080472, 29.03529966267316453 ) ) ;
#2261 = ORIENTED_EDGE ( 'NONE', *, *, #3724, .F. ) ;
#2262 = CARTESIAN_POINT ( 'NONE',  ( 0.0000000000000000000, 0.0000000000000000000, 0.0000000000000000000 ) ) ;
#2263 = CARTESIAN_POINT ( 'NONE',  ( -4.060447208677976150, 170.2914806832916952, 35.64830567012170093 ) ) ;
#2264 = VECTOR ( 'NONE', #5778, 1000.000000000000114 ) ;
#2265 = CARTESIAN_POINT ( 'NONE',  ( 14.57066271121810352, 136.9637803065111825, 12.31797020161595668 ) ) ;
#2266 = CARTESIAN_POINT ( 'NONE',  ( -13.98562952762361000, 132.9964134164014808, 9.545379922031694164 ) ) ;
#2267 = CARTESIAN_POINT ( 'NONE',  ( 7.128924167169452097, 130.1433921980738262, 9.425310445389854408 ) ) ;
#2268 = VECTOR ( 'NONE', #208, 1000.000000000000000 ) ;
#2269 = DIRECTION ( 'NONE',  ( -0.0007442450898864458753, -0.5767790250261926044, 0.8168998729275703807 ) ) ;
#2270 = ORIENTED_EDGE ( 'NONE', *, *, #6774, .F. ) ;
#2271 = CARTESIAN_POINT ( 'NONE',  ( 25.22856621049063719, 166.8082497291112816, 35.32933130582397752 ) ) ;
#2272 = CARTESIAN_POINT ( 'NONE',  ( 0.02602874093229619323, 129.5451513948837032, 8.996446328897645728 ) ) ;
#2273 = FACE_OUTER_BOUND ( 'NONE', #2347, .T. ) ;
#2274 = FACE_OUTER_BOUND ( 'NONE', #7038, .T. ) ;
#2275 = ORIENTED_EDGE ( 'NONE', *, *, #360, .T. ) ;
#2276 = CARTESIAN_POINT ( 'NONE',  ( 10.17163061800334845, 128.6929334468436537, 6.303632497342559482 ) ) ;
#2277 = CYLINDRICAL_SURFACE ( 'NONE', #6891, 2.599999999999984990 ) ;
#2278 = CARTESIAN_POINT ( 'NONE',  ( -12.84349912723571308, 150.2969057518100158, 21.70842457292075167 ) ) ;
#2279 = EDGE_CURVE ( 'NONE', #6764, #2787, #4171, .T. ) ;
#2280 = CARTESIAN_POINT ( 'NONE',  ( -19.27152327457530134, 140.8128936601023042, 14.98361959723107439 ) ) ;
#2281 = CARTESIAN_POINT ( 'NONE',  ( -17.31560517650413189, 137.9040492938106297, 12.96166909276735879 ) ) ;
#2282 = CARTESIAN_POINT ( 'NONE',  ( 29.52232068652972430, 129.1226376215987273, 6.949680412775771643 ) ) ;
#2283 = VERTEX_POINT ( 'NONE', #419 ) ;
#2284 = CARTESIAN_POINT ( 'NONE',  ( -7.308080213759064137, 131.2218396705141572, 8.077228601186266843 ) ) ;
#2285 = CARTESIAN_POINT ( 'NONE',  ( 15.40166640555080235, 166.0632196336557342, 32.03973243661575054 ) ) ;
#2286 = CARTESIAN_POINT ( 'NONE',  ( -21.68837859337271112, 160.4120504335772068, 28.78489468731681455 ) ) ;
#2287 = CARTESIAN_POINT ( 'NONE',  ( 10.09197914524428263, 174.5654191927842760, 38.65010798642243373 ) ) ;
#2288 = DIRECTION ( 'NONE',  ( -0.0007442450898864458753, -0.5767790250261926044, 0.8168998729275703807 ) ) ;
#2289 = CARTESIAN_POINT ( 'NONE',  ( -21.91772182639849476, 170.4183721732538288, 35.46313232445616848 ) ) ;
#2290 = CARTESIAN_POINT ( 'NONE',  ( 14.53632855582911709, 156.7995719022333674, 26.16765612422752696 ) ) ;
#2291 = CARTESIAN_POINT ( 'NONE',  ( -8.070678684398044922, 150.9709600738781035, 22.19836117364060257 ) ) ;
#2292 = CARTESIAN_POINT ( 'NONE',  ( 11.55441066579053810, 132.2649099448366314, 8.886651931536121651 ) ) ;
#2293 = CARTESIAN_POINT ( 'NONE',  ( 1.537830086037344834, 134.2832584735197088, 10.24301252739482671 ) ) ;
#2294 = CARTESIAN_POINT ( 'NONE',  ( 13.34277970783409195, 166.0726240472803568, 32.64599811033502874 ) ) ;
#2295 = PRODUCT ( 'Viper Face Plate', 'Viper Face Plate', '', ( #3942 ) ) ;
#2296 = DIRECTION ( 'NONE',  ( 0.0001635243220480100197, 0.5738412646324202449, -0.8189665293922949729 ) ) ;
#2297 = CARTESIAN_POINT ( 'NONE',  ( 30.20259594133334602, 152.3253471052525754, 25.10339102487416696 ) ) ;
#2298 = CARTESIAN_POINT ( 'NONE',  ( 1.642973505785523924, 170.3058202645942458, 35.64197389077669698 ) ) ;
#2299 = CARTESIAN_POINT ( 'NONE',  ( -21.86885537126672219, 135.1094605272126330, 11.39745150536908369 ) ) ;
#2300 = CARTESIAN_POINT ( 'NONE',  ( 16.25205656453396585, 133.6808593769183631, 10.05500556942845414 ) ) ;
#2301 = B_SPLINE_CURVE_WITH_KNOTS ( 'NONE', 3,
 ( #4852, #6535, #2707, #3778 ),
 .UNSPECIFIED., .F., .F.,
 ( 4, 4 ),
 ( 0.0001647766231401332935, 0.001216984634746269816 ),
 .UNSPECIFIED. ) ;
#2302 = CARTESIAN_POINT ( 'NONE',  ( -10.58006248099570001, 170.9908860167610385, 39.47403324071940034 ) ) ;
#2303 = CARTESIAN_POINT ( 'NONE',  ( 21.54440186774207433, 157.2015053813186682, 23.11410068814197416 ) ) ;
#2304 = ORIENTED_EDGE ( 'NONE', *, *, #1198, .F. ) ;
#2305 = CARTESIAN_POINT ( 'NONE',  ( -21.64291629799724959, 159.7377916885281195, 28.21330070171235604 ) ) ;
#2306 = CARTESIAN_POINT ( 'NONE',  ( -19.62928274539448381, 161.2401331639427156, 28.97371034764455899 ) ) ;
#2307 = CARTESIAN_POINT ( 'NONE',  ( 20.45407802327044067, 141.6700240700307063, 18.80006601179795567 ) ) ;
#2308 = FACE_BOUND ( 'NONE', #6573, .T. ) ;
#2309 = CARTESIAN_POINT ( 'NONE',  ( 17.42865085491618515, 128.5297442680549693, 6.553842106068880291 ) ) ;
#2310 = CARTESIAN_POINT ( 'NONE',  ( -2.101920366709431498, 137.4491211399684687, 12.55308799577471568 ) ) ;
#2311 = CARTESIAN_POINT ( 'NONE',  ( 11.81735580190668777, 168.7986047475876319, 37.94656001443534166 ) ) ;
#2312 = CARTESIAN_POINT ( 'NONE',  ( -11.18143051503408891, 140.8202124532753032, 14.99317367537064705 ) ) ;
#2313 = CARTESIAN_POINT ( 'NONE',  ( 8.046902852579620458, 137.9766746021986989, 12.92090227781381095 ) ) ;
#2314 = CARTESIAN_POINT ( 'NONE',  ( 21.24711866019571715, 128.5044063248028579, 6.599336488871676565 ) ) ;
#2315 = ORIENTED_EDGE ( 'NONE', *, *, #1724, .F. ) ;
#2316 = CARTESIAN_POINT ( 'NONE',  ( -11.52183159104682275, 132.9543352465901762, 9.358162740067305307 ) ) ;
#2317 = CARTESIAN_POINT ( 'NONE',  ( 14.97394630279735672, 165.3825402821834132, 32.17118380602634176 ) ) ;
#2318 = EDGE_CURVE ( 'NONE', #4075, #6746, #5091, .T. ) ;
#2319 = CARTESIAN_POINT ( 'NONE',  ( 22.23115822044644929, 146.1063442984261087, 18.74797446433345982 ) ) ;
#2320 = FACE_OUTER_BOUND ( 'NONE', #3382, .T. ) ;
#2321 = CARTESIAN_POINT ( 'NONE',  ( -17.81047461927398601, 167.2101436034074879, 33.25422404997838299 ) ) ;
#2322 = FACE_BOUND ( 'NONE', #3987, .T. ) ;
#2323 = CARTESIAN_POINT ( 'NONE',  ( -21.24349221301126178, 151.0031545098207175, 22.12001360898113589 ) ) ;
#2324 = CARTESIAN_POINT ( 'NONE',  ( 8.033491982191478087, 145.6867952208650934, 18.38717713021861755 ) ) ;
#2325 = CARTESIAN_POINT ( 'NONE',  ( 27.67962655991636467, 131.1966392340548566, 8.330271527845434676 ) ) ;
#2326 = CARTESIAN_POINT ( 'NONE',  ( -0.6300619063861347957, 137.3213243560115586, 12.44380178840185813 ) ) ;
#2327 = CARTESIAN_POINT ( 'NONE',  ( 15.02825249521131923, 166.0740716020734453, 32.64809851677788544 ) ) ;
#2328 = EDGE_CURVE ( 'NONE', #5279, #2067, #985, .T. ) ;
#2329 = CARTESIAN_POINT ( 'NONE',  ( 10.55925891787157589, 129.9358836752869308, 9.281922549808502509 ) ) ;
#2330 = ADVANCED_FACE ( 'NONE', ( #2593 ), #4021, .F. ) ;
#2331 = CARTESIAN_POINT ( 'NONE',  ( 12.44791918542850873, 129.7515017046504511, 10.37759902442855520 ) ) ;
#2332 = CARTESIAN_POINT ( 'NONE',  ( 11.49577459302691196, 166.0702655025284571, 32.64479568920034325 ) ) ;
#2333 = CARTESIAN_POINT ( 'NONE',  ( -15.33923687775931199, 135.2970009017760731, 11.14661408650652419 ) ) ;
#2334 = CARTESIAN_POINT ( 'NONE',  ( 17.41980779934113244, 133.6764215856400142, 10.06420545422126445 ) ) ;
#2335 = CARTESIAN_POINT ( 'NONE',  ( 27.55131554257162207, 138.3167081731259884, 13.24725602784050693 ) ) ;
#2336 = EDGE_LOOP ( 'NONE', ( #165, #5034, #6145, #1529 ) ) ;
#2337 = CARTESIAN_POINT ( 'NONE',  ( 13.15611654011638265, 169.1449380703648728, 36.96817102925376730 ) ) ;
#2338 = CARTESIAN_POINT ( 'NONE',  ( -18.65685284371730290, 154.9874534802692381, 24.55983921720993735 ) ) ;
#2339 = LINE ( 'NONE', #3343, #6231 ) ;
#2340 = ORIENTED_EDGE ( 'NONE', *, *, #5830, .T. ) ;
#2341 = CARTESIAN_POINT ( 'NONE',  ( -14.48436149105173598, 128.4947652286873563, 6.524849449334485740 ) ) ;
#2342 = CARTESIAN_POINT ( 'NONE',  ( 15.00509863733040206, 130.8812368280943303, 9.953447521762846861 ) ) ;
#2343 = AXIS2_PLACEMENT_3D ( 'NONE', #4778, #1987, #1880 ) ;
#2344 = PLANE ( 'NONE',  #190 ) ;
#2345 = CARTESIAN_POINT ( 'NONE',  ( 11.53945206092072517, 140.8398063721688231, 15.02137377527110118 ) ) ;
#2346 = CARTESIAN_POINT ( 'NONE',  ( -11.92881803243410133, 128.0187867034959766, 5.998751681300068306 ) ) ;
#2347 = EDGE_LOOP ( 'NONE', ( #981, #5023, #213, #3677, #5244, #1981 ) ) ;
#2348 = VECTOR ( 'NONE', #1054, 1000.000000000000227 ) ;
#2349 = CARTESIAN_POINT ( 'NONE',  ( -11.72335222022717183, 133.0927057372284139, 9.463122312175048734 ) ) ;
#2350 = CARTESIAN_POINT ( 'NONE',  ( 16.17733485194323251, 166.3694447657155138, 32.86799344731005590 ) ) ;
#2351 = CARTESIAN_POINT ( 'NONE',  ( 22.45825649980739769, 140.3284308681125196, 14.67914896850656525 ) ) ;
#2352 = FACE_OUTER_BOUND ( 'NONE', #2336, .T. ) ;
#2353 = CARTESIAN_POINT ( 'NONE',  ( 13.09990049374564158, 147.3627057098168507, 19.60363832174617471 ) ) ;
#2354 = CARTESIAN_POINT ( 'NONE',  ( -17.96756883142186823, 167.0854627458534765, 33.17456141846665219 ) ) ;
#2355 = CARTESIAN_POINT ( 'NONE',  ( 1.675085424739184203, 151.7655047316874288, 22.67123603846504665 ) ) ;
#2356 = CARTESIAN_POINT ( 'NONE',  ( -10.68138943003643249, 148.2954588567653786, 20.31401624082759838 ) ) ;
#2357 = CARTESIAN_POINT ( 'NONE',  ( 14.58063849390196509, 131.2198161473644120, 8.264942345944048085 ) ) ;
#2358 = CARTESIAN_POINT ( 'NONE',  ( 1.668234037791045177, 134.5397884486433213, 10.42648841317754460 ) ) ;
#2359 = CARTESIAN_POINT ( 'NONE',  ( -20.60954682700487695, 161.7405415543246647, 29.67808143585845571 ) ) ;
#2360 = AXIS2_PLACEMENT_3D ( 'NONE', #361, #6867, #435 ) ;
#2361 = DIRECTION ( 'NONE',  ( 0.0001635243220480100197, 0.5738412646324202449, -0.8189665293922949729 ) ) ;
#2362 = CARTESIAN_POINT ( 'NONE',  ( 21.06009078238416521, 168.1897227483430299, 33.54769986884761579 ) ) ;
#2363 = APPLICATION_PROTOCOL_DEFINITION ( 'draft international standard', 'automotive_design', 1998, #4970 ) ;
#2364 = CARTESIAN_POINT ( 'NONE',  ( -21.90603080246283696, 156.7488966062612974, 26.14982487891465013 ) ) ;
#2365 = CARTESIAN_POINT ( 'NONE',  ( -14.49320551361256193, 133.6572630647521294, 10.01269283908862207 ) ) ;
#2366 = EDGE_CURVE ( 'NONE', #2102, #2044, #3368, .T. ) ;
#2367 = CARTESIAN_POINT ( 'NONE',  ( 33.19392171744928532, 133.0386762777542344, 9.601693029854112993 ) ) ;
#2368 = B_SPLINE_CURVE_WITH_KNOTS ( 'NONE', 3,
 ( #4939, #3, #1087, #1755, #3932, #6122, #511, #4869, #2726, #6022, #585, #1852, #1221, #170, #5179, #6751, #3526, #2386, #2353, #3488, #3967, #4633, #6217, #2418, #5719, #3998, #818, #5144, #4537, #1789, #4032, #6250, #6158, #6721 ),
 .UNSPECIFIED., .F., .F.,
 ( 4, 2, 2, 2, 2, 2, 2, 2, 2, 2, 2, 2, 2, 2, 2, 2, 4 ),
 ( 3.469446951953614189E-18, 0.0005080564113400736588, 0.001016112822680143848, 0.001524169234020213929, 0.002032225645360284227, 0.002540282056700354524, 0.003048338468040424389, 0.003556394879380494686, 0.004064451290720564984, 0.004572507702060635282, 0.005080564113400705580, 0.005588620524740775877, 0.006096676936080845308, 0.006604733347420915605, 0.007112789758760985903, 0.007620846170101056201, 0.008128902581441126499 ),
 .UNSPECIFIED. ) ;
#2369 = ORIENTED_EDGE ( 'NONE', *, *, #5396, .F. ) ;
#2370 = CYLINDRICAL_SURFACE ( 'NONE', #6103, 14.75000000032856207 ) ;
#2371 = CARTESIAN_POINT ( 'NONE',  ( -17.95053487524574365, 129.4505811837687475, 7.575612790200553448 ) ) ;
#2372 = VECTOR ( 'NONE', #1392, 999.9999999999998863 ) ;
#2373 = CARTESIAN_POINT ( 'NONE',  ( -8.586211131287614151, 141.2104136857812762, 15.28594352552314994 ) ) ;
#2374 = CARTESIAN_POINT ( 'NONE',  ( 15.65809683983853517, 131.0651840762546101, 10.08391994390556690 ) ) ;
#2375 = CARTESIAN_POINT ( 'NONE',  ( 15.09314472916149441, 128.5984366947234605, 6.450295137126832223 ) ) ;
#2376 = CARTESIAN_POINT ( 'NONE',  ( -3.570385976357367319, 136.2522085938740020, 11.70445025557804897 ) ) ;
#2377 = CARTESIAN_POINT ( 'NONE',  ( 21.54501508394976739, 164.6766926359129570, 23.77294447290170964 ) ) ;
#2378 = CARTESIAN_POINT ( 'NONE',  ( 19.64152008616926537, 143.7310602465911700, 17.09319402173750646 ) ) ;
#2379 = CARTESIAN_POINT ( 'NONE',  ( -21.85617164881393037, 127.3877848709683320, 6.872452975238807937 ) ) ;
#2380 = B_SPLINE_CURVE_WITH_KNOTS ( 'NONE', 3,
 ( #6258, #2998, #1353, #6294, #1389, #2839, #2267, #6070, #3566, #6598, #5763, #2229, #5028, #6102 ),
 .UNSPECIFIED., .F., .F.,
 ( 4, 2, 2, 2, 2, 2, 4 ),
 ( 0.0000000000000000000, 0.2500000000000304756, 0.3750000000000461853, 0.5000000000000613953, 0.7500000000000582867, 0.8750000000000327516, 1.000000000000000000 ),
 .UNSPECIFIED. ) ;
#2381 = VERTEX_POINT ( 'NONE', #6006 ) ;
#2382 = DIRECTION ( 'NONE',  ( 0.0001635243220480100468, 0.5738412646324205779, -0.8189665293922949729 ) ) ;
#2383 = CARTESIAN_POINT ( 'NONE',  ( 15.85513582156877810, 166.4312196481425303, 32.29974810262530127 ) ) ;
#2384 = CARTESIAN_POINT ( 'NONE',  ( -9.040190822624905920, 141.1092645556376510, 15.21199320317987436 ) ) ;
#2385 = CARTESIAN_POINT ( 'NONE',  ( -11.23987354161306307, 174.5509197260445262, 38.61808522910983754 ) ) ;
#2386 = CARTESIAN_POINT ( 'NONE',  ( 13.08299741612198552, 147.2214317863185613, 19.50510095182219317 ) ) ;
#2387 = CARTESIAN_POINT ( 'NONE',  ( -17.97918588528421324, 173.7358065301333738, 37.79297307388065974 ) ) ;
#2388 = CARTESIAN_POINT ( 'NONE',  ( -14.01810045585529352, 151.7187288235521407, 22.69907792461114937 ) ) ;
#2389 = CARTESIAN_POINT ( 'NONE',  ( -21.23421458954035757, 145.6516347979731734, 18.36497316986412898 ) ) ;
#2390 = CARTESIAN_POINT ( 'NONE',  ( -22.51299195557623634, 129.9267127419491317, 8.450324544383825298 ) ) ;
#2391 = ORIENTED_EDGE ( 'NONE', *, *, #4207, .T. ) ;
#2392 = CARTESIAN_POINT ( 'NONE',  ( -0.7997119143941414654, 137.3204077009254434, 12.44510005930060359 ) ) ;
#2393 = CARTESIAN_POINT ( 'NONE',  ( 13.35016259434990182, 161.8207465518457013, 29.64774922890195441 ) ) ;
#2394 = CARTESIAN_POINT ( 'NONE',  ( -2.208721410821955278, 157.1858051328938188, 25.23519632986147343 ) ) ;
#2395 = CARTESIAN_POINT ( 'NONE',  ( 15.65735259474939411, 130.4884050512262661, 10.90081981683234424 ) ) ;
#2396 = CARTESIAN_POINT ( 'NONE',  ( -13.43093718930127167, 156.7188811353979929, 26.21347343613819447 ) ) ;
#2397 = CARTESIAN_POINT ( 'NONE',  ( 21.23544138237549816, 135.3393272446664923, 11.17665643271875631 ) ) ;
#2398 = CARTESIAN_POINT ( 'NONE',  ( -20.55683350852157787, 130.9994761770268497, 8.845630556808647071 ) ) ;
#2399 = ADVANCED_FACE ( 'NONE', ( #1603 ), #2777, .F. ) ;
#2400 = ADVANCED_FACE ( 'NONE', ( #1527 ), #2743, .F. ) ;
#2401 = EDGE_LOOP ( 'NONE', ( #4178, #3390, #2032, #5973 ) ) ;
#2402 = CARTESIAN_POINT ( 'NONE',  ( -3.002805407603159615, 171.7152593405319578, 38.76824622410072863 ) ) ;
#2403 = CARTESIAN_POINT ( 'NONE',  ( 19.66451938126371601, 130.4085069877642695, 7.868631457843084043 ) ) ;
#2404 = CARTESIAN_POINT ( 'NONE',  ( -8.215158264885168649, 136.6150056701164601, 11.98516654819664140 ) ) ;
#2405 = EDGE_CURVE ( 'NONE', #6875, #4315, #1133, .T. ) ;
#2406 = CARTESIAN_POINT ( 'NONE',  ( -18.45619950862021597, 153.8225306074822356, 24.13336821820245959 ) ) ;
#2407 = CARTESIAN_POINT ( 'NONE',  ( 24.92542498910643545, 128.5254538977846153, 6.578456689310923977 ) ) ;
#2408 = CARTESIAN_POINT ( 'NONE',  ( 1.385756169271721960, 128.1650461048732552, 9.247390408712568899 ) ) ;
#2409 = CARTESIAN_POINT ( 'NONE',  ( 29.94083334819003284, 162.2676526391086611, 29.39523962938508106 ) ) ;
#2410 = CARTESIAN_POINT ( 'NONE',  ( 1.689000174622980133, 143.7657981422200066, 16.99942620315120223 ) ) ;
#2411 = CARTESIAN_POINT ( 'NONE',  ( -8.030825602482426717, 128.0949690198679320, 5.899931840549682782 ) ) ;
#2412 = ORIENTED_EDGE ( 'NONE', *, *, #3576, .F. ) ;
#2413 = DIRECTION ( 'NONE',  ( 0.0000000000000000000, 0.8189665403419625900, 0.5738412723047346953 ) ) ;
#2414 = CARTESIAN_POINT ( 'NONE',  ( 15.85407966419523262, 166.1437447191266585, 32.70848940299071472 ) ) ;
#2415 = CARTESIAN_POINT ( 'NONE',  ( 23.63590238133342325, 141.1742298699133187, 15.27075900052085267 ) ) ;
#2416 = DIRECTION ( 'NONE',  ( -0.0007442459860544277123, -0.5767790251485576114, 0.8168998728403572551 ) ) ;
#2417 = CARTESIAN_POINT ( 'NONE',  ( -21.93685460225923123, 174.5566315443166161, 38.58354686876023010 ) ) ;
#2418 = CARTESIAN_POINT ( 'NONE',  ( 13.61532030136626048, 148.3822511647228453, 20.31718442861633989 ) ) ;
#2419 = CARTESIAN_POINT ( 'NONE',  ( -4.168047228368589430, 170.4250753291531737, 35.49774297270448642 ) ) ;
#2420 = CARTESIAN_POINT ( 'NONE',  ( 21.20695039466775000, 151.7744537979198753, 22.70671594243941982 ) ) ;
#2421 = CARTESIAN_POINT ( 'NONE',  ( -8.061401557895026215, 145.6275710815367290, 18.43174693779481288 ) ) ;
#2422 = CARTESIAN_POINT ( 'NONE',  ( -17.95181168219728463, 130.2052644177570926, 8.065076203078586303 ) ) ;
#2423 = B_SPLINE_SURFACE_WITH_KNOTS ( 'NONE', 1, 3, ( 
 ( #4247, #276, #1111, #1038, #4361, #2748, #3283, #3709, #27, #3784, #6467, #3248, #5366, #6541, #2243, #1000, #575, #4898 ),
 ( #7003, #4285, #4930, #7042, #1608, #5441, #5479, #2098, #3173, #537, #2637, #5900, #465, #6046, #2171, #7081, #2206, #3820 ) ),
 .UNSPECIFIED., .F., .F., .F.,
 ( 2, 2 ),
 ( 4, 2, 2, 2, 2, 2, 2, 2, 4 ),
 ( 0.0000000000000000000, 1.000000000000000000 ),
 ( 0.0000000000000000000, 0.2500000000000006661, 0.5000000000000006661, 0.6250000000000043299, 0.7500000000000042188, 0.8125000000000176525, 0.8749999999999978906, 0.9374999999999970024, 1.000000000000000000 ),
 .UNSPECIFIED. ) ;
#2424 = ORIENTED_EDGE ( 'NONE', *, *, #4555, .T. ) ;
#2425 = CARTESIAN_POINT ( 'NONE',  ( 31.20248504091279784, 156.5210738764254188, 28.07142688532137598 ) ) ;
#2426 = CARTESIAN_POINT ( 'NONE',  ( -14.54187167100691269, 161.7321432242930825, 29.70501551990217948 ) ) ;
#2427 = CARTESIAN_POINT ( 'NONE',  ( -10.34648197968590821, 141.4559172937928793, 16.72341559929336441 ) ) ;
#2428 = CARTESIAN_POINT ( 'NONE',  ( 17.55460698919957352, 132.5747608157992090, 11.15149713090923633 ) ) ;
#2429 = CARTESIAN_POINT ( 'NONE',  ( 30.18313884787697177, 159.2040641010394211, 29.96484601017768767 ) ) ;
#2430 = CARTESIAN_POINT ( 'NONE',  ( -13.01342755254703576, 161.7316071859835631, 29.70955184304557761 ) ) ;
#2431 = CARTESIAN_POINT ( 'NONE',  ( -21.86601891731698899, 133.3847047808062314, 10.38246867828693176 ) ) ;
#2432 = CARTESIAN_POINT ( 'NONE',  ( 18.08072860898874978, 133.0072554738356132, 9.609109297199353250 ) ) ;
#2433 = VERTEX_POINT ( 'NONE', #4458 ) ;
#2434 = CARTESIAN_POINT ( 'NONE',  ( 31.20005545506658962, 157.7441716263346336, 30.15914335584156092 ) ) ;
#2435 = CARTESIAN_POINT ( 'NONE',  ( -16.31673474737891993, 130.2942002123248812, 7.942515740092803256 ) ) ;
#2436 = CARTESIAN_POINT ( 'NONE',  ( 11.54448254367357940, 137.9498920848794228, 12.96766078043087944 ) ) ;
#2437 = CARTESIAN_POINT ( 'NONE',  ( 13.77352188859756943, 157.2252703711601498, 26.46153671958898101 ) ) ;
#2438 =( BOUNDED_CURVE ( )  B_SPLINE_CURVE ( 3, ( #6566, #602, #1065, #4955 ),
 .UNSPECIFIED., .F., .T. ) 
 B_SPLINE_CURVE_WITH_KNOTS ( ( 4, 4 ),
 ( 6.122896545734481499, 9.264489199324273727 ),
 .UNSPECIFIED. ) 
 CURVE ( )  GEOMETRIC_REPRESENTATION_ITEM ( )  RATIONAL_B_SPLINE_CURVE ( ( 1.000000000000000000, 0.3333333333333337034, 0.3333333333333337034, 1.000000000000000000 ) ) 
 REPRESENTATION_ITEM ( '' )  );
#2439 = DIRECTION ( 'NONE',  ( 0.0000000000000000000, -0.8169000990817233410, -0.5767791848881776984 ) ) ;
#2440 = CARTESIAN_POINT ( 'NONE',  ( -16.31249558284366685, 127.8114224798366507, 6.283105371951203111 ) ) ;
#2441 = CARTESIAN_POINT ( 'NONE',  ( 6.679558172747068312, 128.6657314267992831, 9.605726463901691048 ) ) ;
#2442 = DIRECTION ( 'NONE',  ( 0.0007442450897966424936, 0.5767790250263773455, -0.8168998729274401516 ) ) ;
#2443 = CARTESIAN_POINT ( 'NONE',  ( -15.00697703454663134, 137.9281687554666291, 12.93303522322542065 ) ) ;
#2444 = CARTESIAN_POINT ( 'NONE',  ( 8.064069187229311098, 128.1337484740380148, 5.884464331979893714 ) ) ;
#2445 = EDGE_CURVE ( 'NONE', #1550, #2433, #5615, .T. ) ;
#2446 = EDGE_CURVE ( 'NONE', #6279, #960, #5193, .T. ) ;
#2447 = ORIENTED_EDGE ( 'NONE', *, *, #2191, .T. ) ;
#2448 = CARTESIAN_POINT ( 'NONE',  ( 15.85271500357799113, 149.2086582069837277, 20.90600157850341390 ) ) ;
#2449 = DIRECTION ( 'NONE',  ( 0.0000000000000000000, 0.8169000990817273378, 0.5767791848881718142 ) ) ;
#2450 = CARTESIAN_POINT ( 'NONE',  ( 22.90078097857476536, 145.7658131526845580, 18.50697320330825235 ) ) ;
#2451 = CARTESIAN_POINT ( 'NONE',  ( -21.73680203222993867, 161.5279519384917819, 29.50660333598823826 ) ) ;
#2452 = CARTESIAN_POINT ( 'NONE',  ( -22.58204825657514547, 170.2856223547846639, 35.61092026147799317 ) ) ;
#2453 = CARTESIAN_POINT ( 'NONE',  ( -19.58141984455463813, 162.1970288880816895, 29.74818200501637122 ) ) ;
#2454 = CARTESIAN_POINT ( 'NONE',  ( 15.86540363558409616, 167.3581317046798915, 25.65066667088400010 ) ) ;
#2455 = CARTESIAN_POINT ( 'NONE',  ( -20.59091434821336009, 151.0006252526948174, 22.12522494632049330 ) ) ;
#2456 = CARTESIAN_POINT ( 'NONE',  ( 8.028853129452832249, 148.3632259156684086, 20.26374243393916430 ) ) ;
#2457 = CARTESIAN_POINT ( 'NONE',  ( 19.66324280349708076, 131.1594406064677116, 8.363432317804786464 ) ) ;
#2458 = VECTOR ( 'NONE', #1709, 1000.000000000000114 ) ;
#2459 = FACE_OUTER_BOUND ( 'NONE', #3817, .T. ) ;
#2460 = CARTESIAN_POINT ( 'NONE',  ( 24.25874264279472570, 153.9054556129125615, 24.18914520150056902 ) ) ;
#2461 = CARTESIAN_POINT ( 'NONE',  ( -19.43006034645031121, 152.1052462149960434, 26.13160555707258581 ) ) ;
#2462 = CARTESIAN_POINT ( 'NONE',  ( 23.90032219344722009, 154.5147310004642236, 24.00604381532244602 ) ) ;
#2463 = CARTESIAN_POINT ( 'NONE',  ( 22.57779859932326971, 167.8747131556042120, 33.93854428641314769 ) ) ;
#2464 = CARTESIAN_POINT ( 'NONE',  ( -1.681688344258006618, 150.1272009375103380, 21.55857102707235740 ) ) ;
#2465 = CARTESIAN_POINT ( 'NONE',  ( -22.56728014588983910, 161.7436218229094607, 29.66886369745880359 ) ) ;
#2466 = CARTESIAN_POINT ( 'NONE',  ( 19.65892573774505081, 133.6860667722716016, 10.05600360929878612 ) ) ;
#2467 = CARTESIAN_POINT ( 'NONE',  ( -12.96217681296944768, 132.2181582468518855, 8.892676900782021221 ) ) ;
#2468 = CARTESIAN_POINT ( 'NONE',  ( -2.207434373828772944, 160.6522512485537391, 26.74831071094839174 ) ) ;
#2469 = VERTEX_POINT ( 'NONE', #2468 ) ;
#2470 = DIRECTION ( 'NONE',  ( -0.0001635243220479844868, -0.5738412646324201338, 0.8189665293922950839 ) ) ;
#2471 = CIRCLE ( 'NONE', #426, 1.099999999999981437 ) ;
#2472 = CARTESIAN_POINT ( 'NONE',  ( -17.30265952056272738, 130.2414606948991320, 8.015154636604016503 ) ) ;
#2473 = CARTESIAN_POINT ( 'NONE',  ( -17.96307703426850821, 136.9127135963920523, 12.31034538444011872 ) ) ;
#2474 = FACE_OUTER_BOUND ( 'NONE', #3192, .T. ) ;
#2475 = FACE_OUTER_BOUND ( 'NONE', #2983, .T. ) ;
#2476 = CARTESIAN_POINT ( 'NONE',  ( 26.20591881512694954, 136.6944769911299318, 13.39486211446233987 ) ) ;
#2477 = CARTESIAN_POINT ( 'NONE',  ( 15.00435439224029821, 130.3044578031001777, 10.77034739467063140 ) ) ;
#2478 = B_SPLINE_CURVE_WITH_KNOTS ( 'NONE', 3,
 ( #6193, #5151, #247, #2425, #4605, #4069, #6255, #3363, #5559, #281, #6363, #4254, #2996, #2565, #6899, #3138, #1927, #6290, #6935, #1961, #3602, #4788, #5257, #4140, #2603, #4712 ),
 .UNSPECIFIED., .F., .F.,
 ( 4, 2, 2, 2, 2, 2, 2, 2, 2, 2, 2, 2, 4 ),
 ( 0.0000000000000000000, 0.2499999999999592548, 0.3749999999997473132, 0.4374999999999131806, 0.4999999999999220068, 0.5624999999999320544, 0.6249999999999453770, 0.6874999999997903899, 0.7499999999999610312, 0.8124999999999694689, 0.8749999999999800160, 0.9375000000000124345, 0.9997140244714315394 ),
 .UNSPECIFIED. ) ;
#2479 = CARTESIAN_POINT ( 'NONE',  ( 30.20425434860240443, 153.6105883616328072, 23.28308658684422738 ) ) ;
#2480 = CARTESIAN_POINT ( 'NONE',  ( 24.90923611942045213, 137.9557516004312561, 12.99231371807274549 ) ) ;
#2481 = CIRCLE ( 'NONE', #6602, 1.099999999999979217 ) ;
#2482 = CARTESIAN_POINT ( 'NONE',  ( 19.66875882907232409, 127.9210947179942934, 6.215818192502331030 ) ) ;
#2483 = VERTEX_POINT ( 'NONE', #157 ) ;
#2484 = CARTESIAN_POINT ( 'NONE',  ( 17.75247570867033176, 145.7731674635695924, 18.51919797186430827 ) ) ;
#2485 = CARTESIAN_POINT ( 'NONE',  ( 29.99009270663336579, 138.9680400456949201, 15.67685517372123094 ) ) ;
#2486 = CARTESIAN_POINT ( 'NONE',  ( -11.32042877694063776, 131.8529596908618657, 10.61555647624978782 ) ) ;
#2487 = FACE_OUTER_BOUND ( 'NONE', #2211, .T. ) ;
#2488 = CARTESIAN_POINT ( 'NONE',  ( -12.00207794793132621, 170.2788522241711178, 35.64667622644210354 ) ) ;
#2489 =( NAMED_UNIT ( * ) SI_UNIT ( $, .STERADIAN. ) SOLID_ANGLE_UNIT ( ) );
#2490 = EDGE_CURVE ( 'NONE', #2717, #5876, #5885, .T. ) ;
#2491 = CARTESIAN_POINT ( 'NONE',  ( -21.88814578729612492, 153.8345085777440033, 23.85827879416057584 ) ) ;
#2492 = CARTESIAN_POINT ( 'NONE',  ( 27.64991577017910984, 148.3637711028338231, 20.31140517005269785 ) ) ;
#2493 = CARTESIAN_POINT ( 'NONE',  ( 4.862920501942657125, 143.7698039037024671, 17.00155964284130761 ) ) ;
#2494 = CARTESIAN_POINT ( 'NONE',  ( 31.35921037093747898, 130.4502907216551932, 7.838024617426192719 ) ) ;
#2495 = ORIENTED_EDGE ( 'NONE', *, *, #1874, .F. ) ;
#2496 = CARTESIAN_POINT ( 'NONE',  ( 21.54501508394973897, 159.3534101236901961, 20.04297620292091864 ) ) ;
#2497 = CARTESIAN_POINT ( 'NONE',  ( 12.15870221005246243, 169.4945195269448561, 35.06616524469532692 ) ) ;
#2498 = CARTESIAN_POINT ( 'NONE',  ( 22.86255797155678948, 154.3345976005290368, 23.88084817295428763 ) ) ;
#2499 = CARTESIAN_POINT ( 'NONE',  ( 18.01745862369495654, 145.7661187381155798, 18.51465383208262594 ) ) ;
#2500 = CARTESIAN_POINT ( 'NONE',  ( 24.90557664770330248, 135.6396924573584215, 13.32221506811462142 ) ) ;
#2501 = CARTESIAN_POINT ( 'NONE',  ( -10.29461880930548112, 181.6490650079269642, -40.20267884090063859 ) ) ;
#2502 = CARTESIAN_POINT ( 'NONE',  ( -3.267404218851817532, 135.8777678626362331, 11.43061834727712878 ) ) ;
#2503 = CARTESIAN_POINT ( 'NONE',  ( -21.91470237117975017, 161.7425664611025695, 29.67197699602003169 ) ) ;
#2504 = CARTESIAN_POINT ( 'NONE',  ( 17.41980779934113244, 133.6764215856400142, 10.06420545422126445 ) ) ;
#2505 = CARTESIAN_POINT ( 'NONE',  ( -21.86342560603787533, 131.8033222908797484, 9.461206771675140459 ) ) ;
#2506 = DIRECTION ( 'NONE',  ( 0.0000000000000000000, 0.8189665403419613687, 0.5738412723047364716 ) ) ;
#2507 = VERTEX_POINT ( 'NONE', #1939 ) ;
#2508 = CARTESIAN_POINT ( 'NONE',  ( 26.62495893704052108, 165.7278256511862082, 35.79190122992191903 ) ) ;
#2509 = CARTESIAN_POINT ( 'NONE',  ( -20.55398872718860659, 129.2817960086217397, 7.809445414555804987 ) ) ;
#2510 = CARTESIAN_POINT ( 'NONE',  ( 13.39148859473538877, 137.9369328922509226, 12.99066746853727494 ) ) ;
#2511 = DIRECTION ( 'NONE',  ( 0.0007442459860544280376, 0.5767790251485573894, -0.8168998728403574772 ) ) ;
#2512 = CARTESIAN_POINT ( 'NONE',  ( 25.28006422603455761, 178.8560900846432560, -42.14227155126864943 ) ) ;
#2513 = CARTESIAN_POINT ( 'NONE',  ( 11.56164863182148750, 128.1109988868234950, 5.925482098710189049 ) ) ;
#2514 = CARTESIAN_POINT ( 'NONE',  ( 7.332205995820407551, 128.7667425753348027, 9.677640836333154084 ) ) ;
#2515 = CARTESIAN_POINT ( 'NONE',  ( 30.20417787551863498, 156.0044227645951196, 24.97327342841136044 ) ) ;
#2516 = CARTESIAN_POINT ( 'NONE',  ( -13.82279045265876860, 136.9656865866416240, 12.24516136450515269 ) ) ;
#2517 = ORIENTED_EDGE ( 'NONE', *, *, #3585, .F. ) ;
#2518 = CARTESIAN_POINT ( 'NONE',  ( 18.20064485794242870, 146.5205653064328715, 19.04189726110132597 ) ) ;
#2519 = CARTESIAN_POINT ( 'NONE',  ( 21.30192232885680781, 168.1980158619332997, 33.55388129943012387 ) ) ;
#2520 = CARTESIAN_POINT ( 'NONE',  ( -8.313789216843940011, 130.5057405807119153, 9.667080324161123173 ) ) ;
#2521 = CARTESIAN_POINT ( 'NONE',  ( 27.53218143665269579, 136.2014147328156355, 13.72121680002949518 ) ) ;
#2522 = CARTESIAN_POINT ( 'NONE',  ( -8.104081154783633778, 170.2836498036950275, 35.64947007845093196 ) ) ;
#2523 = DIRECTION ( 'NONE',  ( -0.0007442450896875675266, -0.5767790250261839446, 0.8168998729275768200 ) ) ;
#2524 = FACE_OUTER_BOUND ( 'NONE', #5312, .T. ) ;
#2525 = CARTESIAN_POINT ( 'NONE',  ( -11.96403708334900706, 148.2972338447233653, 20.30832311725386319 ) ) ;
#2526 = CARTESIAN_POINT ( 'NONE',  ( 8.756359764944082968, 143.7528261562622731, 17.03533866171197531 ) ) ;
#2527 = CARTESIAN_POINT ( 'NONE',  ( -13.38407765480057421, 129.6954874319982309, 7.238270568294624674 ) ) ;
#2528 = CARTESIAN_POINT ( 'NONE',  ( 0.02733679758475549351, 130.5588690528837787, 7.560704407138810090 ) ) ;
#2529 = CARTESIAN_POINT ( 'NONE',  ( -18.75137353418275765, 154.2386237341124797, 24.17808722132394550 ) ) ;
#2530 = CARTESIAN_POINT ( 'NONE',  ( 29.04641704528037494, 156.8660419555542944, 26.24700273105853299 ) ) ;
#2531 = CARTESIAN_POINT ( 'NONE',  ( -17.87554692727117001, 166.9097829477977086, 36.58588947202822794 ) ) ;
#2532 = CARTESIAN_POINT ( 'NONE',  ( 29.99137304031742701, 141.9862137502445023, 17.80786326570845901 ) ) ;
#2533 = CARTESIAN_POINT ( 'NONE',  ( -15.96874848400614511, 140.7873429377083880, 16.91951800187962363 ) ) ;
#2534 = DIRECTION ( 'NONE',  ( 0.0000000000000000000, 0.8169000990817237851, 0.5767791848881772543 ) ) ;
#2535 = CARTESIAN_POINT ( 'NONE',  ( 17.37981091053343263, 156.7952635236966046, 26.18080869528760601 ) ) ;
#2536 = CARTESIAN_POINT ( 'NONE',  ( -11.93606011638678410, 132.2400696505346218, 8.864019970822505812 ) ) ;
#2537 = CARTESIAN_POINT ( 'NONE',  ( -11.93462140533281612, 131.4029468566072580, 8.292589898508174073 ) ) ;
#2538 = ADVANCED_FACE ( 'NONE', ( #2810 ), #6796, .T. ) ;
#2539 = EDGE_CURVE ( 'NONE', #4574, #3440, #5563, .T. ) ;
#2540 = CARTESIAN_POINT ( 'NONE',  ( -5.809702797575283739, 171.9242648955385278, 38.91325910091270401 ) ) ;
#2541 = ORIENTED_EDGE ( 'NONE', *, *, #1876, .T. ) ;
#2542 = DIRECTION ( 'NONE',  ( 0.0000000000000000000, -0.8169000990817190111, -0.5767791848881836936 ) ) ;
#2543 = CARTESIAN_POINT ( 'NONE',  ( 29.95671704710974836, 162.2294508902876373, 29.38326308185433788 ) ) ;
#2544 = CARTESIAN_POINT ( 'NONE',  ( 8.702948958639884935, 174.5651921482953526, 38.64700205813365130 ) ) ;
#2545 = CARTESIAN_POINT ( 'NONE',  ( 8.048583645395629205, 137.0135357087099806, 12.23104397520124920 ) ) ;
#2546 = VECTOR ( 'NONE', #4922, 1000.000000000000227 ) ;
#2547 = CARTESIAN_POINT ( 'NONE',  ( 13.74968249458591707, 164.6641362068360195, 31.66364017496350058 ) ) ;
#2548 = CARTESIAN_POINT ( 'NONE',  ( 27.68514276326191137, 127.9553849070473319, 6.186797463747367942 ) ) ;
#2549 = ORIENTED_EDGE ( 'NONE', *, *, #2110, .F. ) ;
#2550 = CARTESIAN_POINT ( 'NONE',  ( -12.45512484342730275, 133.6103947150973568, 9.861417739097301904 ) ) ;
#2551 = CARTESIAN_POINT ( 'NONE',  ( 28.98606429515022143, 164.5363384590866929, 30.99619447893237734 ) ) ;
#2552 = CARTESIAN_POINT ( 'NONE',  ( -9.355666501073015340, 137.9345110819043043, 12.93795861199162367 ) ) ;
#2553 = VERTEX_POINT ( 'NONE', #1396 ) ;
#2554 = CARTESIAN_POINT ( 'NONE',  ( 17.74998472645807013, 148.3728674573626165, 20.33242322844301953 ) ) ;
#2555 = CARTESIAN_POINT ( 'NONE',  ( 30.93314757651426206, 141.5913551925863203, 17.52992807393667007 ) ) ;
#2556 = CARTESIAN_POINT ( 'NONE',  ( -9.772974306004071465, 131.0350086161770378, 10.03944506580315910 ) ) ;
#2557 = CARTESIAN_POINT ( 'NONE',  ( -5.574107926018125880, 145.3440959047921126, 20.45235691801025268 ) ) ;
#2558 = CARTESIAN_POINT ( 'NONE',  ( -21.26950862369684003, 166.0120513780617841, 32.64677335234847533 ) ) ;
#2559 = CARTESIAN_POINT ( 'NONE',  ( -6.492902315776965416, 172.2503675444789906, 36.77477269355214418 ) ) ;
#2560 = CARTESIAN_POINT ( 'NONE',  ( 15.21419277024947192, 166.0706446367471756, 24.74840794655740339 ) ) ;
#2561 = CARTESIAN_POINT ( 'NONE',  ( 22.13245533851236857, 148.3483843606616119, 20.31968662910010792 ) ) ;
#2562 = CARTESIAN_POINT ( 'NONE',  ( 19.63816999881109737, 145.6643377127766428, 18.44779323982892549 ) ) ;
#2563 = CARTESIAN_POINT ( 'NONE',  ( -10.64913463673701521, 129.7761919750339246, 7.130142259382632020 ) ) ;
#2564 = ORIENTED_EDGE ( 'NONE', *, *, #2405, .T. ) ;
#2565 = CARTESIAN_POINT ( 'NONE',  ( 30.73588269672307050, 161.7838880641828325, 31.78685599749116264 ) ) ;
#2566 = CARTESIAN_POINT ( 'NONE',  ( 13.66383330671551910, 169.2346965014024534, 34.88407012955962472 ) ) ;
#2567 = CARTESIAN_POINT ( 'NONE',  ( 29.35000432674388549, 158.4537290432656960, 26.74504526984541997 ) ) ;
#2568 = CARTESIAN_POINT ( 'NONE',  ( -20.57893723447208245, 160.6302364276691605, 32.14969989171586207 ) ) ;
#2569 = CARTESIAN_POINT ( 'NONE',  ( 19.72777741172860289, 134.3950440049989652, 10.38166679541735427 ) ) ;
#2570 = CARTESIAN_POINT ( 'NONE',  ( 29.82428091443094331, 162.5757416625477561, 30.23576872294138340 ) ) ;
#2571 = PLANE ( 'NONE',  #5237 ) ;
#2572 = CARTESIAN_POINT ( 'NONE',  ( 19.61892960725915103, 156.7925020701978553, 26.19026727154249912 ) ) ;
#2573 = CARTESIAN_POINT ( 'NONE',  ( -16.31973924942663601, 132.0585982921078880, 9.111516067419334064 ) ) ;
#2574 = CARTESIAN_POINT ( 'NONE',  ( 17.42383573229295024, 131.3248212504967398, 8.476276605306864553 ) ) ;
#2575 = VERTEX_POINT ( 'NONE', #6672 ) ;
#2576 = CARTESIAN_POINT ( 'NONE',  ( -5.072031108353814766, 173.5240604262209558, 37.66142556029688393 ) ) ;
#2577 = VERTEX_POINT ( 'NONE', #5771 ) ;
#2578 = CARTESIAN_POINT ( 'NONE',  ( 31.19169932730988393, 158.9303907000795562, 29.77253546343858304 ) ) ;
#2579 = EDGE_CURVE ( 'NONE', #3766, #62, #870, .T. ) ;
#2580 = CARTESIAN_POINT ( 'NONE',  ( 25.38361582367469538, 136.8063575964048368, 12.18896028910676854 ) ) ;
#2581 = CARTESIAN_POINT ( 'NONE',  ( -19.32996688351424197, 174.5531287225629455, 38.59496867337161774 ) ) ;
#2582 = AXIS2_PLACEMENT_3D ( 'NONE', #1160, #1192, #557 ) ;
#2583 = CARTESIAN_POINT ( 'NONE',  ( -20.56370271648180292, 135.1547079275933640, 11.33626545836366439 ) ) ;
#2584 = CARTESIAN_POINT ( 'NONE',  ( -5.833760419100230799, 135.8190280807354497, 11.40388345122410385 ) ) ;
#2585 = VECTOR ( 'NONE', #3034, 1000.000000000000000 ) ;
#2586 = CARTESIAN_POINT ( 'NONE',  ( -3.987193354881405583, 128.1305885446750494, 5.859211261233731705 ) ) ;
#2587 = PRODUCT_DEFINITION_SHAPE ( 'NONE', 'NONE',  #3947 ) ;
#2588 = CARTESIAN_POINT ( 'NONE',  ( 9.277750289844085785, 129.0985780933081344, 9.913708602619154320 ) ) ;
#2589 = CARTESIAN_POINT ( 'NONE',  ( 24.91785716533818018, 167.3370753835894504, 32.93267627853403212 ) ) ;
#2590 = CARTESIAN_POINT ( 'NONE',  ( -13.82447156135001265, 137.9339934052164551, 12.92766330530867336 ) ) ;
#2591 = EDGE_LOOP ( 'NONE', ( #124, #3018, #4306, #7064 ) ) ;
#2592 = CARTESIAN_POINT ( 'NONE',  ( 16.35640728373094177, 149.1393780950662915, 20.86038975505497106 ) ) ;
#2593 = FACE_OUTER_BOUND ( 'NONE', #3927, .T. ) ;
#2594 = CARTESIAN_POINT ( 'NONE',  ( -19.54608989523029194, 158.5469503575929195, 29.45557899669281809 ) ) ;
#2595 = ORIENTED_EDGE ( 'NONE', *, *, #5083, .F. ) ;
#2596 = CARTESIAN_POINT ( 'NONE',  ( -13.02819594864827479, 170.2782773092535535, 35.64496140594519602 ) ) ;
#2597 = CIRCLE ( 'NONE', #6948, 2.600000000000009859 ) ;
#2598 = CARTESIAN_POINT ( 'NONE',  ( 20.69416708497843516, 159.3534899647192447, 20.04286225654852771 ) ) ;
#2599 = CARTESIAN_POINT ( 'NONE',  ( 14.55093007836527264, 148.3481045443214441, 20.30136832073803532 ) ) ;
#2600 = CARTESIAN_POINT ( 'NONE',  ( 8.036841891126718096, 143.7564368702737738, 17.02842265249862663 ) ) ;
#2601 = CARTESIAN_POINT ( 'NONE',  ( 18.08644772809760681, 129.6657914044414781, 7.358233552271858713 ) ) ;
#2602 = ORIENTED_EDGE ( 'NONE', *, *, #2937, .T. ) ;
#2603 = CARTESIAN_POINT ( 'NONE',  ( 27.01568009119710823, 166.1411775838820688, 34.85996757658590184 ) ) ;
#2604 = CARTESIAN_POINT ( 'NONE',  ( -21.32716341372925939, 158.7055940802746647, 27.28800141765306009 ) ) ;
#2605 = CARTESIAN_POINT ( 'NONE',  ( 30.25468717568246291, 159.0531324417012797, 27.77305074500392834 ) ) ;
#2606 = AXIS2_PLACEMENT_3D ( 'NONE', #1678, #1110, #3886 ) ;
#2607 = CARTESIAN_POINT ( 'NONE',  ( 24.08453289896089089, 167.2549392078898620, 33.50537670774528465 ) ) ;
#2608 = CARTESIAN_POINT ( 'NONE',  ( 30.18463685959027032, 144.4938482114258704, 19.57857574006213497 ) ) ;
#2609 = CARTESIAN_POINT ( 'NONE',  ( 24.33126840175595973, 167.5312952864501597, 33.69966616398539827 ) ) ;
#2610 = DIRECTION ( 'NONE',  ( -0.0007442459860544277123, -0.5767790251485576114, 0.8168998728403572551 ) ) ;
#2611 = CARTESIAN_POINT ( 'NONE',  ( 12.19001605850132641, 151.7836978625582844, 22.67129710742568705 ) ) ;
#2612 = CARTESIAN_POINT ( 'NONE',  ( 15.08545450029363444, 133.0298702286898163, 9.569523507818090025 ) ) ;
#2613 = CARTESIAN_POINT ( 'NONE',  ( -10.65168663824033857, 131.2591785293415114, 8.146619975720415852 ) ) ;
#2614 = CARTESIAN_POINT ( 'NONE',  ( 25.22820105565412874, 138.6629423705091995, 14.78382288892532515 ) ) ;
#2615 = ORIENTED_EDGE ( 'NONE', *, *, #4722, .F. ) ;
#2616 = CARTESIAN_POINT ( 'NONE',  ( -5.415602665283961059, 128.4486677882168522, 9.441447434887633605 ) ) ;
#2617 = CARTESIAN_POINT ( 'NONE',  ( 0.9155936066787527805, 170.3537375107474929, 37.81050218442398858 ) ) ;
#2618 = CARTESIAN_POINT ( 'NONE',  ( 22.08703198794173161, 174.5753273442806517, 38.66561643276691740 ) ) ;
#2619 = CARTESIAN_POINT ( 'NONE',  ( -22.51859480899076971, 133.3549524383654443, 10.42320907636024074 ) ) ;
#2620 = EDGE_CURVE ( 'NONE', #1056, #2067, #6075, .T. ) ;
#2621 = EDGE_CURVE ( 'NONE', #5475, #1550, #2339, .T. ) ;
#2622 = DIRECTION ( 'NONE',  ( 0.0000000000000000000, 0.8169000990817261165, 0.5767791848881739236 ) ) ;
#2623 = CARTESIAN_POINT ( 'NONE',  ( 29.65651708517718532, 163.3621108411291232, 34.12433032608974059 ) ) ;
#2624 = ORIENTED_EDGE ( 'NONE', *, *, #15, .T. ) ;
#2625 = DIRECTION ( 'NONE',  ( 0.0000000000000000000, 0.8169000990817261165, 0.5767791848881739236 ) ) ;
#2626 = CARTESIAN_POINT ( 'NONE',  ( 25.22820105565412874, 138.6629423705091995, 14.78382288892533047 ) ) ;
#2627 = CARTESIAN_POINT ( 'NONE',  ( -7.251695313134022491, 136.9734747574637197, 12.25029732932819648 ) ) ;
#2628 = ORIENTED_EDGE ( 'NONE', *, *, #7051, .T. ) ;
#2629 = ADVANCED_FACE ( 'NONE', ( #2273 ), #4998, .T. ) ;
#2630 = CARTESIAN_POINT ( 'NONE',  ( -13.76886680224358095, 169.4556219566927098, 37.16300171501404037 ) ) ;
#2631 = CARTESIAN_POINT ( 'NONE',  ( 17.01220314042146242, 130.8988154350067816, 11.19182787028400661 ) ) ;
#2632 = DIRECTION ( 'NONE',  ( 1.117932906740607642E-13, 0.8169000990817234520, 0.5767791848881775874 ) ) ;
#2633 = ORIENTED_EDGE ( 'NONE', *, *, #3983, .F. ) ;
#2634 = CARTESIAN_POINT ( 'NONE',  ( -13.87317646710166485, 166.0045503517426084, 32.67571022992974150 ) ) ;
#2635 = CARTESIAN_POINT ( 'NONE',  ( 4.888174118904582421, 129.2791217340904950, 6.666116077803069473 ) ) ;
#2636 = CARTESIAN_POINT ( 'NONE',  ( -16.09987271580985535, 136.5915545971368203, 15.18106712932772950 ) ) ;
#2637 = CARTESIAN_POINT ( 'NONE',  ( -14.89754317720561438, 133.7191940551110179, 13.15410820819939985 ) ) ;
#2638 = CARTESIAN_POINT ( 'NONE',  ( 22.12781616216620861, 151.0301094858693034, 22.18871549508627439 ) ) ;
#2639 = B_SPLINE_CURVE_WITH_KNOTS ( 'NONE', 3,
 ( #6647, #5949, #4335, #4567, #5682, #689, #750, #3965, #5141, #6749, #5045, #6155, #3454, #168, #4505, #5108, #205, #1850, #6779, #4535, #3393, #272, #5652, #4030, #5588, #2384, #3486, #6813, #6120, #721 ),
 .UNSPECIFIED., .F., .F.,
 ( 4, 2, 2, 2, 2, 2, 2, 2, 2, 2, 2, 2, 2, 2, 4 ),
 ( 0.008128868483156576411, 0.008636806390664634667, 0.009144744298172691188, 0.01016062011318878862, 0.01066855802069685902, 0.01117649592820492768, 0.01168443383571299808, 0.01219237174322106675, 0.01270030965072913715, 0.01320824755823720581, 0.01371618546574527794, 0.01422412337325334661, 0.01473206128076141874, 0.01523999918826948741, 0.01625587500328563167 ),
 .UNSPECIFIED. ) ;
#2640 = CARTESIAN_POINT ( 'NONE',  ( -11.18646069947311794, 143.7052461314318634, 17.05383404774302036 ) ) ;
#2641 = CARTESIAN_POINT ( 'NONE',  ( 16.25764807269582590, 130.4382354243942927, 7.817903474932025532 ) ) ;
#2642 = ORIENTED_EDGE ( 'NONE', *, *, #6697, .F. ) ;
#2643 = CARTESIAN_POINT ( 'NONE',  ( 13.15537229502409922, 168.5681590452818170, 37.78507090218608511 ) ) ;
#2644 = CARTESIAN_POINT ( 'NONE',  ( -7.037249989769187586, 128.7499130505891003, 9.652666767155723804 ) ) ;
#2645 = CARTESIAN_POINT ( 'NONE',  ( 16.73950191556678746, 155.4797332187709458, 24.65631393124039406 ) ) ;
#2646 = DIRECTION ( 'NONE',  ( 0.4568345525848891420, 0.7264786994354357486, 0.5133525989328990846 ) ) ;
#2647 = CARTESIAN_POINT ( 'NONE',  ( 29.07029701993961979, 140.2584301633066275, 14.53007150007427839 ) ) ;
#2648 = CARTESIAN_POINT ( 'NONE',  ( 18.92930753069625638, 132.2097494754755473, 10.89503023966900841 ) ) ;
#2649 = CYLINDRICAL_SURFACE ( 'NONE', #2840, 1.100000000000010081 ) ;
#2650 = CARTESIAN_POINT ( 'NONE',  ( -21.24478097025156131, 151.7461745597570371, 22.64216926983636569 ) ) ;
#2651 = CARTESIAN_POINT ( 'NONE',  ( -14.49205499096977157, 132.9797152798456921, 9.567898917145129190 ) ) ;
#2652 = CARTESIAN_POINT ( 'NONE',  ( -12.70391978176831493, 131.2112714919377652, 8.209747595198962244 ) ) ;
#2653 = CARTESIAN_POINT ( 'NONE',  ( 31.10415255936965551, 142.1931939957728730, 19.17915745002117944 ) ) ;
#2654 = CARTESIAN_POINT ( 'NONE',  ( -5.574107925344994108, 134.7243946168214563, 12.95422751452933952 ) ) ;
#2655 = B_SPLINE_CURVE_WITH_KNOTS ( 'NONE', 3,
 ( #485, #2658, #3694, #2011, #1516, #4308, #1480, #6526, #4268, #6450, #1023, #982, #3654, #2580, #1627, #4195 ),
 .UNSPECIFIED., .F., .F.,
 ( 4, 2, 2, 2, 2, 2, 2, 4 ),
 ( 0.0000000000000000000, 0.001531414054456105463, 0.003062828108912210925, 0.004594242163368315521, 0.006125656217824421851, 0.009188484326736631042, 0.01071989838119271655, 0.01225131243564880207 ),
 .UNSPECIFIED. ) ;
#2656 = CARTESIAN_POINT ( 'NONE',  ( -0.7486799070459575489, 174.7454767778857558, -45.06831843124471959 ) ) ;
#2657 = EDGE_LOOP ( 'NONE', ( #2369, #5030 ) ) ;
#2658 = CARTESIAN_POINT ( 'NONE',  ( 15.80645441980006005, 132.8551385338431885, 9.471897111752431542 ) ) ;
#2659 = CARTESIAN_POINT ( 'NONE',  ( -15.06306649556019828, 170.2779049736102195, 35.64046789943920146 ) ) ;
#2660 = CARTESIAN_POINT ( 'NONE',  ( -17.31109003707925709, 135.2506321270109595, 11.20775047798364099 ) ) ;
#2661 = DIRECTION ( 'NONE',  ( 0.0000000000000000000, -0.8189665403419619238, -0.5738412723047355835 ) ) ;
#2662 = VECTOR ( 'NONE', #5424, 1000.000000000000000 ) ;
#2663 = CARTESIAN_POINT ( 'NONE',  ( 25.22820105565412874, 138.6629423705091995, 14.78382288892532515 ) ) ;
#2664 = DIRECTION ( 'NONE',  ( 0.0000000000000000000, 0.8169000990817237851, 0.5767791848881770322 ) ) ;
#2665 = CARTESIAN_POINT ( 'NONE',  ( -21.71017941963936693, 162.0785806609643771, 29.86531491590805842 ) ) ;
#2666 = CARTESIAN_POINT ( 'NONE',  ( 15.08147383384033091, 135.3289357611486707, 11.17625596137975030 ) ) ;
#2667 = AXIS2_PLACEMENT_3D ( 'NONE', #3735, #50, #2625 ) ;
#2668 = ORIENTED_EDGE ( 'NONE', *, *, #5618, .F. ) ;
#2669 = DIRECTION ( 'NONE',  ( -0.0007442459860544277123, -0.5767790251485576114, 0.8168998728403572551 ) ) ;
#2670 = CARTESIAN_POINT ( 'NONE',  ( 31.18472500509031420, 144.4891658987011454, 19.57618089444411424 ) ) ;
#2671 = CARTESIAN_POINT ( 'NONE',  ( 20.45463620773548286, 145.3702087162327814, 20.49450787361084991 ) ) ;
#2672 = ORIENTED_EDGE ( 'NONE', *, *, #3585, .T. ) ;
#2673 = CARTESIAN_POINT ( 'NONE',  ( -11.93178033438295493, 129.7459709794593437, 7.169994306720245625 ) ) ;
#2674 = CARTESIAN_POINT ( 'NONE',  ( 25.05719416858474702, 137.1445444426097708, 12.42655928115994612 ) ) ;
#2675 = CARTESIAN_POINT ( 'NONE',  ( -4.390046802909416179, 171.8546377391383260, 38.86539165391221928 ) ) ;
#2676 = EDGE_CURVE ( 'NONE', #6176, #5447, #5322, .T. ) ;
#2677 = CARTESIAN_POINT ( 'NONE',  ( 29.49370796689579777, 145.6940936803632383, 18.42976716232977452 ) ) ;
#2678 = CARTESIAN_POINT ( 'NONE',  ( 33.18039617223219295, 140.8689105269532433, 15.03337032708229515 ) ) ;
#2679 = CARTESIAN_POINT ( 'NONE',  ( 31.36147440860372626, 129.1232049968969875, 6.953413118283291894 ) ) ;
#2680 = VERTEX_POINT ( 'NONE', #2654 ) ;
#2681 = CARTESIAN_POINT ( 'NONE',  ( 15.65735259474939411, 130.4884050512262661, 10.90081981683234424 ) ) ;
#2682 = CARTESIAN_POINT ( 'NONE',  ( 27.87583739765006641, 163.2827406350787101, 22.79748099924601945 ) ) ;
#2683 = CARTESIAN_POINT ( 'NONE',  ( 18.91059918021037234, 153.8813900660568947, 24.16471279029851615 ) ) ;
#2684 = CARTESIAN_POINT ( 'NONE',  ( -21.71965471382254265, 161.8910534230324174, 29.76078172518917953 ) ) ;
#2685 = CARTESIAN_POINT ( 'NONE',  ( 30.20259308584480706, 152.3231341435282218, 25.10652527226007535 ) ) ;
#2686 = CARTESIAN_POINT ( 'NONE',  ( 21.52098000469652916, 80.33254063774147369, 144.1460192128742221 ) ) ;
#2687 = CARTESIAN_POINT ( 'NONE',  ( -8.080639690760902383, 156.7187818594914575, 26.22682310598797883 ) ) ;
#2688 = CARTESIAN_POINT ( 'NONE',  ( -17.33365636663427622, 148.3146017404884276, 20.27034446965056347 ) ) ;
#2689 = CARTESIAN_POINT ( 'NONE',  ( 8.056830939858212304, 132.2922624406099885, 8.839082084392767769 ) ) ;
#2690 = CARTESIAN_POINT ( 'NONE',  ( -16.31829998538618298, 131.2124282781531690, 8.552964398483354103 ) ) ;
#2691 = CARTESIAN_POINT ( 'NONE',  ( 26.68834986761158490, 141.0412607688944604, 15.16572015336704027 ) ) ;
#2692 = CARTESIAN_POINT ( 'NONE',  ( 25.76613085878204501, 136.1025888965392596, 13.64983100856639808 ) ) ;
#2693 = CARTESIAN_POINT ( 'NONE',  ( -11.41964362107445119, 131.9262348947744670, 10.66720265946785418 ) ) ;
#2694 = VECTOR ( 'NONE', #3953, 1000.000000000000000 ) ;
#2695 = ORIENTED_EDGE ( 'NONE', *, *, #4422, .F. ) ;
#2696 = CARTESIAN_POINT ( 'NONE',  ( -2.138332271594091338, 128.1798550296393557, 9.254635717272369888 ) ) ;
#2697 = DIRECTION ( 'NONE',  ( -0.0007442450898864460922, -0.5767790250261927154, 0.8168998729275704918 ) ) ;
#2698 = CARTESIAN_POINT ( 'NONE',  ( 18.00875992500501965, 174.5700324593563835, 38.66308542956933536 ) ) ;
#2699 = CARTESIAN_POINT ( 'NONE',  ( 1.703571727738643293, 135.4070230657326590, 11.03207519457385999 ) ) ;
#2700 = AXIS2_PLACEMENT_3D ( 'NONE', #4881, #3118, #4231 ) ;
#2701 = CARTESIAN_POINT ( 'NONE',  ( 25.28006422603455761, 178.8560900846432560, -42.14227155126867075 ) ) ;
#2702 = CARTESIAN_POINT ( 'NONE',  ( 31.20174079581535054, 155.9442948514094098, 28.88832675825278073 ) ) ;
#2703 = AXIS2_PLACEMENT_3D ( 'NONE', #5286, #4673, #5755 ) ;
#2704 = CARTESIAN_POINT ( 'NONE',  ( 12.19350141601123383, 132.0708595491749691, 8.768429259156002686 ) ) ;
#2705 = CARTESIAN_POINT ( 'NONE',  ( 19.63738470777484224, 168.4664222018234625, 33.72525026770399137 ) ) ;
#2706 = AXIS2_PLACEMENT_3D ( 'NONE', #7073, #1522, #2164 ) ;
#2707 = CARTESIAN_POINT ( 'NONE',  ( 26.20617984850623117, 136.8967741613656983, 13.10834591738793797 ) ) ;
#2708 = CARTESIAN_POINT ( 'NONE',  ( 31.20253901012790720, 151.2139650852663806, 24.32429814216389019 ) ) ;
#2709 = CARTESIAN_POINT ( 'NONE',  ( 13.54268236858376184, 158.8589086919502904, 26.98768651541731245 ) ) ;
#2710 = ORIENTED_EDGE ( 'NONE', *, *, #2972, .F. ) ;
#2711 = CARTESIAN_POINT ( 'NONE',  ( -21.85814963462073379, 128.5902509685240602, 7.580670552458729006 ) ) ;
#2712 = CARTESIAN_POINT ( 'NONE',  ( 22.64582540649730902, 139.5451900865147650, 14.12534088050918513 ) ) ;
#2713 = CARTESIAN_POINT ( 'NONE',  ( 11.81810004698710692, 169.3753837725569156, 37.12966014150775607 ) ) ;
#2714 = CARTESIAN_POINT ( 'NONE',  ( -12.72898735216574728, 145.6305322184500710, 18.41600892857034211 ) ) ;
#2715 = CARTESIAN_POINT ( 'NONE',  ( -15.34878173353846087, 140.8277935748589869, 14.97209421525347395 ) ) ;
#2716 = CARTESIAN_POINT ( 'NONE',  ( 13.40668184202386470, 129.2163310923053245, 6.776526124187193467 ) ) ;
#2717 = VERTEX_POINT ( 'NONE', #6874 ) ;
#2718 = EDGE_LOOP ( 'NONE', ( #4095, #429 ) ) ;
#2719 = CARTESIAN_POINT ( 'NONE',  ( -12.38267469597887960, 130.9451459349253639, 11.19775940147105153 ) ) ;
#2720 = CARTESIAN_POINT ( 'NONE',  ( 13.45768671915789128, 158.7893869234850399, 27.54968396981237078 ) ) ;
#2721 = EDGE_CURVE ( 'NONE', #3422, #1562, #3377, .T. ) ;
#2722 = CARTESIAN_POINT ( 'NONE',  ( -19.48881225325669675, 154.9961065833676059, 24.96292592401940524 ) ) ;
#2723 = CARTESIAN_POINT ( 'NONE',  ( -17.87554692727117001, 166.9097829477977086, 36.58588947202822794 ) ) ;
#2724 = ADVANCED_FACE ( 'NONE', ( #403 ), #1973, .F. ) ;
#2725 = B_SPLINE_CURVE_WITH_KNOTS ( 'NONE', 3,
 ( #6505, #2674, #1641, #4429, #1713, #3819, #644, #6079, #1177, #3347, #2170, #2814, #5002, #536, #1607, #93, #4284, #3783, #2712, #4360, #6540, #6010, #6466, #1569, #3746, #5940, #1037, #5580, #3921, #3445, #680, #1745, #4528, #6742 ),
 .UNSPECIFIED., .F., .F.,
 ( 4, 2, 2, 2, 2, 2, 2, 2, 2, 2, 2, 2, 2, 2, 2, 2, 4 ),
 ( 6.938893903907228378E-18, 0.0005080507308173869835, 0.001016101461634767028, 0.001524152192452147073, 0.002032202923269527117, 0.002540253654086907162, 0.003048304384904287206, 0.003556355115721667251, 0.004064405846539047296, 0.004572456577356427340, 0.005080507308173807385, 0.005588558038991187429, 0.006096608769808567474, 0.006604659500625947519, 0.007112710231443327563, 0.007620760962260707608, 0.008128811693078087652 ),
 .UNSPECIFIED. ) ;
#2726 = CARTESIAN_POINT ( 'NONE',  ( 13.96417228933023758, 145.4736392791227786, 18.29324102730225832 ) ) ;
#2727 = CARTESIAN_POINT ( 'NONE',  ( 19.61892960725915103, 156.7925020701978553, 26.19026727154249912 ) ) ;
#2728 = CARTESIAN_POINT ( 'NONE',  ( -15.02966485524834006, 150.9787957922169142, 22.17002755578109685 ) ) ;
#2729 = CARTESIAN_POINT ( 'NONE',  ( 19.66151471393711958, 132.1756091380772205, 9.033782634718518167 ) ) ;
#2730 = CARTESIAN_POINT ( 'NONE',  ( 13.40314409273501894, 131.2474584473923187, 8.222687599559019844 ) ) ;
#2731 = AXIS2_PLACEMENT_3D ( 'NONE', #1597, #6035, #5502 ) ;
#2732 = CARTESIAN_POINT ( 'NONE',  ( 25.22898704405599801, 141.3960113741179043, 15.42073155307245358 ) ) ;
#2733 = CARTESIAN_POINT ( 'NONE',  ( 20.34833083855692237, 133.6667661181578239, 11.92506190893332452 ) ) ;
#2734 = CARTESIAN_POINT ( 'NONE',  ( -2.625943264095492946, 129.5987989904417077, 9.031908558353643812 ) ) ;
#2735 = CARTESIAN_POINT ( 'NONE',  ( 15.73412532377494877, 188.7822086812868179, -35.14254897683832723 ) ) ;
#2736 = CARTESIAN_POINT ( 'NONE',  ( 13.33539699080174223, 170.3217286824840642, 35.64819406196842522 ) ) ;
#2737 = CARTESIAN_POINT ( 'NONE',  ( -12.96759514793499335, 135.3372899095268451, 11.09511899484583175 ) ) ;
#2738 = CARTESIAN_POINT ( 'NONE',  ( -11.75335188318472923, 164.2123827442857475, 29.24095149273261285 ) ) ;
#2739 = CARTESIAN_POINT ( 'NONE',  ( 31.19095508221749569, 158.3536116750330791, 30.58943533635349965 ) ) ;
#2740 = ORIENTED_EDGE ( 'NONE', *, *, #4769, .F. ) ;
#2741 = CARTESIAN_POINT ( 'NONE',  ( 20.47507008425829866, 165.2906642305920570, 0.9497282022414982317 ) ) ;
#2742 = FACE_OUTER_BOUND ( 'NONE', #5384, .T. ) ;
#2743 = CYLINDRICAL_SURFACE ( 'NONE', #5782, 2.599999999999996536 ) ;
#2744 = CARTESIAN_POINT ( 'NONE',  ( 14.91943308572813187, 165.6168085867755906, 31.72454594695969021 ) ) ;
#2745 = ORIENTED_EDGE ( 'NONE', *, *, #99, .T. ) ;
#2746 = CARTESIAN_POINT ( 'NONE',  ( 12.22820083916994705, 129.8060845784604282, 7.144068778671408992 ) ) ;
#2747 = DIRECTION ( 'NONE',  ( 0.0000000000000000000, -0.8169000990817233410, -0.5767791848881776984 ) ) ;
#2748 = CARTESIAN_POINT ( 'NONE',  ( -16.26209241511809722, 137.7491487938093826, 14.77410822272602431 ) ) ;
#2749 = CARTESIAN_POINT ( 'NONE',  ( 8.753009793142625838, 145.6842130392348338, 18.39262905932192993 ) ) ;
#2750 = CARTESIAN_POINT ( 'NONE',  ( -9.355666501073015340, 137.9345110819043043, 12.93795861199162367 ) ) ;
#2751 = CARTESIAN_POINT ( 'NONE',  ( 22.16570739784539867, 129.0925306162730521, 6.974375310459052457 ) ) ;
#2752 = ORIENTED_EDGE ( 'NONE', *, *, #4637, .F. ) ;
#2753 = ORIENTED_EDGE ( 'NONE', *, *, #1155, .T. ) ;
#2754 = CARTESIAN_POINT ( 'NONE',  ( -10.73134019304479914, 130.5338292806388267, 9.684710052104218647 ) ) ;
#2755 = CARTESIAN_POINT ( 'NONE',  ( 22.44084342623036576, 154.0032230374408471, 24.25717193841332531 ) ) ;
#2756 = CARTESIAN_POINT ( 'NONE',  ( 19.16790238891590192, 140.0566939497548731, 14.50366293088400838 ) ) ;
#2757 = CARTESIAN_POINT ( 'NONE',  ( -7.003651467230276317, 80.81391100525213744, 144.4776148271996306 ) ) ;
#2758 = CARTESIAN_POINT ( 'NONE',  ( -0.9694028046495133388, 137.3194908249436992, 12.44639864305654697 ) ) ;
#2759 = CARTESIAN_POINT ( 'NONE',  ( -14.02677248716214109, 156.7199669519763177, 26.21045686721706858 ) ) ;
#2760 = CARTESIAN_POINT ( 'NONE',  ( 33.16144803932731833, 151.8059816863214166, 22.69134932852037778 ) ) ;
#2761 = CARTESIAN_POINT ( 'NONE',  ( 12.22392375757077865, 132.2560028657678117, 8.900983684093199955 ) ) ;
#2762 = CARTESIAN_POINT ( 'NONE',  ( 31.20179476498363158, 150.6371860602670267, 25.14119801509225383 ) ) ;
#2763 = CARTESIAN_POINT ( 'NONE',  ( 19.72652637523044561, 133.4258293752286306, 11.75437999403274070 ) ) ;
#2764 = CARTESIAN_POINT ( 'NONE',  ( -11.82142035976001715, 133.2218937920605697, 9.436519568444690975 ) ) ;
#2765 = ORIENTED_EDGE ( 'NONE', *, *, #1400, .T. ) ;
#2766 = DIRECTION ( 'NONE',  ( 0.0000000000000000000, 0.8169000990817233410, 0.5767791848881776984 ) ) ;
#2767 = CARTESIAN_POINT ( 'NONE',  ( 15.02086978907180992, 170.3229980232496246, 35.65054814988771881 ) ) ;
#2768 = EDGE_CURVE ( 'NONE', #2787, #2995, #5904, .T. ) ;
#2769 = CARTESIAN_POINT ( 'NONE',  ( -11.93864756592356180, 133.7255502068250053, 9.921794948012236048 ) ) ;
#2770 = EDGE_CURVE ( 'NONE', #2577, #1985, #5382, .T. ) ;
#2771 = CARTESIAN_POINT ( 'NONE',  ( -12.86247130511458003, 143.5051079596565842, 16.89750652578772971 ) ) ;
#2772 = CARTESIAN_POINT ( 'NONE',  ( 7.476770440539485918, 158.9654688710130301, 27.67141763224311291 ) ) ;
#2773 = ORIENTED_EDGE ( 'NONE', *, *, #177, .F. ) ;
#2774 = CARTESIAN_POINT ( 'NONE',  ( 14.07965497987310854, 132.4340716502934185, 9.104525690854238462 ) ) ;
#2775 = CARTESIAN_POINT ( 'NONE',  ( 18.96944438257599685, 167.2833573402010074, 35.65908259228272925 ) ) ;
#2776 = CARTESIAN_POINT ( 'NONE',  ( -18.87973018073796538, 164.2442142409797725, 33.47878716682029676 ) ) ;
#2777 = CYLINDRICAL_SURFACE ( 'NONE', #2911, 1.099999999999979217 ) ;
#2778 = CARTESIAN_POINT ( 'NONE',  ( 13.36947273533296965, 159.2920022292419446, 27.28901486594197934 ) ) ;
#2779 = CARTESIAN_POINT ( 'NONE',  ( -6.980188723104212123, 163.1496185772101626, 26.97092294010006697 ) ) ;
#2780 = CARTESIAN_POINT ( 'NONE',  ( -11.16219300053515795, 129.7654899747446393, 7.144109589017427986 ) ) ;
#2781 = CARTESIAN_POINT ( 'NONE',  ( 1.607202870282274709, 171.3649436997428666, 36.14429681460336496 ) ) ;
#2782 = AXIS2_PLACEMENT_3D ( 'NONE', #5736, #4691, #1364 ) ;
#2783 = CARTESIAN_POINT ( 'NONE',  ( -0.7486799070459572158, 176.8694170354982305, -43.56869255053545942 ) ) ;
#2784 = CARTESIAN_POINT ( 'NONE',  ( -10.67675107355645103, 145.6271472778850011, 18.42589365767591403 ) ) ;
#2785 = CARTESIAN_POINT ( 'NONE',  ( -17.32063737326265951, 140.8220058335006684, 14.97546491559673143 ) ) ;
#2786 = CARTESIAN_POINT ( 'NONE',  ( -21.85814963462073379, 128.5902509685240602, 7.580670552458729006 ) ) ;
#2787 = VERTEX_POINT ( 'NONE', #5230 ) ;
#2788 = CARTESIAN_POINT ( 'NONE',  ( -8.651502872587371940, 129.1594161200960400, 9.940329171307789480 ) ) ;
#2789 = CARTESIAN_POINT ( 'NONE',  ( 14.87186550152250497, 156.9155887733556654, 25.64208513932824474 ) ) ;
#2790 = CARTESIAN_POINT ( 'NONE',  ( 16.45609421170292208, 143.3757915312515081, 16.83895306898838484 ) ) ;
#2791 = CARTESIAN_POINT ( 'NONE',  ( 30.20385837558724873, 152.1737979654182311, 22.94404988223626418 ) ) ;
#2792 = CARTESIAN_POINT ( 'NONE',  ( 21.05364431825981697, 167.9030101650855613, 33.95624951417212856 ) ) ;
#2793 = CARTESIAN_POINT ( 'NONE',  ( -15.03095360545044379, 151.7217006925976648, 22.69234712802800757 ) ) ;
#2794 = CARTESIAN_POINT ( 'NONE',  ( 24.88654657117073299, 151.0346424506454639, 22.18907349414181596 ) ) ;
#2795 = CARTESIAN_POINT ( 'NONE',  ( 17.42239690279639674, 132.1638818425278146, 9.044948289346239179 ) ) ;
#2796 = CARTESIAN_POINT ( 'NONE',  ( 29.98934846155064449, 138.3912610206725446, 16.49375504665531267 ) ) ;
#2797 = CARTESIAN_POINT ( 'NONE',  ( 15.32030931223326675, 131.8342134188342527, 10.62659183358743320 ) ) ;
#2798 = CARTESIAN_POINT ( 'NONE',  ( -5.258654806285631089, 129.8335126672204467, 9.195231564557882820 ) ) ;
#2799 = ORIENTED_EDGE ( 'NONE', *, *, #5923, .T. ) ;
#2800 = CARTESIAN_POINT ( 'NONE',  ( 10.09936169749543566, 170.3190104857115159, 35.64407447475920065 ) ) ;
#2801 = CARTESIAN_POINT ( 'NONE',  ( -4.002677098974874781, 136.9809635752116037, 12.24765815516376577 ) ) ;
#2802 = CARTESIAN_POINT ( 'NONE',  ( 1.707551332792327070, 133.1253227243923334, 9.400623994779449433 ) ) ;
#2803 = CARTESIAN_POINT ( 'NONE',  ( -11.93076419694700263, 141.2701091499571078, 15.30836413599200974 ) ) ;
#2804 = EDGE_CURVE ( 'NONE', #4315, #6417, #1464, .T. ) ;
#2805 = LINE ( 'NONE', #4990, #2372 ) ;
#2806 = EDGE_CURVE ( 'NONE', #5232, #4027, #4274, .T. ) ;
#2807 = ORIENTED_EDGE ( 'NONE', *, *, #3375, .F. ) ;
#2808 = CYLINDRICAL_SURFACE ( 'NONE', #3463, 1.099999999999983435 ) ;
#2809 = CARTESIAN_POINT ( 'NONE',  ( -8.751789081662838754, 141.0467297059752241, 15.16855472566574115 ) ) ;
#2810 = FACE_OUTER_BOUND ( 'NONE', #3272, .T. ) ;
#2811 = CARTESIAN_POINT ( 'NONE',  ( 20.51175120457076417, 168.1535829798315831, 33.52145847559134495 ) ) ;
#2812 = VERTEX_POINT ( 'NONE', #442 ) ;
#2813 = CARTESIAN_POINT ( 'NONE',  ( -13.80828404401642651, 128.5258210716484939, 6.482311582372529912 ) ) ;
#2814 = CARTESIAN_POINT ( 'NONE',  ( 22.97255573664394745, 138.2024645186513965, 13.17692392038591187 ) ) ;
#2815 = CYLINDRICAL_SURFACE ( 'NONE', #7054, 6.500000000000000888 ) ;
#2816 = CARTESIAN_POINT ( 'NONE',  ( -14.50558166163057372, 140.8283625231700285, 14.97336595696441286 ) ) ;
#2817 = CARTESIAN_POINT ( 'NONE',  ( 17.40743279045485892, 140.8288841045343247, 15.05140760799958422 ) ) ;
#2818 = CARTESIAN_POINT ( 'NONE',  ( -7.238184675553546832, 129.2457373908479781, 6.683701014391224327 ) ) ;
#2819 = VERTEX_POINT ( 'NONE', #4760 ) ;
#2820 = FACE_OUTER_BOUND ( 'NONE', #6934, .T. ) ;
#2821 = CARTESIAN_POINT ( 'NONE',  ( 13.19612577469219517, 163.7464067255869793, 31.01783199334515828 ) ) ;
#2822 = FACE_OUTER_BOUND ( 'NONE', #4129, .T. ) ;
#2823 = CARTESIAN_POINT ( 'NONE',  ( -12.54211301473826801, 170.3897501447949310, 39.04780865657823341 ) ) ;
#2824 = DIRECTION ( 'NONE',  ( 0.0000000000000000000, 0.8189665403419611467, 0.5738412723047364716 ) ) ;
#2825 = CIRCLE ( 'NONE', #4627, 2.599999999999984990 ) ;
#2826 = PLANE ( 'NONE',  #6591 ) ;
#2827 = CARTESIAN_POINT ( 'NONE',  ( -4.037005915023972769, 156.7294000828221670, 26.22169101069496477 ) ) ;
#2828 = CARTESIAN_POINT ( 'NONE',  ( -20.58627555191688430, 148.3251179885475324, 20.24734517114395871 ) ) ;
#2829 = CARTESIAN_POINT ( 'NONE',  ( 22.16187762966224639, 131.3459021861746407, 8.457965499091530504 ) ) ;
#2830 = CARTESIAN_POINT ( 'NONE',  ( -6.980691232506734956, 149.3064508453325629, 21.02344411573464100 ) ) ;
#2831 = CARTESIAN_POINT ( 'NONE',  ( 16.19600341387002018, 166.0748062063362909, 32.64993567622406800 ) ) ;
#2832 = CARTESIAN_POINT ( 'NONE',  ( 23.41879460479139752, 134.9376587848557278, 12.82518374169892006 ) ) ;
#2833 = CARTESIAN_POINT ( 'NONE',  ( -10.23286684473129959, 132.2544117660165455, 8.754868016017720578 ) ) ;
#2834 = ORIENTED_EDGE ( 'NONE', *, *, #5871, .F. ) ;
#2835 = CARTESIAN_POINT ( 'NONE',  ( -14.54925579880462472, 166.0043289025622357, 32.67435640863433832 ) ) ;
#2836 = AXIS2_PLACEMENT_3D ( 'NONE', #6493, #6453, #448 ) ;
#2837 = CARTESIAN_POINT ( 'NONE',  ( 21.23261045006876202, 136.9737453051110663, 12.32023181713501359 ) ) ;
#2838 = CARTESIAN_POINT ( 'NONE',  ( -3.997017816052862660, 133.7543656125601217, 9.900382835574566442 ) ) ;
#2839 = CARTESIAN_POINT ( 'NONE',  ( 6.490517504964460116, 130.0447668305698130, 9.355093548273165638 ) ) ;
#2840 = AXIS2_PLACEMENT_3D ( 'NONE', #902, #4224, #3111 ) ;
#2841 = CARTESIAN_POINT ( 'NONE',  ( -2.044216018850023353, 150.0158013364714122, 21.48402877528705091 ) ) ;
#2842 = ORIENTED_EDGE ( 'NONE', *, *, #5302, .T. ) ;
#2843 = CARTESIAN_POINT ( 'NONE',  ( -19.61044959201955251, 155.1533260836304464, 25.05580334096169892 ) ) ;
#2844 = EDGE_CURVE ( 'NONE', #2812, #3422, #2240, .T. ) ;
#2845 = CARTESIAN_POINT ( 'NONE',  ( -19.18785148380863603, 156.4602210217133802, 27.98255257751224434 ) ) ;
#2846 = CARTESIAN_POINT ( 'NONE',  ( -20.95206026473589489, 165.4305204545019308, 31.99534526479941832 ) ) ;
#2847 = ORIENTED_EDGE ( 'NONE', *, *, #4347, .T. ) ;
#2848 = CARTESIAN_POINT ( 'NONE',  ( -17.29940731862275172, 128.3266988442238130, 6.757136540171987171 ) ) ;
#2849 = CARTESIAN_POINT ( 'NONE',  ( -2.930731054763684895, 136.6262770816697127, 11.96895223732895452 ) ) ;
#2850 = CARTESIAN_POINT ( 'NONE',  ( 25.22898704405599801, 141.3960113741179043, 15.42073155307245358 ) ) ;
#2851 = CARTESIAN_POINT ( 'NONE',  ( -22.53098649738235082, 140.7803025587757588, 15.02196521040610833 ) ) ;
#2852 = CARTESIAN_POINT ( 'NONE',  ( 16.24639416703808692, 136.9584138021660920, 12.32974613490966931 ) ) ;
#2853 = CARTESIAN_POINT ( 'NONE',  ( 18.08842242384233856, 128.5171528711371991, 6.573394307489016875 ) ) ;
#2854 = EDGE_CURVE ( 'NONE', #4969, #4677, #1434, .T. ) ;
#2855 = ADVANCED_FACE ( 'NONE', ( #517 ), #9, .F. ) ;
#2856 = ORIENTED_EDGE ( 'NONE', *, *, #5085, .T. ) ;
#2857 = CARTESIAN_POINT ( 'NONE',  ( -11.82172328588350041, 133.1647201995493788, 9.517855840888012509 ) ) ;
#2858 = CARTESIAN_POINT ( 'NONE',  ( 12.57797563679311281, 160.2914823598294731, 28.59574625473085518 ) ) ;
#2859 = CARTESIAN_POINT ( 'NONE',  ( 24.25052346563026973, 142.1136786996741819, 15.93102371454197730 ) ) ;
#2860 = DIRECTION ( 'NONE',  ( 0.0000000000000000000, -0.8169000990817244512, -0.5767791848881760330 ) ) ;
#2861 = CARTESIAN_POINT ( 'NONE',  ( -18.53713056495277200, 166.0360912625196477, 32.43303024705014082 ) ) ;
#2862 = CARTESIAN_POINT ( 'NONE',  ( -0.2233949130610954625, 170.4347491729245405, 35.49431381187921630 ) ) ;
#2863 = CARTESIAN_POINT ( 'NONE',  ( -22.54864794837293118, 151.0083073573260606, 22.10945665419336592 ) ) ;
#2864 = CARTESIAN_POINT ( 'NONE',  ( 24.89118564394241417, 148.3546118716465116, 20.31763250050155989 ) ) ;
#2865 = CARTESIAN_POINT ( 'NONE',  ( 27.67933780522363207, 131.3654789790912503, 8.443719648385917154 ) ) ;
#2866 = CARTESIAN_POINT ( 'NONE',  ( 28.62279852854343076, 164.7461242717369885, 31.75326008388589116 ) ) ;
#2867 = CARTESIAN_POINT ( 'NONE',  ( 4.824276794293468562, 166.0567268405706045, 32.64759748240489756 ) ) ;
#2868 = CARTESIAN_POINT ( 'NONE',  ( 5.363905132754642757, 129.0670863742779773, 8.663767628365915741 ) ) ;
#2869 = CARTESIAN_POINT ( 'NONE',  ( 28.80263246510420316, 163.5132635156050469, 33.00613477053846623 ) ) ;
#2870 = CARTESIAN_POINT ( 'NONE',  ( -7.302081430975954746, 166.0140301982059441, 32.67843815325324641 ) ) ;
#2871 = CARTESIAN_POINT ( 'NONE',  ( 8.770931654888460827, 135.3885403420569844, 11.07583199681475072 ) ) ;
#2872 = CARTESIAN_POINT ( 'NONE',  ( 8.773761640836289288, 133.7696053313471793, 9.910217029033830727 ) ) ;
#2873 = CARTESIAN_POINT ( 'NONE',  ( 21.54501508394979581, 169.9999751481356896, 27.50291274288249710 ) ) ;
#2874 = ORIENTED_EDGE ( 'NONE', *, *, #7051, .F. ) ;
#2875 = DIRECTION ( 'NONE',  ( 0.0000000000000000000, 0.8189665403419610357, 0.5738412723047366937 ) ) ;
#2876 = CARTESIAN_POINT ( 'NONE',  ( -18.87213425848541704, 156.0253061458085426, 25.29242768520665408 ) ) ;
#2877 = CARTESIAN_POINT ( 'NONE',  ( 25.28006422603455761, 177.9574999756533487, -42.77672865464566598 ) ) ;
#2878 = ORIENTED_EDGE ( 'NONE', *, *, #5737, .T. ) ;
#2879 = CARTESIAN_POINT ( 'NONE',  ( 21.24711866019571715, 128.5044063248028579, 6.599336488871676565 ) ) ;
#2880 = CARTESIAN_POINT ( 'NONE',  ( 7.332950240914224871, 129.3435216003632036, 8.860740963407133464 ) ) ;
#2881 = FACE_OUTER_BOUND ( 'NONE', #3739, .T. ) ;
#2882 = CARTESIAN_POINT ( 'NONE',  ( -0.7654010813797850199, 143.7385897919817239, 17.03209712568579093 ) ) ;
#2883 = CARTESIAN_POINT ( 'NONE',  ( -13.97694886648846690, 127.9401979006300536, 6.105563850726220210 ) ) ;
#2884 = ORIENTED_EDGE ( 'NONE', *, *, #3725, .F. ) ;
#2885 = CARTESIAN_POINT ( 'NONE',  ( -16.95263479467610068, 140.6416722360841618, 16.81576959816020178 ) ) ;
#2886 = CARTESIAN_POINT ( 'NONE',  ( 13.66027114629986272, 163.5914205013060325, 30.90988832118499019 ) ) ;
#2887 = CARTESIAN_POINT ( 'NONE',  ( 23.92938844229752959, 144.8055059770217667, 17.82845152634453001 ) ) ;
#2888 = CARTESIAN_POINT ( 'NONE',  ( -20.20397903127974715, 162.8221325303941285, 33.69764817741754825 ) ) ;
#2889 = CARTESIAN_POINT ( 'NONE',  ( -15.07348698835383871, 169.7703837837863716, 35.04460924225342922 ) ) ;
#2890 = EDGE_CURVE ( 'NONE', #3766, #6838, #5304, .T. ) ;
#2891 = EDGE_CURVE ( 'NONE', #2381, #6764, #1093, .T. ) ;
#2892 = CARTESIAN_POINT ( 'NONE',  ( -10.06742384016214764, 160.4402635763009926, 28.56789554594633529 ) ) ;
#2893 = CARTESIAN_POINT ( 'NONE',  ( 4.850293722183419476, 151.0393681709364841, 22.13288281933009571 ) ) ;
#2894 = CARTESIAN_POINT ( 'NONE',  ( 11.52643165356492716, 148.3555359838587435, 20.28332330442342268 ) ) ;
#2895 = CARTESIAN_POINT ( 'NONE',  ( -11.16474516165992092, 131.2510880400556346, 8.156869910174391336 ) ) ;
#2896 = CIRCLE ( 'NONE', #6667, 1.100000000000007860 ) ;
#2897 = CARTESIAN_POINT ( 'NONE',  ( 28.45181777286783742, 164.9518600729336981, 31.89709257317175428 ) ) ;
#2898 = CARTESIAN_POINT ( 'NONE',  ( 18.02352513844160598, 166.0754328089886087, 32.65355535758548911 ) ) ;
#2899 = CARTESIAN_POINT ( 'NONE',  ( 2.714950842444222801, 128.2345590548798384, 9.297681588187606039 ) ) ;
#2900 = CARTESIAN_POINT ( 'NONE',  ( 27.62664258987123134, 161.8103653105362127, 29.69777110895671512 ) ) ;
#2901 = CARTESIAN_POINT ( 'NONE',  ( -13.39094611572942028, 133.6951802540117455, 9.961440206418759047 ) ) ;
#2902 = CARTESIAN_POINT ( 'NONE',  ( 13.40141767326503697, 132.2363032159698832, 8.931932343830078835 ) ) ;
#2903 = CARTESIAN_POINT ( 'NONE',  ( 20.91270490009286576, 168.0980332412000848, 33.73738751687645276 ) ) ;
#2904 = ORIENTED_EDGE ( 'NONE', *, *, #674, .F. ) ;
#2905 = CARTESIAN_POINT ( 'NONE',  ( -20.52014445905357931, 156.6057295268295491, 26.04765172365027581 ) ) ;
#2906 = CARTESIAN_POINT ( 'NONE',  ( 8.779350699435433114, 130.5670578249092841, 7.616067505923002301 ) ) ;
#2907 = CARTESIAN_POINT ( 'NONE',  ( -8.217206518285932404, 141.5105090550804050, 15.50092882756027990 ) ) ;
#2908 = DIRECTION ( 'NONE',  ( -4.007112187419980067E-15, -0.8189665403419609246, -0.5738412723047370267 ) ) ;
#2909 = CARTESIAN_POINT ( 'NONE',  ( -11.16021821851293261, 128.6154398855265129, 6.361279645035994079 ) ) ;
#2910 = CARTESIAN_POINT ( 'NONE',  ( -5.047019809685748370, 142.2982542359683293, 16.05244222465451998 ) ) ;
#2911 = AXIS2_PLACEMENT_3D ( 'NONE', #6423, #1105, #3278 ) ;
#2912 = CARTESIAN_POINT ( 'NONE',  ( 17.16834800947102835, 167.8682110581647180, 37.29452280271524955 ) ) ;
#2913 = CARTESIAN_POINT ( 'NONE',  ( -17.32063737326265951, 140.8220058335006684, 14.97546491559673143 ) ) ;
#2914 = CARTESIAN_POINT ( 'NONE',  ( -8.031812843551447756, 128.6675409139471640, 6.294838787089168441 ) ) ;
#2915 = ORIENTED_EDGE ( 'NONE', *, *, #313, .F. ) ;
#2916 = CARTESIAN_POINT ( 'NONE',  ( -13.19061989292432990, 132.1056470843694512, 10.79226467842615378 ) ) ;
#2917 = CARTESIAN_POINT ( 'NONE',  ( 13.04246500539373876, 161.1403221157791563, 28.57928942938736583 ) ) ;
#2918 = CARTESIAN_POINT ( 'NONE',  ( 22.22616392766036242, 140.2268809669699010, 14.60862006542926750 ) ) ;
#2919 = CARTESIAN_POINT ( 'NONE',  ( -20.63169906375377138, 174.5546993930333031, 38.58951927437389884 ) ) ;
#2920 = CARTESIAN_POINT ( 'NONE',  ( -12.67542811458384300, 171.0923874865399341, 35.96838905367530970 ) ) ;
#2921 = CARTESIAN_POINT ( 'NONE',  ( -14.01734041803764264, 163.7598820779090829, 30.87540857499935498 ) ) ;
#2922 = CARTESIAN_POINT ( 'NONE',  ( -12.73955315881314831, 151.7156799211868474, 22.70657429828476381 ) ) ;
#2923 = CARTESIAN_POINT ( 'NONE',  ( -11.18981012903418559, 145.6277616074594334, 18.42375258491674117 ) ) ;
#2924 = CARTESIAN_POINT ( 'NONE',  ( -14.99531352987182586, 131.1076998755140153, 8.351521381419562573 ) ) ;
#2925 = EDGE_LOOP ( 'NONE', ( #5980, #100 ) ) ;
#2926 = ADVANCED_FACE ( 'NONE', ( #41 ), #5461, .F. ) ;
#2927 = CARTESIAN_POINT ( 'NONE',  ( 1.458049658112935409, 134.1616948981272230, 10.15614803947503653 ) ) ;
#2928 = EDGE_CURVE ( 'NONE', #2469, #3950, #3872, .T. ) ;
#2929 = CARTESIAN_POINT ( 'NONE',  ( 22.10179747574672859, 166.0762388475962155, 32.66247607755726534 ) ) ;
#2930 = AXIS2_PLACEMENT_3D ( 'NONE', #3228, #3765, #10 ) ;
#2931 = CARTESIAN_POINT ( 'NONE',  ( -2.208715529680582268, 158.9875431436616964, 26.49765527353074290 ) ) ;
#2932 = CARTESIAN_POINT ( 'NONE',  ( 26.17950533785153411, 165.5737242952720578, 34.45855060452051788 ) ) ;
#2933 = EDGE_LOOP ( 'NONE', ( #2123, #202, #6008, #1485 ) ) ;
#2934 = CARTESIAN_POINT ( 'NONE',  ( -19.29914254715108868, 156.7366152018143168, 26.17374269099351380 ) ) ;
#2935 = CARTESIAN_POINT ( 'NONE',  ( -17.95625748593857196, 132.8491698475834824, 9.745173659669287503 ) ) ;
#2936 = CARTESIAN_POINT ( 'NONE',  ( 22.16043851314676161, 132.1896585954864349, 9.019952850380041909 ) ) ;
#2937 = EDGE_CURVE ( 'NONE', #5548, #2381, #4963, .T. ) ;
#2938 = UNCERTAINTY_MEASURE_WITH_UNIT (LENGTH_MEASURE( 1.000000000000000082E-05 ), #924, 'distance_accuracy_value', 'NONE');
#2939 = B_SPLINE_SURFACE_WITH_KNOTS ( 'NONE', 5, 5, ( 
 ( #3394, #2417, #6186, #2919, #5109, #4536, #4506, #6156, #4061, #1220, #206, #1310, #6719, #1254, #1821, #3997, #3426, #2385, #4568, #6249, #6750, #3525, #5718, #6216, #2989, #5623, #104, #1851, #2287, #4471, #6648, #3487, #6815, #889, #3669, #1919, #3131, #3556, #5897, #5321, #961, #5792, #5861, #3059, #5213 ),
 ( #2452, #422, #998, #347, #2061, #1530, #6890, #5825, #4632, #3634, #4742, #5178, #274, #1955, #2596, #923, #2488, #1458, #310, #4100, #2522, #4781, #4134, #3707, #6284, #4671, #6854, #1379, #6318, #5249, #4705, #6966, #5284, #1417, #4170, #5753, #6426, #852, #6354, #3594, #1494, #1990, #3023, #3097, #2027 ),
 ( #4245, #384, #2558, #6927, #4212, #6392, #3744, #3169, #5938, #5363, #4282, #462, #2634, #1567, #4818, #7000, #2094, #6463, #5725, #5020, #6691, #3495, #3466, #143, #6194, #2867, #111, #5082, #5152, #1796, #1352, #2294, #5053, #2327, #2831, #4514, #2898, #178, #248, #2929, #3973, #1829, #1764, #4070, #4480 ),
 ( #6225, #6165, #3938, #2359, #6758, #6727, #4545, #6256, #759, #4039, #2426, #5630, #4606, #1859, #1261, #3402, #5662, #793, #5598, #3433, #6128, #1227, #729, #4005, #1290, #6655, #1319, #3532, #5119, #215, #699, #2393, #4576, #6789, #5692, #2963, #1892, #6517, #3867, #5015, #4338, #37, #1189, #1619, #586 ),
 ( #7056, #1726, #512, #2217, #4976, #4371, #552, #3295, #6552, #5454, #6586, #2759, #3360, #1124, #6091, #107, #620, #657, #3795, #4442, #2687, #5556, #2827, #2255, #1691, #5415, #1654, #6620, #4872, #3900, #2146, #4476, #2290, #5987, #6058, #6651, #1088, #2727, #3259, #4908, #4, #2181, #3831, #1049, #3759 ),
 ( #6023, #5952, #4406, #5491, #3222, #4940, #1157, #3328, #5522, #2793, #68, #2388, #5658, #6784, #754, #2922, #4571, #4540, #139, #5049, #1887, #5593, #210, #2958, #2355, #5626, #1286, #6723, #3429, #6753, #5113, #1346, #6189, #4065, #2992, #5686, #5721, #6687, #2420, #695, #3528, #820, #243, #1854, #3398 ),
 ( #2863, #6252, #2323, #2455, #5181, #4601, #1824, #277, #4000, #1792, #4509, #4636, #6124, #1757, #3934, #3460, #1223, #3969, #4034, #6220, #6160, #1314, #3490, #1257, #725, #2893, #5078, #788, #172, #5147, #6857, #1923, #1993, #2064, #5794, #5367, #4103, #1958, #4137, #2638, #1420, #6895, #4174, #4249, #6930 ),
 ( #5756, #1001, #6286, #928, #6322, #3134, #3598, #855, #6358, #3674, #3637, #1461, #3174, #4744, #964, #6431, #2525, #1533, #5864, #3064, #1382, #3100, #891, #5325, #5253, #3025, #5829, #425, #5287, #388, #466, #2029, #2599, #3710, #4708, #5901, #4784, #350, #314, #2561, #6969, #2492, #4215, #5216, #4674 ),
 ( #6395, #3559, #6819, #1498, #1643, #538, #6081, #1113, #7082, #4431, #5545, #4931, #28, #3249, #5942, #2714, #5480, #3821, #2784, #6012, #3284, #576, #4899, #3212, #1039, #4966, #1571, #2749, #6047, #5443, #1609, #4362, #2172, #6507, #2207, #4396, #6611, #6542, #59, #1179, #1680, #1715, #2677, #5513, #3749 ),
 ( #6577, #3858, #1146, #3318, #611, #5405, #2244, #4860, #3888, #3350, #646, #4823, #7005, #2099, #502, #4286, #6468, #7043, #2135, #4327, #3785, #5977, #1077, #2882, #2410, #3420, #3448, #200, #5136, #683, #5647, #233, #3480, #1845, #4499, #1780, #3991, #2378, #3924, #4562, #4591, #5039, #4530, #6677, #6114 ),
 ( #2851, #6772, #745, #3387, #2280, #5711, #2913, #4464, #1275, #6744, #2816, #5004, #3958, #5677, #5102, #128, #6180, #2312, #95, #5069, #1875, #6149, #1334, #6640, #1247, #5614, #1747, #715, #162, #2345, #4053, #4023, #6713, #1815, #1213, #6241, #5582, #6209, #1304, #776, #2948, #3518, #5243, #4736, #4699 ),
 ( #1450, #5171, #1488, #341, #845, #6884, #6806, #5819, #3701, #2443, #2021, #6348, #2590, #1372, #5746, #6385, #1411, #3052, #1984, #2552, #3549, #4624, #4163, #4093, #267, #1911, #416, #3626, #917, #3016, #3090, #2054, #5203, #5278, #5315, #302, #377, #5784, #6277, #6921, #2480, #4204, #3125, #4664, #6847 ),
 ( #1949, #4128, #2981, #3663, #6312, #5855, #3588, #4774, #810, #881, #955, #4239, #2516, #6959, #6420, #1523, #4986, #6068, #1700, #6627, #665, #2627, #2801, #5931, #116, #1734, #4518, #6099, #1197, #991, #6457, #78, #2265, #3908, #1768, #6595, #5356, #3875, #2837, #1166, #3369, #5394, #4451, #4810, #149 ),
 ( #492, #2299, #1030, #6994, #3336, #5026, #5566, #5530, #2333, #4486, #6664, #1232, #632, #5602, #3944, #2227, #1561, #6134, #3407, #3737, #4850, #2088, #4276, #3203, #7033, #703, #3163, #2871, #6696, #5057, #1801, #5891, #456, #2666, #4414, #4687, #4077, #6265, #2397, #5089, #1864, #4611, #798, #1937, #2968 ),
 ( #1265, #2431, #5666, #6794, #6299, #4011, #4550, #1394, #4650, #6731, #2365, #6169, #5157, #2901, #1358, #765, #5769, #3978, #1833, #4115, #329, #6198, #3573, #5124, #1897, #253, #4043, #6762, #3537, #5731, #733, #829, #1294, #5191, #3003, #2504, #288, #2466, #3437, #3469, #6835, #867, #3037, #5228, #4580 ),
 ( #6870, #6229, #5635, #1324, #185, #2935, #220, #3504, #5699, #4300, #2651, #1014, #3649, #941, #3146, #1547, #3077, #3722, #6480, #4188, #3688, #5842, #5265, #4835, #1432, #6907, #6333, #7019, #4874, #4226, #5954, #5417, #5878, #2612, #3611, #439, #5915, #1970, #4150, #3113, #2112, #4797, #6371, #5339, #2006 ),
 ( #1583, #5299, #514, #5806, #1475, #400, #904, #2573, #2041, #6407, #3761, #2076, #4757, #976, #365, #3224, #2536, #6981, #6944, #5379, #1511, #4721, #4262, #3188, #6445, #478, #2689, #1051, #1191, #2292, #2761, #6653, #3902, #3297, #554, #2795, #5017, #2729, #6025, #1090, #5457, #4373, #1126, #4942, #4340 ),
 ( #3869, #39, #1225, #3330, #2219, #1759, #697, #71, #2257, #5493, #3261, #4408, #622, #6060, #109, #1159, #5524, #4978, #6589, #4910, #6, #4478, #3797, #4444, #3362, #588, #3833, #1693, #6622, #1656, #1728, #6093, #3936, #5558, #6126, #3400, #659, #5595, #2183, #2829, #5989, #2865, #7058, #2148, #6519 ),
 ( #1621, #6554, #2994, #3431, #5758, #5183, #822, #5660, #5723, #2924, #5080, #5628, #4639, #6254, #3492, #6821, #727, #2895, #3530, #756, #212, #1856, #6786, #174, #6689, #6222, #1259, #4511, #3971, #1925, #790, #5688, #2357, #5149, #6288, #4542, #1316, #2457, #6725, #4036, #5115, #2325, #2960, #1826, #245 ),
 ( #2390, #4002, #4573, #6755, #6191, #2422, #4603, #4105, #1889, #279, #1384, #4067, #3561, #1288, #857, #1794, #5051, #141, #6162, #1348, #3462, #5832, #1535, #4676, #1004, #1422, #3751, #3176, #5903, #3639, #3712, #930, #3067, #3600, #2641, #317, #5369, #5944, #5289, #7008, #6470, #4746, #3676, #2494, #1501 ),
 ( #5218, #6897, #468, #5866, #352, #6397, #5255, #6859, #390, #4825, #1995, #1574, #1960, #2527, #4710, #3027, #4176, #3102, #2563, #2101, #3136, #6361, #2031, #4139, #4288, #6324, #4217, #1463, #6433, #6933, #5796, #966, #6971, #5327, #428, #893, #2601, #4252, #4786, #2066, #648, #4968, #4364, #1611, #3860 ),
 ( #1682, #2786, #4862, #4933, #1079, #2246, #6049, #6642, #1148, #3320, #3214, #3787, #2210, #4398, #5515, #3890, #1645, #504, #6014, #61, #1115, #2818, #3823, #613, #4433, #3352, #5979, #6613, #5547, #1717, #6083, #2716, #7084, #6579, #1181, #2138, #5006, #97, #3251, #2751, #4901, #4329, #2282, #2679, #5446 ),
 ( #540, #7045, #3926, #4466, #1041, #2174, #1749, #5407, #6509, #6544, #3286, #5482, #578, #30, #5678, #6745, #3389, #6773, #3450, #6151, #2914, #5041, #4024, #1913, #685, #234, #4563, #811, #6679, #3960, #4592, #6714, #1276, #5103, #778, #1782, #2853, #201, #2314, #5584, #130, #5712, #1846, #6211, #1249 ),
 ( #3421, #2379, #3519, #5616, #1305, #3992, #4501, #3481, #717, #2949, #1336, #2883, #5070, #2982, #1877, #163, #2346, #1215, #5137, #4531, #2411, #1816, #5172, #6116, #6181, #4054, #2444, #5648, #268, #746, #6242, #4625, #6807, #6848, #303, #4665, #1373, #2482, #4094, #6278, #3550, #5747, #846, #3017, #5204 ) ),
 .UNSPECIFIED., .F., .F., .F.,
 ( 6, 3, 3, 3, 3, 3, 3, 6 ),
 ( 6, 3, 3, 3, 3, 3, 3, 3, 3, 3, 3, 3, 3, 3, 6 ),
 ( -31.08332071554546516, -5.069897142880325447, -0.5291731671209092269, 11.27390226869413326, 17.19721724735520141, 21.24771895330589544, 22.26457152590491617, 25.74219664601405100 ),
 ( -25.89447700599419022, -22.63158540302328703, -19.38581049691950042, -17.70194080836238726, -16.85367570861364328, -15.57102696406478159, -13.00572947496705467, -9.032646994467484092, 3.239379079384015370, 6.836970710009026675, 10.18453657795753031, 12.72443977489892575, 16.02329685704812334, 20.62118580427227954, 29.81696318932368683 ),
 .UNSPECIFIED. ) ;
#2940 = ORIENTED_EDGE ( 'NONE', *, *, #799, .F. ) ;
#2941 = DIRECTION ( 'NONE',  ( 0.0000000000000000000, 0.8189665403419611467, 0.5738412723047369157 ) ) ;
#2942 = CARTESIAN_POINT ( 'NONE',  ( 1.711991245498174719, 130.5777984821185669, 7.583331266311693852 ) ) ;
#2943 = CARTESIAN_POINT ( 'NONE',  ( -9.043459992137115933, 137.4332635281795660, 12.57567763395436344 ) ) ;
#2944 = CARTESIAN_POINT ( 'NONE',  ( -20.33500020824389765, 162.8448594792932056, 32.48943513058888755 ) ) ;
#2945 = CARTESIAN_POINT ( 'NONE',  ( 33.20062825374856885, 129.1217588528641329, 6.960011998602383620 ) ) ;
#2946 = CARTESIAN_POINT ( 'NONE',  ( 0.04964504449796180996, 128.1517042276236111, 9.236752986153341283 ) ) ;
#2947 = CARTESIAN_POINT ( 'NONE',  ( 26.63101280084158518, 165.7253139995598872, 35.79013337261950767 ) ) ;
#2948 = CARTESIAN_POINT ( 'NONE',  ( 24.90420520871300880, 140.8526675042329259, 15.03606015506736604 ) ) ;
#2949 = CARTESIAN_POINT ( 'NONE',  ( -14.98979872396771285, 127.8893086031636983, 6.175502553356166047 ) ) ;
#2950 = ORIENTED_EDGE ( 'NONE', *, *, #6817, .F. ) ;
#2951 = CARTESIAN_POINT ( 'NONE',  ( -11.92052228379789369, 133.2360593949740633, 9.572411432675616894 ) ) ;
#2952 = CARTESIAN_POINT ( 'NONE',  ( 18.98802607562890543, 167.5967723099795990, 33.73731101138335475 ) ) ;
#2953 = CARTESIAN_POINT ( 'NONE',  ( 23.46694407904589141, 141.0059628110207086, 15.15272483152658900 ) ) ;
#2954 = CARTESIAN_POINT ( 'NONE',  ( 21.54440186774208144, 158.7165934809513033, 24.17570704190572073 ) ) ;
#2955 = CARTESIAN_POINT ( 'NONE',  ( -20.46486226206030068, 157.3361521212803211, 29.82398789467341160 ) ) ;
#2956 = CARTESIAN_POINT ( 'NONE',  ( -19.62979399611770859, 161.1486138996444595, 29.01481934343462044 ) ) ;
#2957 = DIRECTION ( 'NONE',  ( 0.0000000000000000000, 0.8189665403419595924, 0.5738412723047389141 ) ) ;
#2958 = CARTESIAN_POINT ( 'NONE',  ( -0.7793163540557022095, 151.7468496020010775, 22.69173174871139054 ) ) ;
#2959 = CARTESIAN_POINT ( 'NONE',  ( 16.22666137415449938, 148.3453562477318144, 20.30941732625699103 ) ) ;
#2960 = CARTESIAN_POINT ( 'NONE',  ( 29.51878030569917755, 131.1968187177494372, 8.334556383574193816 ) ) ;
#2961 = ORIENTED_EDGE ( 'NONE', *, *, #3898, .T. ) ;
#2962 = CARTESIAN_POINT ( 'NONE',  ( 25.22820105565412874, 137.7643522615192921, 14.14936578554833169 ) ) ;
#2963 = CARTESIAN_POINT ( 'NONE',  ( 17.37113758897981342, 161.8176109321628928, 29.66213931116004687 ) ) ;
#2964 = CARTESIAN_POINT ( 'NONE',  ( -12.94564663414537087, 142.8175134758639331, 16.40653429854909362 ) ) ;
#2965 = CYLINDRICAL_SURFACE ( 'NONE', #5096, 4.000000000000013323 ) ;
#2966 = CARTESIAN_POINT ( 'NONE',  ( 28.39446488686008152, 164.0177825907167062, 33.36198284100748879 ) ) ;
#2967 = CARTESIAN_POINT ( 'NONE',  ( -11.98730952226430091, 161.7316983853548322, 29.71195521581640620 ) ) ;
#2968 = CARTESIAN_POINT ( 'NONE',  ( 33.18994031272885792, 135.3498203426056818, 11.19123211220368574 ) ) ;
#2969 = CARTESIAN_POINT ( 'NONE',  ( -22.51600114470595315, 131.7677945447193224, 9.510168256286616995 ) ) ;
#2970 = ORIENTED_EDGE ( 'NONE', *, *, #2445, .F. ) ;
#2971 = CARTESIAN_POINT ( 'NONE',  ( 29.86089882411206275, 163.6434658719641391, 33.09902938375414294 ) ) ;
#2972 = EDGE_CURVE ( 'NONE', #2433, #1550, #5573, .T. ) ;
#2973 = ADVANCED_FACE ( 'NONE', ( #1354 ), #2965, .F. ) ;
#2974 = CARTESIAN_POINT ( 'NONE',  ( -17.95181168219728463, 130.2052644177570926, 8.065076203078586303 ) ) ;
#2975 = CARTESIAN_POINT ( 'NONE',  ( -9.353985824151600070, 136.9732682997861843, 12.24540126072029622 ) ) ;
#2976 = CARTESIAN_POINT ( 'NONE',  ( 12.67774066732461336, 159.6541277849983373, 28.15059101857393387 ) ) ;
#2977 = CARTESIAN_POINT ( 'NONE',  ( -13.15479681001853507, 170.7131895920059321, 38.05147737429363985 ) ) ;
#2978 = CARTESIAN_POINT ( 'NONE',  ( 29.52429630685953299, 127.9588722727479677, 6.186373664367278202 ) ) ;
#2979 = CARTESIAN_POINT ( 'NONE',  ( 6.680302417845532581, 129.2425104518276839, 8.788826590975672204 ) ) ;
#2980 = CARTESIAN_POINT ( 'NONE',  ( 28.80429484115051864, 164.8007163875030585, 31.18269513564177942 ) ) ;
#2981 = CARTESIAN_POINT ( 'NONE',  ( -21.21911404533269518, 136.8330762676100960, 12.41566811909275359 ) ) ;
#2982 = CARTESIAN_POINT ( 'NONE',  ( -13.38111524656169671, 127.9665641818623953, 6.069503312191415034 ) ) ;
#2983 = EDGE_LOOP ( 'NONE', ( #6110, #3520, #286, #4521 ) ) ;
#2984 = B_SPLINE_CURVE_WITH_KNOTS ( 'NONE', 3,
 ( #6974, #1007, #320, #2566, #2497, #4750, #5907, #4679 ),
 .UNSPECIFIED., .F., .F.,
 ( 4, 2, 2, 4 ),
 ( 0.006782660602016129907, 0.01139192796642131411, 0.01600119533082650439, 0.02521973005963688841 ),
 .UNSPECIFIED. ) ;
#2985 = CARTESIAN_POINT ( 'NONE',  ( -12.58113242193926240, 133.7379311416522683, 9.914045459219131828 ) ) ;
#2986 = CARTESIAN_POINT ( 'NONE',  ( 23.90483678409540502, 134.2234676845385195, 12.32136592307121070 ) ) ;
#2987 = CARTESIAN_POINT ( 'NONE',  ( 23.47095814787850543, 145.3288186465980516, 18.19806340042829973 ) ) ;
#2988 = CARTESIAN_POINT ( 'NONE',  ( 31.18472500509031420, 144.4891658987011454, 19.57618089444411424 ) ) ;
#2989 = CARTESIAN_POINT ( 'NONE',  ( 1.635590270908972910, 174.5633971691480895, 38.63210986134610181 ) ) ;
#2990 = FACE_OUTER_BOUND ( 'NONE', #3087, .T. ) ;
#2991 = CARTESIAN_POINT ( 'NONE',  ( -10.29461880930547757, 184.6715953745293177, -38.06859585681435476 ) ) ;
#2992 = CARTESIAN_POINT ( 'NONE',  ( 16.22073306222187128, 151.7762914131914442, 22.69179061694523369 ) ) ;
#2993 = CARTESIAN_POINT ( 'NONE',  ( -0.7733890342251372729, 148.3321458742593677, 20.28625357036595389 ) ) ;
#2994 = CARTESIAN_POINT ( 'NONE',  ( -21.20911981030155857, 130.7872196547109809, 8.792373682586340777 ) ) ;
#2995 = VERTEX_POINT ( 'NONE', #6759 ) ;
#2996 = CARTESIAN_POINT ( 'NONE',  ( 30.91738001174155670, 161.1511463827943089, 31.34026876727107691 ) ) ;
#2997 = CARTESIAN_POINT ( 'NONE',  ( 28.96516957250489455, 157.5440251951060873, 26.72070329177553560 ) ) ;
#2998 = CARTESIAN_POINT ( 'NONE',  ( 1.327459697339549161, 129.5578207814329232, 9.006577338035468117 ) ) ;
#2999 = CARTESIAN_POINT ( 'NONE',  ( 24.47816614785830325, 154.6699466571255073, 24.11360866047548157 ) ) ;
#3000 = CARTESIAN_POINT ( 'NONE',  ( 16.33659123258310686, 131.2571720477807844, 10.22009281512023726 ) ) ;
#3001 = CARTESIAN_POINT ( 'NONE',  ( 22.10918108575125629, 161.8125246040692957, 29.68107639578559898 ) ) ;
#3002 = AXIS2_PLACEMENT_3D ( 'NONE', #6001, #1138, #5967 ) ;
#3003 = CARTESIAN_POINT ( 'NONE',  ( 16.25205656453396585, 133.6808593769183631, 10.05500556942845414 ) ) ;
#3004 = CARTESIAN_POINT ( 'NONE',  ( -16.31973924942663601, 132.0585982921078880, 9.111516067419334064 ) ) ;
#3005 = CARTESIAN_POINT ( 'NONE',  ( -2.208715529680582268, 158.9875431436616964, 26.49765527353074290 ) ) ;
#3006 = ORIENTED_EDGE ( 'NONE', *, *, #2490, .T. ) ;
#3007 = CARTESIAN_POINT ( 'NONE',  ( 30.21769271269577573, 162.4599722808917761, 33.48787907393096930 ) ) ;
#3008 = CARTESIAN_POINT ( 'NONE',  ( -22.51171351422676281, 129.1452896905520902, 7.998924332556639705 ) ) ;
#3009 = CARTESIAN_POINT ( 'NONE',  ( 17.41246389395247363, 137.9288140275465935, 13.01215102694894199 ) ) ;
#3010 = EDGE_CURVE ( 'NONE', #4218, #182, #4646, .T. ) ;
#3011 = CARTESIAN_POINT ( 'NONE',  ( 25.52671710766988866, 154.3187729533755430, 24.47584256869478736 ) ) ;
#3012 = CARTESIAN_POINT ( 'NONE',  ( 21.54440186774208144, 166.3329823061315267, 29.51243087433977408 ) ) ;
#3013 = CARTESIAN_POINT ( 'NONE',  ( -17.94757095165857663, 127.6968658458865775, 6.442136209644427680 ) ) ;
#3014 = CARTESIAN_POINT ( 'NONE',  ( -12.19802773404110852, 133.4151204547554812, 9.711095120514197987 ) ) ;
#3015 = CARTESIAN_POINT ( 'NONE',  ( 28.39612502605186961, 165.3052381673757054, 31.53854511377546999 ) ) ;
#3016 = CARTESIAN_POINT ( 'NONE',  ( 11.54448254367357940, 137.9498920848794228, 12.96766078043087944 ) ) ;
#3017 = CARTESIAN_POINT ( 'NONE',  ( 31.36344996602602464, 127.9604688558763570, 6.188641328286781373 ) ) ;
#3018 = ORIENTED_EDGE ( 'NONE', *, *, #6485, .F. ) ;
#3019 = CARTESIAN_POINT ( 'NONE',  ( 17.93901777244160556, 148.1405964217682083, 20.17116415858472678 ) ) ;
#3020 = CARTESIAN_POINT ( 'NONE',  ( 28.32516313814486253, 136.8605458504697765, 14.18732432282048883 ) ) ;
#3021 = CARTESIAN_POINT ( 'NONE',  ( -18.12410180300933504, 165.6746306403173890, 34.48943311775497023 ) ) ;
#3022 = CARTESIAN_POINT ( 'NONE',  ( 29.44589985515960606, 138.1283490031219117, 15.08348845916875192 ) ) ;
#3023 = CARTESIAN_POINT ( 'NONE',  ( 29.45102922181338556, 170.3362362966850867, 35.66732786545826173 ) ) ;
#3024 = CARTESIAN_POINT ( 'NONE',  ( -10.06151298410102513, 157.1171569556385919, 26.25595164366390577 ) ) ;
#3025 = CARTESIAN_POINT ( 'NONE',  ( 4.854932427844430798, 148.3653437622069475, 20.25289225098572743 ) ) ;
#3026 = CARTESIAN_POINT ( 'NONE',  ( 33.17536483942646441, 143.7727322345106415, 17.06728659236114609 ) ) ;
#3027 = CARTESIAN_POINT ( 'NONE',  ( -12.70136732575914174, 129.7208489249426862, 7.203854784569974079 ) ) ;
#3028 = VERTEX_POINT ( 'NONE', #6129 ) ;
#3029 = CARTESIAN_POINT ( 'NONE',  ( 15.32030932080378527, 131.8342134213272345, 10.62659183539283703 ) ) ;
#3030 = CARTESIAN_POINT ( 'NONE',  ( -21.59101866942059189, 159.8376784718939803, 28.07956180181890815 ) ) ;
#3031 = CARTESIAN_POINT ( 'NONE',  ( 27.74751031922031075, 155.5866490436707181, 25.35635389872255985 ) ) ;
#3032 = CARTESIAN_POINT ( 'NONE',  ( 20.45601286583379164, 146.4370972595124840, 18.98345931369569684 ) ) ;
#3033 = CARTESIAN_POINT ( 'NONE',  ( 18.79610832455992053, 134.0318001367006389, 10.12434660072317172 ) ) ;
#3034 = DIRECTION ( 'NONE',  ( -0.0007442459860544277123, -0.5767790251485576114, 0.8168998728403572551 ) ) ;
#3035 = CARTESIAN_POINT ( 'NONE',  ( -6.207639679727847692, 149.3204083317285153, 21.02989230149364275 ) ) ;
#3036 = CARTESIAN_POINT ( 'NONE',  ( -19.30781461128206900, 161.7383903541909547, 29.68435719866349842 ) ) ;
#3037 = CARTESIAN_POINT ( 'NONE',  ( 29.51446399542923160, 133.7110847029317426, 10.04472196274902629 ) ) ;
#3038 = CARTESIAN_POINT ( 'NONE',  ( 16.25464515912877417, 132.1766449231049876, 9.023897644484774716 ) ) ;
#3039 = AXIS2_PLACEMENT_3D ( 'NONE', #3810, #3700, #1102 ) ;
#3040 = CARTESIAN_POINT ( 'NONE',  ( 30.20383625103048431, 153.2865688777668254, 23.74199972985273277 ) ) ;
#3041 = ORIENTED_EDGE ( 'NONE', *, *, #5737, .F. ) ;
#3042 = CARTESIAN_POINT ( 'NONE',  ( 31.09871660774257407, 159.6157269352420656, 31.48047839479855270 ) ) ;
#3043 = VECTOR ( 'NONE', #1428, 999.9999999999998863 ) ;
#3044 = CARTESIAN_POINT ( 'NONE',  ( 33.19836426701058940, 130.4480113579500653, 7.845809556999899570 ) ) ;
#3045 = CARTESIAN_POINT ( 'NONE',  ( -0.7553406560049801266, 137.9675981116777734, 12.91209212402827333 ) ) ;
#3046 = CARTESIAN_POINT ( 'NONE',  ( 17.48708029110541773, 154.3557097193203447, 24.48781830922930425 ) ) ;
#3047 = DIRECTION ( 'NONE',  ( 0.0007442459860544280376, 0.5767790251485572783, -0.8168998728403574772 ) ) ;
#3048 = CARTESIAN_POINT ( 'NONE',  ( -12.69840495898999322, 127.9926041465866149, 6.034121747460541307 ) ) ;
#3049 = FACE_BOUND ( 'NONE', #5966, .T. ) ;
#3050 = B_SPLINE_SURFACE_WITH_KNOTS ( 'NONE', 1, 3, ( 
 ( #6576, #6430, #3748, #5941, #4395, #3317, #5512, #3211, #1679, #3856, #58, #1145, #2713, #5404, #610, #2134, #1532, #501, #2675, #4859 ),
 ( #4326, #6506, #5976, #1076, #1642, #6011, #3386, #127, #1714, #2912, #775, #1246, #2311, #5676, #713, #6676, #4022, #5135, #4529, #6712 ) ),
 .UNSPECIFIED., .F., .F., .F.,
 ( 2, 2 ),
 ( 4, 2, 2, 2, 2, 2, 2, 2, 2, 4 ),
 ( 0.0000000000000000000, 1.000000000000000000 ),
 ( 0.0000000000000000000, 0.06249999999981652871, 0.1250000000000071332, 0.1875000000000106304, 0.2500000000000140998, 0.3750000000000114353, 0.5000000000000094369, 0.7500000000000045519, 0.8750000000000023315, 1.000000000000000000 ),
 .UNSPECIFIED. ) ;
#3051 = CARTESIAN_POINT ( 'NONE',  ( 30.20251661281887934, 154.7169685464896816, 26.79671211382930451 ) ) ;
#3052 = CARTESIAN_POINT ( 'NONE',  ( -11.17640043941028694, 137.9369590629145819, 12.92997912517429526 ) ) ;
#3053 = VECTOR ( 'NONE', #1519, 1000.000000000000000 ) ;
#3054 = ORIENTED_EDGE ( 'NONE', *, *, #1155, .F. ) ;
#3055 = CARTESIAN_POINT ( 'NONE',  ( 18.28318852919079518, 146.9320431622965657, 19.32924078598939133 ) ) ;
#3056 = FACE_OUTER_BOUND ( 'NONE', #779, .T. ) ;
#3057 = CARTESIAN_POINT ( 'NONE',  ( -8.413064718557286881, 171.1172902810293124, 38.34111606818912321 ) ) ;
#3058 = CARTESIAN_POINT ( 'NONE',  ( 31.14120669292328003, 143.3492210894045797, 18.77127362763967611 ) ) ;
#3059 = CARTESIAN_POINT ( 'NONE',  ( 31.28280001529644494, 174.5893695441183695, 38.66832957208324473 ) ) ;
#3060 = VECTOR ( 'NONE', #1956, 1000.000000000000114 ) ;
#3061 = SURFACE_SIDE_STYLE ('',( #4135 ) ) ;
#3062 = CARTESIAN_POINT ( 'NONE',  ( -21.89392148521811521, 157.1462050877339607, 26.18703950887238108 ) ) ;
#3063 = EDGE_CURVE ( 'NONE', #1035, #5713, #989, .T. ) ;
#3064 = CARTESIAN_POINT ( 'NONE',  ( -9.373714633913122540, 148.2950442667325603, 20.31783467028133572 ) ) ;
#3065 = EDGE_CURVE ( 'NONE', #1296, #62, #6498, .T. ) ;
#3066 = CARTESIAN_POINT ( 'NONE',  ( -13.40834983723301654, 143.7085964869273482, 17.04357972489745165 ) ) ;
#3067 = CARTESIAN_POINT ( 'NONE',  ( 14.58191397158660152, 130.4868805885120651, 7.744521873096932296 ) ) ;
#3068 = EDGE_LOOP ( 'NONE', ( #1772, #1064 ) ) ;
#3069 = CARTESIAN_POINT ( 'NONE',  ( 30.20383578021451854, 154.2278498178611983, 24.40025469974515460 ) ) ;
#3070 = CARTESIAN_POINT ( 'NONE',  ( 0.9155936193972276094, 170.3537374866467928, 37.81050216741464709 ) ) ;
#3071 = CARTESIAN_POINT ( 'NONE',  ( 27.08537022566990160, 155.9351831689956782, 24.99135884439903066 ) ) ;
#3072 = CARTESIAN_POINT ( 'NONE',  ( 19.16652762039273838, 146.2690993015592937, 18.86688024843116551 ) ) ;
#3073 = CARTESIAN_POINT ( 'NONE',  ( 29.73512602122350756, 140.8797469138736744, 17.02639959451977347 ) ) ;
#3074 = CARTESIAN_POINT ( 'NONE',  ( 24.08337260691694581, 167.5983317229128886, 33.74641033561788106 ) ) ;
#3075 = CARTESIAN_POINT ( 'NONE',  ( -1.140392104700313824, 133.1136665948737630, 9.416812254425932949 ) ) ;
#3076 = CARTESIAN_POINT ( 'NONE',  ( -0.7879883010737556148, 156.7467087107641248, 26.20507367789254261 ) ) ;
#3077 = CARTESIAN_POINT ( 'NONE',  ( -11.93749857805288883, 133.0731122961099686, 9.441257992558071521 ) ) ;
#3078 = CARTESIAN_POINT ( 'NONE',  ( 33.19679929643346838, 131.3618640919460745, 8.462486348240123135 ) ) ;
#3079 = DIRECTION ( 'NONE',  ( 0.0000000000000000000, 0.8169000991684958191, 0.5767791847652806725 ) ) ;
#3080 = B_SPLINE_CURVE_WITH_KNOTS ( 'NONE', 3,
 ( #2951, #2857, #2349, #2316, #3928, #1307, #101, #5586, #5139, #3452, #1217, #2284, #3521, #1280, #651, #6681, #4594, #6183, #236, #1818 ),
 .UNSPECIFIED., .F., .F.,
 ( 4, 2, 2, 2, 2, 2, 2, 2, 2, 4 ),
 ( 0.0000000000000000000, 0.0003958136988313206784, 0.0007916273976626413567, 0.001583254795325286833, 0.003166509590650540707, 0.004749764385975794798, 0.006333019181301047587, 0.009499528771951554901, 0.01108278356727680769, 0.01266603836260205874 ),
 .UNSPECIFIED. ) ;
#3081 = ORIENTED_EDGE ( 'NONE', *, *, #925, .F. ) ;
#3082 = CARTESIAN_POINT ( 'NONE',  ( 29.19418278120999943, 163.9318794515603770, 34.52619903054748818 ) ) ;
#3083 = CARTESIAN_POINT ( 'NONE',  ( -13.88056067177896402, 170.2779938300843412, 35.64326068396986358 ) ) ;
#3084 = CARTESIAN_POINT ( 'NONE',  ( 33.18542775977442005, 137.9609211638879458, 13.00538657462049841 ) ) ;
#3085 = CARTESIAN_POINT ( 'NONE',  ( 0.04964504449796180996, 128.1517042276236111, 9.236752986153341283 ) ) ;
#3086 = CARTESIAN_POINT ( 'NONE',  ( 26.44620189366390051, 136.8491160719457866, 13.50426525060048455 ) ) ;
#3087 = EDGE_LOOP ( 'NONE', ( #5316, #3373 ) ) ;
#3088 = CARTESIAN_POINT ( 'NONE',  ( -13.69077660625506887, 135.0099675389415950, 10.89288521040599278 ) ) ;
#3089 = CARTESIAN_POINT ( 'NONE',  ( 30.20420884136027695, 157.7997985260623182, 26.24091361127708311 ) ) ;
#3090 = CARTESIAN_POINT ( 'NONE',  ( 12.21399540161499608, 137.9448107615732795, 12.97654670257933418 ) ) ;
#3091 = B_SPLINE_CURVE_WITH_KNOTS ( 'NONE', 3,
 ( #5779, #4018, #1444, #1330, #3621, #5815, #2977, #912, #1368, #3191, #3514, #482, #4840, #1841, #6204, #6802, #772, #1906, #2944, #5707, #806, #5167, #263, #4089, #6273, #3545, #626, #593, #4344, #3301 ),
 .UNSPECIFIED., .F., .F.,
 ( 4, 2, 2, 2, 2, 2, 2, 2, 2, 2, 2, 2, 2, 2, 4 ),
 ( 0.0000000000000000000, 0.1250000000001352807, 0.1875000000001794953, 0.2500000000002266520, 0.3125000000003060330, 0.3750000000003542167, 0.4375000000003301248, 0.5000000000003208545, 0.5625000000004329870, 0.6250000000002079448, 0.6875000000001735279, 0.7500000000001392220, 0.8125000000001046940, 0.8750000000000046629, 1.000000000000000000 ),
 .UNSPECIFIED. ) ;
#3092 = ORIENTED_EDGE ( 'NONE', *, *, #2151, .T. ) ;
#3093 = CARTESIAN_POINT ( 'NONE',  ( -12.06426109756668019, 132.3769875034989525, 10.98487304404843989 ) ) ;
#3094 = CARTESIAN_POINT ( 'NONE',  ( 30.70762386733268201, 140.6874839109155459, 16.89153668867437119 ) ) ;
#3095 = CARTESIAN_POINT ( 'NONE',  ( -5.574666109827960625, 144.9115116418973912, 21.06503181438520755 ) ) ;
#3096 = CARTESIAN_POINT ( 'NONE',  ( -18.39320206204475028, 193.0813771888722954, -31.59618149740683890 ) ) ;
#3097 = CARTESIAN_POINT ( 'NONE',  ( 31.29018286137434757, 170.3381536392989517, 35.66913893939449309 ) ) ;
#3098 = CARTESIAN_POINT ( 'NONE',  ( -16.26283666022750296, 137.1723697687831987, 15.59100809565852508 ) ) ;
#3099 = CARTESIAN_POINT ( 'NONE',  ( -4.140181295958243801, 153.8158576389821803, 23.92792030714688067 ) ) ;
#3100 = CARTESIAN_POINT ( 'NONE',  ( -7.271424322940426066, 148.2985235892838034, 20.31807192945192497 ) ) ;
#3101 = CARTESIAN_POINT ( 'NONE',  ( -4.014418224541221214, 143.7135787521764883, 17.05967857416834477 ) ) ;
#3102 = CARTESIAN_POINT ( 'NONE',  ( -11.16219300053515795, 129.7654899747446393, 7.144109589017427986 ) ) ;
#3103 = EDGE_LOOP ( 'NONE', ( #1536, #5913, #3482, #4358 ) ) ;
#3104 = CARTESIAN_POINT ( 'NONE',  ( 14.07926749333529770, 132.5314926211905231, 8.966294023379603573 ) ) ;
#3105 = CARTESIAN_POINT ( 'NONE',  ( -20.80027870460476080, 157.2465995731350290, 26.26911738203457247 ) ) ;
#3106 = CARTESIAN_POINT ( 'NONE',  ( 27.98989435940117332, 156.3894646337640779, 25.91625661501609912 ) ) ;
#3107 = ADVANCED_FACE ( 'NONE', ( #1320 ), #4747, .T. ) ;
#3108 = LINE ( 'NONE', #3644, #4083 ) ;
#3109 = CARTESIAN_POINT ( 'NONE',  ( 26.84329594380179174, 136.8117747778014746, 14.15153902636105521 ) ) ;
#3110 = CARTESIAN_POINT ( 'NONE',  ( 26.80908196056724435, 166.4194733346888029, 32.92304896901993772 ) ) ;
#3111 = DIRECTION ( 'NONE',  ( 0.0000000000000000000, -0.8169000990817244512, -0.5767791848881760330 ) ) ;
#3112 = CARTESIAN_POINT ( 'NONE',  ( 8.022925251059504603, 151.7870680950774727, 22.65621234383641180 ) ) ;
#3113 = CARTESIAN_POINT ( 'NONE',  ( 22.15899961626166714, 133.0298217080006680, 9.587055134816779400 ) ) ;
#3114 = CARTESIAN_POINT ( 'NONE',  ( 12.22536159490649688, 131.4331746730647694, 8.309205743578212733 ) ) ;
#3115 = CARTESIAN_POINT ( 'NONE',  ( -5.454668996312904028, 173.5607935323792503, 37.68722705073459167 ) ) ;
#3116 = ORIENTED_EDGE ( 'NONE', *, *, #3627, .F. ) ;
#3117 = CARTESIAN_POINT ( 'NONE',  ( 31.20400244192007122, 157.1196143861461678, 28.49403282808759386 ) ) ;
#3118 = DIRECTION ( 'NONE',  ( -0.0001635243220479844868, -0.5738412646324201338, 0.8189665293922950839 ) ) ;
#3119 = CARTESIAN_POINT ( 'NONE',  ( 14.50550721503459783, 174.5670759635271736, 38.65864536938837404 ) ) ;
#3120 = CARTESIAN_POINT ( 'NONE',  ( 8.051413701784937871, 135.3934482293656743, 11.06706950648100829 ) ) ;
#3121 = CARTESIAN_POINT ( 'NONE',  ( 12.96586567316197680, 158.7071488363434639, 27.49054787075781192 ) ) ;
#3122 = CARTESIAN_POINT ( 'NONE',  ( 26.67868549447398863, 137.0105511586255886, 13.61845965802807079 ) ) ;
#3123 = DIRECTION ( 'NONE',  ( 0.1654746696487042479, -0.8057093737310507819, -0.5687271215500191435 ) ) ;
#3124 = CARTESIAN_POINT ( 'NONE',  ( 27.41280524358464987, 166.1869961752611289, 32.16022190674311787 ) ) ;
#3125 = CARTESIAN_POINT ( 'NONE',  ( 29.50712026957910439, 137.9605397772520803, 12.99684877618165224 ) ) ;
#3126 = ORIENTED_EDGE ( 'NONE', *, *, #760, .T. ) ;
#3127 = CARTESIAN_POINT ( 'NONE',  ( 16.99011853068837397, 148.9375813265550050, 20.72288860523427090 ) ) ;
#3128 = CARTESIAN_POINT ( 'NONE',  ( 19.81852403172192467, 167.7730656697930556, 33.86280097183078652 ) ) ;
#3129 = CARTESIAN_POINT ( 'NONE',  ( -17.07353937354045570, 166.9955586509273928, 35.42304257380374111 ) ) ;
#3130 = ORIENTED_EDGE ( 'NONE', *, *, #3904, .F. ) ;
#3131 = CARTESIAN_POINT ( 'NONE',  ( 18.00875992500501965, 174.5700324593563835, 38.66308542956933536 ) ) ;
#3132 =( NAMED_UNIT ( * ) PLANE_ANGLE_UNIT ( ) SI_UNIT ( $, .RADIAN. ) );
#3133 = CARTESIAN_POINT ( 'NONE',  ( -8.089612604750460179, 157.1181962617998806, 26.25920898516508473 ) ) ;
#3134 = CARTESIAN_POINT ( 'NONE',  ( -17.98281090055837339, 148.3172176697403302, 20.26501820878873161 ) ) ;
#3135 = CARTESIAN_POINT ( 'NONE',  ( -8.058052039326518923, 143.7035993856027858, 17.06390127906373522 ) ) ;
#3136 = CARTESIAN_POINT ( 'NONE',  ( -8.033787186762717525, 129.8104117692955413, 7.087888121053820711 ) ) ;
#3137 = ORIENTED_EDGE ( 'NONE', *, *, #762, .F. ) ;
#3138 = CARTESIAN_POINT ( 'NONE',  ( 30.37087323246313986, 162.7238610446496239, 32.45019927942484372 ) ) ;
#3139 = CARTESIAN_POINT ( 'NONE',  ( 18.96944440413763644, 167.2833573700087300, 35.65908261334726603 ) ) ;
#3140 = CARTESIAN_POINT ( 'NONE',  ( 27.08632657484341166, 155.6491101082119144, 25.40117633720504031 ) ) ;
#3141 = CARTESIAN_POINT ( 'NONE',  ( -20.28042072751721037, 156.2657737162847411, 29.06840625781407539 ) ) ;
#3142 = CARTESIAN_POINT ( 'NONE',  ( 29.73637664534211567, 141.8489622565173249, 15.65368689885768205 ) ) ;
#3143 = DIRECTION ( 'NONE',  ( 0.0000000000000000000, 0.8189665403419609246, 0.5738412723047369157 ) ) ;
#3144 = FACE_BOUND ( 'NONE', #1412, .T. ) ;
#3145 = CARTESIAN_POINT ( 'NONE',  ( -14.52452702596970013, 151.7201381383860905, 22.69582159178459690 ) ) ;
#3146 = CARTESIAN_POINT ( 'NONE',  ( -12.96361414706216841, 133.0327530554283442, 9.496174777545995482 ) ) ;
#3147 = ADVANCED_FACE ( 'NONE', ( #5084 ), #1909, .T. ) ;
#3148 = CARTESIAN_POINT ( 'NONE',  ( -8.036627017418977559, 131.4470956330090701, 8.239368688953224051 ) ) ;
#3149 = ADVANCED_FACE ( 'NONE', ( #6515 ), #7053, .T. ) ;
#3150 = AXIS2_PLACEMENT_3D ( 'NONE', #6459, #2669, #4814 ) ;
#3151 = CARTESIAN_POINT ( 'NONE',  ( -3.202436809896317627, 173.2352228915691228, 37.45870962907284962 ) ) ;
#3152 = ORIENTED_EDGE ( 'NONE', *, *, #6734, .T. ) ;
#3153 = CARTESIAN_POINT ( 'NONE',  ( 21.54350548624378447, 164.7024790580725551, 35.06331708244722734 ) ) ;
#3154 = CARTESIAN_POINT ( 'NONE',  ( -19.32258273594616682, 170.2806195885389684, 35.62608821265656189 ) ) ;
#3155 = ADVANCED_FACE ( 'NONE', ( #3865 ), #6822, .F. ) ;
#3156 = CARTESIAN_POINT ( 'NONE',  ( 29.50880154419275669, 136.9895183596710524, 12.31821097274940513 ) ) ;
#3157 = DIRECTION ( 'NONE',  ( -0.0001635243220480100197, -0.5738412646324206889, 0.8189665293922947509 ) ) ;
#3158 = CIRCLE ( 'NONE', #6359, 2.599999999999997424 ) ;
#3159 = CARTESIAN_POINT ( 'NONE',  ( 6.781145888442086545, 165.8322349487693259, 32.48975253581677691 ) ) ;
#3160 = VERTEX_POINT ( 'NONE', #6684 ) ;
#3161 = CARTESIAN_POINT ( 'NONE',  ( 15.65660818259992304, 130.4881870969350359, 10.90066525016708532 ) ) ;
#3162 = DIRECTION ( 'NONE',  ( 0.0007442459860544280376, 0.5767790251485573894, -0.8168998728403574772 ) ) ;
#3163 = CARTESIAN_POINT ( 'NONE',  ( 8.051413701784937871, 135.3934482293656743, 11.06706950648100829 ) ) ;
#3164 = ORIENTED_EDGE ( 'NONE', *, *, #226, .T. ) ;
#3165 = CARTESIAN_POINT ( 'NONE',  ( -7.135872105148701294, 171.1609829910916289, 38.37312927315666400 ) ) ;
#3166 = DIRECTION ( 'NONE',  ( 0.0000000000000000000, -0.8169000990817233410, -0.5767791848881776984 ) ) ;
#3167 = CARTESIAN_POINT ( 'NONE',  ( -18.44514500980894312, 152.8263734014132353, 25.41752055666284704 ) ) ;
#3168 = VERTEX_POINT ( 'NONE', #1283 ) ;
#3169 = CARTESIAN_POINT ( 'NONE',  ( -16.37838390779038278, 166.0044198756288552, 32.66971131757348701 ) ) ;
#3170 = CARTESIAN_POINT ( 'NONE',  ( -13.81025891854108600, 129.6773845610876776, 7.262987253719821013 ) ) ;
#3171 = CARTESIAN_POINT ( 'NONE',  ( -18.44393684437357450, 153.7626652696621932, 24.09143781055938405 ) ) ;
#3172 = AXIS2_PLACEMENT_3D ( 'NONE', #4886, #2194, #2160 ) ;
#3173 = CARTESIAN_POINT ( 'NONE',  ( -15.46265746103172134, 134.8486080044292521, 13.95102557175003355 ) ) ;
#3174 = CARTESIAN_POINT ( 'NONE',  ( -13.84252013913609325, 148.3018061968488439, 20.29717709623057686 ) ) ;
#3175 = CARTESIAN_POINT ( 'NONE',  ( -21.23086392437007319, 143.7089039482165163, 17.02383051484407517 ) ) ;
#3176 = CARTESIAN_POINT ( 'NONE',  ( 8.779350699435433114, 130.5670578249092841, 7.616067505923002301 ) ) ;
#3177 = EDGE_LOOP ( 'NONE', ( #2248, #3892, #2126, #2710 ) ) ;
#3178 = CARTESIAN_POINT ( 'NONE',  ( 17.16834800947102835, 167.8682110581647180, 37.29452280271524955 ) ) ;
#3179 = CARTESIAN_POINT ( 'NONE',  ( -2.158440100508299153, 197.0516260893763274, -29.32015849873793201 ) ) ;
#3180 = CARTESIAN_POINT ( 'NONE',  ( 15.43633406371445993, 156.3855247480474020, 25.27719908421974893 ) ) ;
#3181 = CIRCLE ( 'NONE', #5932, 0.5000000000000005551 ) ;
#3182 = CARTESIAN_POINT ( 'NONE',  ( -13.15554105508623906, 170.1364105669885589, 38.86837724723007170 ) ) ;
#3183 = CARTESIAN_POINT ( 'NONE',  ( 28.01336443105199336, 138.8046516753951209, 13.50265604370577677 ) ) ;
#3184 = CARTESIAN_POINT ( 'NONE',  ( 22.04272789011311318, 133.4355545806212717, 11.76335675648450163 ) ) ;
#3185 =( BOUNDED_CURVE ( )  B_SPLINE_CURVE ( 3, ( #5220, #4108, #471, #5292 ),
 .UNSPECIFIED., .F., .T. ) 
 B_SPLINE_CURVE_WITH_KNOTS ( ( 4, 4 ),
 ( 2.981303892144678613, 6.122896545734470841 ),
 .UNSPECIFIED. ) 
 CURVE ( )  GEOMETRIC_REPRESENTATION_ITEM ( )  RATIONAL_B_SPLINE_CURVE ( ( 1.000000000000000000, 0.3333333333333337034, 0.3333333333333337034, 1.000000000000000000 ) ) 
 REPRESENTATION_ITEM ( '' )  );
#3186 = CARTESIAN_POINT ( 'NONE',  ( -3.056111600450979626, 134.1461680418588003, 10.17392884025084143 ) ) ;
#3187 = CARTESIAN_POINT ( 'NONE',  ( -12.74822525000815432, 156.7178978590694101, 26.21655851616833033 ) ) ;
#3188 = CARTESIAN_POINT ( 'NONE',  ( -0.7454128519269981323, 132.2878192970638054, 8.823676522166534753 ) ) ;
#3189 = CARTESIAN_POINT ( 'NONE',  ( -22.51427043663084859, 130.7087853955743242, 8.900800070008624942 ) ) ;
#3190 = CARTESIAN_POINT ( 'NONE',  ( 30.19742115109391989, 146.2263085129325759, 18.79864896408162878 ) ) ;
#3191 = CARTESIAN_POINT ( 'NONE',  ( -15.98184774928082952, 169.1235631006676385, 36.92653260803152904 ) ) ;
#3192 = EDGE_LOOP ( 'NONE', ( #4841, #3824, #291, #2752 ) ) ;
#3193 = LINE ( 'NONE', #6030, #260 ) ;
#3194 = CARTESIAN_POINT ( 'NONE',  ( 30.04703205666496757, 161.2410661111734385, 29.30263259773658291 ) ) ;
#3195 = CARTESIAN_POINT ( 'NONE',  ( -16.38576813434529456, 170.2782212859048059, 35.63675226794016737 ) ) ;
#3196 = CARTESIAN_POINT ( 'NONE',  ( -22.52143159866297140, 135.0852008237354482, 11.43037332271032369 ) ) ;
#3197 = FACE_BOUND ( 'NONE', #4817, .T. ) ;
#3198 = EDGE_CURVE ( 'NONE', #541, #1914, #6694, .T. ) ;
#3199 = CARTESIAN_POINT ( 'NONE',  ( 31.20177743487951716, 151.7556699636649284, 25.93091296523546063 ) ) ;
#3200 = ADVANCED_FACE ( 'NONE', ( #2352 ), #3455, .F. ) ;
#3201 = CARTESIAN_POINT ( 'NONE',  ( 15.73412532377495587, 186.6582684236743432, -36.64217485754762293 ) ) ;
#3202 = CARTESIAN_POINT ( 'NONE',  ( 20.47507008425829866, 157.9385633380765057, -4.241284460647358756 ) ) ;
#3203 = CARTESIAN_POINT ( 'NONE',  ( -0.7508299126064887918, 135.3861028076309765, 11.05579523642130724 ) ) ;
#3204 = VERTEX_POINT ( 'NONE', #6121 ) ;
#3205 = CARTESIAN_POINT ( 'NONE',  ( -14.29982533770151321, 169.1577874104748958, 36.95222939373494597 ) ) ;
#3206 = CARTESIAN_POINT ( 'NONE',  ( 31.20302568996738657, 147.8592247914437507, 21.95565598933702489 ) ) ;
#3207 = DIRECTION ( 'NONE',  ( -0.0007442459860544277123, -0.5767790251485576114, 0.8168998728403572551 ) ) ;
#3208 = VERTEX_POINT ( 'NONE', #5046 ) ;
#3209 = CARTESIAN_POINT ( 'NONE',  ( -13.97991131625352601, 129.6698005461629180, 7.273364011086274949 ) ) ;
#3210 = CARTESIAN_POINT ( 'NONE',  ( 21.54501508394973897, 159.3534101236901961, 20.04297620292091864 ) ) ;
#3211 = CARTESIAN_POINT ( 'NONE',  ( 19.84460322920295283, 167.9601864703780052, 36.13776081398287943 ) ) ;
#3212 = CARTESIAN_POINT ( 'NONE',  ( -0.7687506961697948560, 145.6641357344746268, 18.39770189913483733 ) ) ;
#3213 = CARTESIAN_POINT ( 'NONE',  ( -8.053021508937789008, 140.8129057443256045, 15.01129766754760730 ) ) ;
#3214 = CARTESIAN_POINT ( 'NONE',  ( -14.48534902687176817, 129.0721594418263862, 6.912891992235464578 ) ) ;
#3215 = ORIENTED_EDGE ( 'NONE', *, *, #5166, .F. ) ;
#3216 = CARTESIAN_POINT ( 'NONE',  ( -3.003549652693069838, 171.1384803155247312, 39.58514609702830711 ) ) ;
#3217 = CARTESIAN_POINT ( 'NONE',  ( -5.847581593566320457, 171.1079673013937281, 38.33687081001595232 ) ) ;
#3218 = CARTESIAN_POINT ( 'NONE',  ( 15.39664695395970284, 155.5550004412789349, 25.30912303686236342 ) ) ;
#3219 = CARTESIAN_POINT ( 'NONE',  ( -21.26041944321206856, 158.4386666288929746, 27.07397454496121725 ) ) ;
#3220 = CARTESIAN_POINT ( 'NONE',  ( 30.20619727378702279, 146.7301780541791913, 21.15757487486431643 ) ) ;
#3221 = CARTESIAN_POINT ( 'NONE',  ( 0.07797167378312221120, 169.8001551867408523, -48.01725572205635473 ) ) ;
#3222 = CARTESIAN_POINT ( 'NONE',  ( -19.29047066963215684, 151.7378931440608767, 22.65878220920464159 ) ) ;
#3223 = CARTESIAN_POINT ( 'NONE',  ( -15.36772729541410243, 151.7228010165389094, 22.68994945738686653 ) ) ;
#3224 = CARTESIAN_POINT ( 'NONE',  ( -12.70564751234812739, 132.2215668734501719, 8.888458137223247846 ) ) ;
#3225 = CARTESIAN_POINT ( 'NONE',  ( -3.992993219446005160, 131.4573500601972285, 8.234754444829766484 ) ) ;
#3226 = CARTESIAN_POINT ( 'NONE',  ( 26.09859785022708678, 141.2833033084270937, 15.33815374667275044 ) ) ;
#3227 = CARTESIAN_POINT ( 'NONE',  ( 29.19751905345760434, 139.5488628211926425, 16.08622789637655615 ) ) ;
#3228 = CARTESIAN_POINT ( 'NONE',  ( 21.54501508394976028, 164.6766926359129570, 23.77294447290173451 ) ) ;
#3229 = FILL_AREA_STYLE_COLOUR ( '', #6556 ) ;
#3230 = CARTESIAN_POINT ( 'NONE',  ( 21.54351312192897083, 154.0827092600959247, 27.56513931624768432 ) ) ;
#3231 = CARTESIAN_POINT ( 'NONE',  ( -10.72681454010180424, 174.5511883232574348, 38.61896948626303328 ) ) ;
#3232 = CARTESIAN_POINT ( 'NONE',  ( -21.86601891731698899, 133.3847047808062314, 10.38246867828693176 ) ) ;
#3233 = FACE_BOUND ( 'NONE', #2657, .T. ) ;
#3234 = CIRCLE ( 'NONE', #3456, 8.000000000326554783 ) ;
#3235 = DIRECTION ( 'NONE',  ( 0.0000000000000000000, -0.8169000991683917912, -0.5767791847654278881 ) ) ;
#3236 = ORIENTED_EDGE ( 'NONE', *, *, #5302, .F. ) ;
#3237 = CARTESIAN_POINT ( 'NONE',  ( -26.98111176211833495, 151.7217533622450958, 25.85395768796423610 ) ) ;
#3238 = CYLINDRICAL_SURFACE ( 'NONE', #5214, 4.000000000000001776 ) ;
#3239 = CIRCLE ( 'NONE', #3914, 4.000000000000005329 ) ;
#3240 = ADVANCED_FACE ( 'NONE', ( #2320, #1788, #751, #1883, #3966, #1342 ), #2939, .F. ) ;
#3241 = ORIENTED_EDGE ( 'NONE', *, *, #5925, .T. ) ;
#3242 = CARTESIAN_POINT ( 'NONE',  ( -17.80534114743206686, 166.1266068774085056, 34.80884515106832566 ) ) ;
#3243 = CARTESIAN_POINT ( 'NONE',  ( 22.04198364502447305, 132.8587755555930698, 12.58025662940111822 ) ) ;
#3244 = CARTESIAN_POINT ( 'NONE',  ( 13.77212719406788466, 164.1068470988795696, 30.66053277430980373 ) ) ;
#3245 = ORIENTED_EDGE ( 'NONE', *, *, #6774, .T. ) ;
#3246 = CARTESIAN_POINT ( 'NONE',  ( 8.062095255130957483, 129.2698932535934944, 6.687088001149338545 ) ) ;
#3247 = CARTESIAN_POINT ( 'NONE',  ( 34.54350407791637423, 164.6969270001807217, 35.07124078864077887 ) ) ;
#3248 = CARTESIAN_POINT ( 'NONE',  ( -14.56373348840280890, 133.7292586072481981, 11.93737825860852730 ) ) ;
#3249 = CARTESIAN_POINT ( 'NONE',  ( -13.41169934475854575, 145.6323875124413405, 18.41168256169412132 ) ) ;
#3250 = CARTESIAN_POINT ( 'NONE',  ( -12.97210697532090151, 137.9365199556968662, 12.92617109320443092 ) ) ;
#3251 = CARTESIAN_POINT ( 'NONE',  ( 21.24613082514119711, 129.0866962097416888, 6.980410213057758106 ) ) ;
#3252 = ORIENTED_EDGE ( 'NONE', *, *, #6961, .T. ) ;
#3253 = DIRECTION ( 'NONE',  ( -0.0007442459860544277123, -0.5767790251485576114, 0.8168998728403572551 ) ) ;
#3254 = CARTESIAN_POINT ( 'NONE',  ( -12.58525783667056785, 131.6738016588830931, 10.48790810551772346 ) ) ;
#3255 = CARTESIAN_POINT ( 'NONE',  ( 12.98109298229102215, 158.6618169186326668, 27.45896978899780194 ) ) ;
#3256 = DIRECTION ( 'NONE',  ( -0.0007442459860544277123, -0.5767790251485576114, 0.8168998728403572551 ) ) ;
#3257 = CARTESIAN_POINT ( 'NONE',  ( -5.810447042665201067, 171.3474858705123438, 39.73015897384029671 ) ) ;
#3258 = CARTESIAN_POINT ( 'NONE',  ( -2.104086875458998751, 137.0336865830075510, 12.25392015837191373 ) ) ;
#3259 = CARTESIAN_POINT ( 'NONE',  ( 21.19827739185633675, 156.7915863755608541, 26.19546968881072857 ) ) ;
#3260 = CARTESIAN_POINT ( 'NONE',  ( -0.7780276177835284690, 151.0041726043134815, 22.16908776489878719 ) ) ;
#3261 = CARTESIAN_POINT ( 'NONE',  ( -14.48917732160496286, 131.3014244080057722, 8.430797093722686597 ) ) ;
#3262 = CARTESIAN_POINT ( 'NONE',  ( 15.08861945424083295, 131.2067915771622495, 8.284736426826700750 ) ) ;
#3263 = CARTESIAN_POINT ( 'NONE',  ( -6.980515771748307507, 158.7260698865775055, 26.31349090966567061 ) ) ;
#3264 = CARTESIAN_POINT ( 'NONE',  ( 18.48430173409606780, 132.9415027851891580, 11.41128539055869417 ) ) ;
#3265 = CARTESIAN_POINT ( 'NONE',  ( -6.799317997593643526, 130.1204995160919680, 9.396457405471581481 ) ) ;
#3266 = CARTESIAN_POINT ( 'NONE',  ( -21.68435459965296275, 162.4952639163354604, 29.93966823472257843 ) ) ;
#3267 = CARTESIAN_POINT ( 'NONE',  ( 13.34277970783409195, 166.0726240472803568, 32.64599811033502874 ) ) ;
#3268 = CARTESIAN_POINT ( 'NONE',  ( -15.33640382548173520, 133.6278987336208672, 10.05241032437456639 ) ) ;
#3269 = AXIS2_PLACEMENT_3D ( 'NONE', #5653, #4598, #2860 ) ;
#3270 = CYLINDRICAL_SURFACE ( 'NONE', #6157, 1.100000000000006084 ) ;
#3271 = CARTESIAN_POINT ( 'NONE',  ( 30.37012898736827893, 162.1470820196067280, 33.26709915234252435 ) ) ;
#3272 = EDGE_LOOP ( 'NONE', ( #5344, #1489, #391, #6500 ) ) ;
#3273 = CARTESIAN_POINT ( 'NONE',  ( -6.981113928775903865, 151.7132117347191524, 25.86614800518508162 ) ) ;
#3274 = DIRECTION ( 'NONE',  ( -0.0007442450873037520509, -0.5767790250261723983, 0.8168998729275871451 ) ) ;
#3275 = AXIS2_PLACEMENT_3D ( 'NONE', #5890, #1139, #568 ) ;
#3276 = AXIS2_PLACEMENT_3D ( 'NONE', #6853, #3524, #3668 ) ;
#3277 = CARTESIAN_POINT ( 'NONE',  ( -8.411619000523723244, 172.2402473333327464, 36.75065343149173458 ) ) ;
#3278 = DIRECTION ( 'NONE',  ( 0.0000000000000000000, -0.8169000990817221197, -0.5767791848881794747 ) ) ;
#3279 = CARTESIAN_POINT ( 'NONE',  ( 14.58986749266432525, 165.2592847466482624, 31.47234369502650964 ) ) ;
#3280 = VERTEX_POINT ( 'NONE', #4789 ) ;
#3281 = CARTESIAN_POINT ( 'NONE',  ( 31.36048673890137195, 129.7027896122177424, 7.338337699780761447 ) ) ;
#3282 = CARTESIAN_POINT ( 'NONE',  ( 15.73412532377494877, 186.6582684236743432, -36.64217485754758741 ) ) ;
#3283 = CARTESIAN_POINT ( 'NONE',  ( -16.09912847072018849, 137.1683336221826153, 14.36416725641488057 ) ) ;
#3284 = CARTESIAN_POINT ( 'NONE',  ( -8.061401557895026215, 145.6275710815367290, 18.43174693779481288 ) ) ;
#3285 = CARTESIAN_POINT ( 'NONE',  ( -11.94598902064472767, 137.9378481278694437, 12.92681367816955706 ) ) ;
#3286 = CARTESIAN_POINT ( 'NONE',  ( -14.48436149105173598, 128.4947652286873563, 6.524849449334485740 ) ) ;
#3287 = EDGE_LOOP ( 'NONE', ( #737, #6606, #1182, #997 ) ) ;
#3288 = CARTESIAN_POINT ( 'NONE',  ( 22.39586308292104988, 159.3533302826612044, 20.04309014929330957 ) ) ;
#3289 = CARTESIAN_POINT ( 'NONE',  ( 14.15099424296541741, 157.5063762924044397, 26.65894978698226581 ) ) ;
#3290 = CARTESIAN_POINT ( 'NONE',  ( -18.73526958458379710, 154.1040577498079074, 24.33377386622430905 ) ) ;
#3291 = CARTESIAN_POINT ( 'NONE',  ( 30.19235560800550999, 146.0220934774821160, 18.60057671585722971 ) ) ;
#3292 = FACE_OUTER_BOUND ( 'NONE', #5060, .T. ) ;
#3293 = EDGE_CURVE ( 'NONE', #4218, #4322, #414, .T. ) ;
#3294 = EDGE_CURVE ( 'NONE', #6875, #6117, #2222, .T. ) ;
#3295 = CARTESIAN_POINT ( 'NONE',  ( -16.36232743062230810, 156.7257923422234001, 26.19639881040747298 ) ) ;
#3296 = CARTESIAN_POINT ( 'NONE',  ( 31.32358352324846607, 151.0550523383521977, 22.17591193408721750 ) ) ;
#3297 = CARTESIAN_POINT ( 'NONE',  ( 15.08689273153301968, 132.2005975147563390, 8.986919119370245568 ) ) ;
#3298 = AXIS2_PLACEMENT_3D ( 'NONE', #2073, #6369, #2534 ) ;
#3299 = CARTESIAN_POINT ( 'NONE',  ( 23.90409253899727915, 133.6466886595103745, 13.13826579599263233 ) ) ;
#3300 = CARTESIAN_POINT ( 'NONE',  ( 30.20311179053599204, 147.8489277990890116, 21.94747472936585098 ) ) ;
#3301 = CARTESIAN_POINT ( 'NONE',  ( -19.42931946161360912, 152.6820406527925513, 25.31471656340006859 ) ) ;
#3302 = EDGE_LOOP ( 'NONE', ( #6995, #3493 ) ) ;
#3303 = LINE ( 'NONE', #2156, #378 ) ;
#3304 = CARTESIAN_POINT ( 'NONE',  ( 7.990813994337429449, 170.3165490867563676, 35.64237278915796736 ) ) ;
#3305 = CARTESIAN_POINT ( 'NONE',  ( 10.16279248363072796, 133.7590966782126998, 9.928604849895522833 ) ) ;
#3306 = PLANE ( 'NONE',  #87 ) ;
#3307 = CARTESIAN_POINT ( 'NONE',  ( 7.699719513401633186, 160.2289866953709065, 28.55475547780468304 ) ) ;
#3308 = VERTEX_POINT ( 'NONE', #3564 ) ;
#3309 = CARTESIAN_POINT ( 'NONE',  ( 10.30454548795228042, 131.7058673966033666, 8.451029029183402486 ) ) ;
#3310 = DIRECTION ( 'NONE',  ( 0.0000000000000000000, 0.8169000990817267827, 0.5767791848881729244 ) ) ;
#3311 = CARTESIAN_POINT ( 'NONE',  ( -18.87828117434129993, 165.3671729384363118, 31.88832569465856892 ) ) ;
#3312 = CARTESIAN_POINT ( 'NONE',  ( 31.14046244782650774, 142.7724420643593817, 19.58817350055653961 ) ) ;
#3313 = CYLINDRICAL_SURFACE ( 'NONE', #1809, 1.099999999999981437 ) ;
#3314 = ORIENTED_EDGE ( 'NONE', *, *, #4555, .F. ) ;
#3315 = CARTESIAN_POINT ( 'NONE',  ( -0.7411357386694931160, 129.8373830588379860, 7.067498901881908324 ) ) ;
#3316 = CARTESIAN_POINT ( 'NONE',  ( 21.54351312192897083, 154.0827092600959247, 27.56513931624768432 ) ) ;
#3317 = CARTESIAN_POINT ( 'NONE',  ( 21.85354781890010401, 167.5802586242493817, 35.87133983298886619 ) ) ;
#3318 = CARTESIAN_POINT ( 'NONE',  ( -20.57828627488663997, 143.7098973764836956, 17.02402743191616707 ) ) ;
#3319 = CARTESIAN_POINT ( 'NONE',  ( -14.50558166163057372, 140.8283625231700285, 14.97336595696441286 ) ) ;
#3320 = CARTESIAN_POINT ( 'NONE',  ( -14.99177391156846184, 129.0459942220128085, 6.948887051448276786 ) ) ;
#3321 = ORIENTED_EDGE ( 'NONE', *, *, #6873, .T. ) ;
#3322 = ORIENTED_EDGE ( 'NONE', *, *, #2854, .F. ) ;
#3323 = CARTESIAN_POINT ( 'NONE',  ( 26.74284949004233525, 161.4047990793068550, 21.48140080589651646 ) ) ;
#3324 = CARTESIAN_POINT ( 'NONE',  ( 16.73684376433121557, 155.1946336154634594, 25.06624830493587552 ) ) ;
#3325 = CARTESIAN_POINT ( 'NONE',  ( -21.73683425809602809, 161.4969626798100251, 29.55086195633834478 ) ) ;
#3326 = CARTESIAN_POINT ( 'NONE',  ( -17.87480268219029256, 167.4865619728329023, 35.76898959910290898 ) ) ;
#3327 = FACE_BOUND ( 'NONE', #3984, .T. ) ;
#3328 = CARTESIAN_POINT ( 'NONE',  ( -16.35365549862444823, 151.7261789736339495, 22.68270707862615865 ) ) ;
#3329 = CARTESIAN_POINT ( 'NONE',  ( 22.12781616216620861, 151.0301094858693034, 22.18871549508627439 ) ) ;
#3330 = CARTESIAN_POINT ( 'NONE',  ( -20.55683350852157787, 130.9994761770268497, 8.845630556808647071 ) ) ;
#3331 = EDGE_CURVE ( 'NONE', #3577, #5475, #3185, .T. ) ;
#3332 = CARTESIAN_POINT ( 'NONE',  ( 18.92856328558370649, 131.6329704504377673, 11.71193011259041761 ) ) ;
#3333 = CARTESIAN_POINT ( 'NONE',  ( 29.06904508974318446, 139.2892158447114355, 15.90278491758906654 ) ) ;
#3334 = CARTESIAN_POINT ( 'NONE',  ( 30.15657132157587839, 160.7023329061868253, 28.71437015831816453 ) ) ;
#3335 = CARTESIAN_POINT ( 'NONE',  ( 16.18862069751950372, 170.3238996862858130, 35.65214750697431612 ) ) ;
#3336 = CARTESIAN_POINT ( 'NONE',  ( -19.26197318292377147, 135.1964386950721462, 11.28007676487699484 ) ) ;
#3337 = CARTESIAN_POINT ( 'NONE',  ( -7.244887162168923922, 133.0963993415944628, 9.419694411150258517 ) ) ;
#3338 = B_SPLINE_CURVE_WITH_KNOTS ( 'NONE', 3,
 ( #3994, #687, #5008, #2885, #6777, #1785, #6245, #1751, #5043, #132, #3391, #4503, #719, #5072, #1879, #2916, #3963, #6716 ),
 .UNSPECIFIED., .F., .F.,
 ( 4, 2, 2, 2, 2, 2, 2, 2, 4 ),
 ( 0.0000000000000000000, 0.2500000000000006661, 0.5000000000000006661, 0.6250000000000043299, 0.7500000000000042188, 0.8125000000000176525, 0.8749999999999978906, 0.9374999999999970024, 0.9975921614792304659 ),
 .UNSPECIFIED. ) ;
#3339 = CARTESIAN_POINT ( 'NONE',  ( -12.06458647121026040, 141.3599200162881289, 15.37160868489401011 ) ) ;
#3340 = CARTESIAN_POINT ( 'NONE',  ( 29.98920421087499122, 161.7358386368953234, 29.64851346859468961 ) ) ;
#3341 = EDGE_LOOP ( 'NONE', ( #4277, #1326, #1067, #4400 ) ) ;
#3342 = CARTESIAN_POINT ( 'NONE',  ( -7.345639063066291996, 136.1450502066525985, 11.64394433233066195 ) ) ;
#3343 = CARTESIAN_POINT ( 'NONE',  ( -2.158440100508299153, 196.1530359803864485, -29.95461560211492014 ) ) ;
#3344 = DIRECTION ( 'NONE',  ( 0.0000000000000000000, 0.8169000990817221197, 0.5767791848881794747 ) ) ;
#3345 = CYLINDRICAL_SURFACE ( 'NONE', #556, 2.599999999999996536 ) ;
#3346 = CARTESIAN_POINT ( 'NONE',  ( 24.92443708478061737, 129.1088771065136882, 6.957917166457050939 ) ) ;
#3347 = CARTESIAN_POINT ( 'NONE',  ( 23.27024578305260860, 137.8635884386096109, 12.93704063355432154 ) ) ;
#3348 = PRODUCT_DEFINITION_FORMATION_WITH_SPECIFIED_SOURCE ( 'ANY', '', #2295, .NOT_KNOWN. ) ;
#3349 = CARTESIAN_POINT ( 'NONE',  ( -15.69866367368442539, 151.6461831015328414, 22.63260800483058333 ) ) ;
#3350 = CARTESIAN_POINT ( 'NONE',  ( -15.01703821774921721, 143.7115589933830506, 17.03539130888884046 ) ) ;
#3351 = CARTESIAN_POINT ( 'NONE',  ( -13.99915515564344481, 140.8280023725079957, 14.97512884104365583 ) ) ;
#3352 = CARTESIAN_POINT ( 'NONE',  ( 4.888174118904582421, 129.2791217340904950, 6.666116077803069473 ) ) ;
#3353 = ORIENTED_EDGE ( 'NONE', *, *, #1236, .F. ) ;
#3354 = CARTESIAN_POINT ( 'NONE',  ( -9.189212893136982530, 129.3310951654393932, 10.06105471871599377 ) ) ;
#3355 = CARTESIAN_POINT ( 'NONE',  ( 19.19333674491697650, 167.9336102601624816, 33.36443478613634994 ) ) ;
#3356 = DIRECTION ( 'NONE',  ( 0.0000000000000000000, 0.8169000990817261165, 0.5767791848881739236 ) ) ;
#3357 = CARTESIAN_POINT ( 'NONE',  ( -8.525340558311356176, 171.3578938006168642, 39.73503414855622395 ) ) ;
#3358 = DIRECTION ( 'NONE',  ( -0.0007442459860544277123, -0.5767790251485576114, 0.8168998728403572551 ) ) ;
#3359 = CARTESIAN_POINT ( 'NONE',  ( -14.02907608636563275, 170.4092697516070700, 35.49523667298203122 ) ) ;
#3360 = CARTESIAN_POINT ( 'NONE',  ( -13.85711960600703208, 156.7196415289992615, 26.21133891990354314 ) ) ;
#3361 = CARTESIAN_POINT ( 'NONE',  ( -21.89607008211991612, 151.0057542936562527, 22.11470187932090781 ) ) ;
#3362 = CARTESIAN_POINT ( 'NONE',  ( 1.710427262721400332, 131.4754901573436712, 8.223012763223152888 ) ) ;
#3363 = CARTESIAN_POINT ( 'NONE',  ( 31.19169932730988393, 158.9303907000795562, 29.77253546343858304 ) ) ;
#3364 = CARTESIAN_POINT ( 'NONE',  ( 17.86781304666064685, 132.6911473857095984, 11.23395819697100784 ) ) ;
#3365 = CARTESIAN_POINT ( 'NONE',  ( -8.813761208259876412, 130.6659547486316626, 9.779745380078791683 ) ) ;
#3366 = ORIENTED_EDGE ( 'NONE', *, *, #2490, .F. ) ;
#3367 = CARTESIAN_POINT ( 'NONE',  ( 24.85314504397764424, 170.3319009352652813, 35.66214824035826325 ) ) ;
#3368 =( BOUNDED_CURVE ( )  B_SPLINE_CURVE ( 3, ( #4356, #605, #6536, #1637 ),
 .UNSPECIFIED., .F., .T. ) 
 B_SPLINE_CURVE_WITH_KNOTS ( ( 4, 4 ),
 ( 0.1602901551902154720, 3.301882808780008283 ),
 .UNSPECIFIED. ) 
 CURVE ( )  GEOMETRIC_REPRESENTATION_ITEM ( )  RATIONAL_B_SPLINE_CURVE ( ( 1.000000000000000000, 0.3333333333333335369, 0.3333333333333335369, 1.000000000000000000 ) ) 
 REPRESENTATION_ITEM ( '' )  );
#3369 = CARTESIAN_POINT ( 'NONE',  ( 24.91091724973184895, 136.9870910620257973, 12.31031528515880069 ) ) ;
#3370 = CARTESIAN_POINT ( 'NONE',  ( -22.51744262071328251, 132.6501537817825067, 10.01720582346207777 ) ) ;
#3371 = DIRECTION ( 'NONE',  ( 0.9862137596910209858, 0.1347529642411735007, 0.09604196387162412807 ) ) ;
#3372 = CARTESIAN_POINT ( 'NONE',  ( -12.37598141774233440, 131.5177500113316285, 10.37791719088749609 ) ) ;
#3373 = ORIENTED_EDGE ( 'NONE', *, *, #6697, .T. ) ;
#3374 = CARTESIAN_POINT ( 'NONE',  ( -9.554074509306580865, 167.2386802817794944, 31.36188559574149082 ) ) ;
#3375 = EDGE_CURVE ( 'NONE', #5438, #812, #2984, .T. ) ;
#3376 = EDGE_CURVE ( 'NONE', #223, #914, #181, .T. ) ;
#3377 = CIRCLE ( 'NONE', #4298, 2.599999999999998757 ) ;
#3378 = CARTESIAN_POINT ( 'NONE',  ( -19.62615321497659693, 159.5950251603002528, 30.19550808246574292 ) ) ;
#3379 = CARTESIAN_POINT ( 'NONE',  ( -2.208721410821955278, 157.1858051328938188, 25.23519632986147343 ) ) ;
#3380 = VECTOR ( 'NONE', #209, 1000.000000000000114 ) ;
#3381 = CARTESIAN_POINT ( 'NONE',  ( -19.24379645775965031, 154.7025755591572818, 24.74311739765742502 ) ) ;
#3382 = EDGE_LOOP ( 'NONE', ( #2807, #1100, #3054, #114, #7047, #5820, #3236, #3752, #332, #2412, #4558, #417, #4855, #2231, #3215 ) ) ;
#3383 = VECTOR ( 'NONE', #4533, 1000.000000000000114 ) ;
#3384 = CARTESIAN_POINT ( 'NONE',  ( -14.99078637838683470, 128.4686431749242388, 6.560783063174341123 ) ) ;
#3385 = CARTESIAN_POINT ( 'NONE',  ( -1.598294616662648382, 139.5054993813432134, 14.02186908602663173 ) ) ;
#3386 = CARTESIAN_POINT ( 'NONE',  ( 21.18085597393865172, 167.1321302092856627, 36.77846236622764309 ) ) ;
#3387 = CARTESIAN_POINT ( 'NONE',  ( -20.57325466295637995, 140.8015090091102763, 14.99661164822418868 ) ) ;
#3388 = CARTESIAN_POINT ( 'NONE',  ( -4.004357703359105791, 137.9410196016407326, 12.94190481192661402 ) ) ;
#3389 = CARTESIAN_POINT ( 'NONE',  ( -11.92980550531567729, 128.5951512024495571, 6.388259986568723292 ) ) ;
#3390 = ORIENTED_EDGE ( 'NONE', *, *, #4912, .F. ) ;
#3391 = CARTESIAN_POINT ( 'NONE',  ( -14.89679893211838113, 134.2959730801420619, 12.33720833527672944 ) ) ;
#3392 = CARTESIAN_POINT ( 'NONE',  ( 13.66063131356899341, 163.8791800434927950, 30.50043293698943359 ) ) ;
#3393 = CARTESIAN_POINT ( 'NONE',  ( -8.088034760953807023, 141.8849304600120433, 15.76792157127374061 ) ) ;
#3394 = CARTESIAN_POINT ( 'NONE',  ( -22.58943238298043354, 174.5577852517019153, 38.58029357868517195 ) ) ;
#3395 = PLANE ( 'NONE',  #4445 ) ;
#3396 = VECTOR ( 'NONE', #5248, 1000.000000000000227 ) ;
#3397 = CARTESIAN_POINT ( 'NONE',  ( -11.75314747778216784, 167.0589973299653366, 29.70923063898455041 ) ) ;
#3398 = CARTESIAN_POINT ( 'NONE',  ( 33.16144803932731833, 151.8059816863214166, 22.69134932852037778 ) ) ;
#3399 = CARTESIAN_POINT ( 'NONE',  ( 33.16273684991099913, 151.0620889036373740, 22.17043597240980901 ) ) ;
#3400 = CARTESIAN_POINT ( 'NONE',  ( 17.42383573229295024, 131.3248212504967398, 8.476276605306864553 ) ) ;
#3401 = CARTESIAN_POINT ( 'NONE',  ( 27.21708388062244666, 166.0568806529403219, 32.66947567105306405 ) ) ;
#3402 = CARTESIAN_POINT ( 'NONE',  ( -12.75689804349920209, 161.7316058186647467, 29.71018708735326186 ) ) ;
#3403 = CARTESIAN_POINT ( 'NONE',  ( 27.03936992925200400, 155.9091273018604227, 24.97327483061308939 ) ) ;
#3404 = CARTESIAN_POINT ( 'NONE',  ( 9.277750289844085785, 129.0985780933081344, 9.913708602619154320 ) ) ;
#3405 = CARTESIAN_POINT ( 'NONE',  ( -8.096697065152628880, 166.0120885579533478, 32.67924033170083220 ) ) ;
#3406 = AXIS2_PLACEMENT_3D ( 'NONE', #1446, #841, #3622 ) ;
#3407 = CARTESIAN_POINT ( 'NONE',  ( -10.65883076224743853, 135.3568407395310942, 11.07298874938800282 ) ) ;
#3408 = CARTESIAN_POINT ( 'NONE',  ( -7.246036296071987515, 133.7512264376362907, 9.896830444300064755 ) ) ;
#3409 =( GEOMETRIC_REPRESENTATION_CONTEXT ( 3 ) GLOBAL_UNCERTAINTY_ASSIGNED_CONTEXT ( ( #2938 ) ) GLOBAL_UNIT_ASSIGNED_CONTEXT ( ( #924, #3132, #2489 ) ) REPRESENTATION_CONTEXT ( 'NONE', 'WORKASPACE' ) );
#3410 = CARTESIAN_POINT ( 'NONE',  ( -11.92073346000951517, 131.1982633340177813, 10.15275569402084699 ) ) ;
#3411 = ORIENTED_EDGE ( 'NONE', *, *, #3724, .T. ) ;
#3412 = CARTESIAN_POINT ( 'NONE',  ( 21.85354781890010401, 167.5802586242493817, 35.87133983298886619 ) ) ;
#3413 = B_SPLINE_CURVE_WITH_KNOTS ( 'NONE', 3,
 ( #3199, #4351, #4806, #2702, #1632, #4888, #6416, #2739, #6495, #2085, #5965, #987, #7070, #4953, #3698, #3271, #525, #3844, #2623, #6991, #565, #1520, #4272, #5888, #4314, #1063 ),
 .UNSPECIFIED., .F., .F.,
 ( 4, 2, 2, 2, 2, 2, 2, 2, 2, 2, 2, 2, 4 ),
 ( 0.0000000000000000000, 0.2499999999999592548, 0.3749999999997473132, 0.4374999999999131806, 0.4999999999999220068, 0.5624999999999320544, 0.6249999999999453770, 0.6874999999997903899, 0.7499999999999610312, 0.8124999999999694689, 0.8749999999999800160, 0.9375000000000124345, 0.9996743049102101430 ),
 .UNSPECIFIED. ) ;
#3414 = ADVANCED_FACE ( 'NONE', ( #1538 ), #3715, .F. ) ;
#3415 = CARTESIAN_POINT ( 'NONE',  ( -7.579392650433807610, 136.2462659287614031, 11.71762426679269709 ) ) ;
#3416 = DIRECTION ( 'NONE',  ( 0.0001635243220480099655, 0.5738412646324206889, -0.8189665293922947509 ) ) ;
#3417 = CARTESIAN_POINT ( 'NONE',  ( -13.38210278213612092, 128.5439543767691646, 6.457551574906711167 ) ) ;
#3418 = CARTESIAN_POINT ( 'NONE',  ( -2.389040073938728970, 141.0584343394827727, 15.14115035182141789 ) ) ;
#3419 = CARTESIAN_POINT ( 'NONE',  ( -6.980515771748307507, 153.8122706445257393, 22.87044327583728887 ) ) ;
#3420 = CARTESIAN_POINT ( 'NONE',  ( 4.862920501942657125, 143.7698039037024671, 17.00155964284130761 ) ) ;
#3421 = CARTESIAN_POINT ( 'NONE',  ( -22.50874602052976670, 127.3331650238743435, 6.948591402205911649 ) ) ;
#3422 = VERTEX_POINT ( 'NONE', #5372 ) ;
#3423 = CARTESIAN_POINT ( 'NONE',  ( -0.7486799070459575489, 172.6215365202732812, -46.56794431195397976 ) ) ;
#3424 = CARTESIAN_POINT ( 'NONE',  ( 13.79964471658831648, 164.7378841806781793, 31.71556049517655040 ) ) ;
#3425 = CARTESIAN_POINT ( 'NONE',  ( 21.74477745836994913, 140.0629714562597599, 14.49539697769122171 ) ) ;
#3426 = CARTESIAN_POINT ( 'NONE',  ( -12.00946204937991446, 174.5506068132473558, 38.61663075567434333 ) ) ;
#3427 = CARTESIAN_POINT ( 'NONE',  ( -16.68860029275156265, 168.4796826092694459, 34.14214049933688244 ) ) ;
#3428 = CARTESIAN_POINT ( 'NONE',  ( -14.01139655283603958, 160.4362839024789480, 28.56403028642662889 ) ) ;
#3429 = CARTESIAN_POINT ( 'NONE',  ( 10.13147311579683674, 151.7868859507997001, 22.66167702138416473 ) ) ;
#3430 = CARTESIAN_POINT ( 'NONE',  ( -14.00753466357843280, 145.6338162322478524, 18.40817788194118521 ) ) ;
#3431 = CARTESIAN_POINT ( 'NONE',  ( -20.55654439190472971, 130.8247151171552503, 8.740611222209897946 ) ) ;
#3432 = CARTESIAN_POINT ( 'NONE',  ( 0.5073246366210598657, 137.0613464358717977, 12.24500218732917034 ) ) ;
#3433 = CARTESIAN_POINT ( 'NONE',  ( -9.396987349665298694, 161.7340380395356760, 29.71501956420646806 ) ) ;
#3434 = CARTESIAN_POINT ( 'NONE',  ( 13.07937392989302872, 130.4574594162849053, 9.652481464854044901 ) ) ;
#3435 = FACE_OUTER_BOUND ( 'NONE', #2591, .T. ) ;
#3436 = CARTESIAN_POINT ( 'NONE',  ( 18.03090843582209502, 161.8168332991322700, 29.66487503013645721 ) ) ;
#3437 = CARTESIAN_POINT ( 'NONE',  ( 21.23827282666623617, 133.6965327912195676, 10.04500455271734083 ) ) ;
#3438 = CARTESIAN_POINT ( 'NONE',  ( 29.51446399542923160, 133.7110847029317426, 10.04472196274902629 ) ) ;
#3439 = CARTESIAN_POINT ( 'NONE',  ( 5.828557084897340701, 155.4120542866129426, 25.19681470142405999 ) ) ;
#3440 = VERTEX_POINT ( 'NONE', #933 ) ;
#3441 = CARTESIAN_POINT ( 'NONE',  ( 23.87249790452863252, 167.1546114726093606, 35.57264746745245532 ) ) ;
#3442 = CARTESIAN_POINT ( 'NONE',  ( -18.65830185011397191, 153.8644947828126988, 26.15030068937166163 ) ) ;
#3443 = VERTEX_POINT ( 'NONE', #5835 ) ;
#3444 = CARTESIAN_POINT ( 'NONE',  ( 18.08743506295007109, 129.0916851518428814, 6.965510711775841024 ) ) ;
#3445 = CARTESIAN_POINT ( 'NONE',  ( 24.39172296998540190, 141.2861154926013967, 15.34648709903937380 ) ) ;
#3446 = CARTESIAN_POINT ( 'NONE',  ( -16.98562382896903600, 152.4844988144640752, 23.20902502120581801 ) ) ;
#3447 = ADVANCED_FACE ( 'NONE', ( #4220 ), #4642, .F. ) ;
#3448 = CARTESIAN_POINT ( 'NONE',  ( 8.036841891126718096, 143.7564368702737738, 17.02842265249862663 ) ) ;
#3449 = EDGE_CURVE ( 'NONE', #4826, #6715, #3847, .T. ) ;
#3450 = CARTESIAN_POINT ( 'NONE',  ( -10.64715990179880123, 128.6269122110057879, 6.346215784256870052 ) ) ;
#3451 = ORIENTED_EDGE ( 'NONE', *, *, #3672, .F. ) ;
#3452 = CARTESIAN_POINT ( 'NONE',  ( -8.803821406034337826, 131.6450544156570288, 8.386495453103428588 ) ) ;
#3453 = CARTESIAN_POINT ( 'NONE',  ( 13.04168188406082507, 161.3174020485831193, 28.70319259880600171 ) ) ;
#3454 = CARTESIAN_POINT ( 'NONE',  ( -7.829074001928264970, 143.4944307321050303, 16.91312352232116467 ) ) ;
#3455 = CYLINDRICAL_SURFACE ( 'NONE', #3269, 1.100000000000010081 ) ;
#3456 = AXIS2_PLACEMENT_3D ( 'NONE', #4801, #2080, #3729 ) ;
#3457 = CARTESIAN_POINT ( 'NONE',  ( -13.79172159760964611, 170.5590324940527580, 35.59582146777280087 ) ) ;
#3458 = CARTESIAN_POINT ( 'NONE',  ( -17.97340058635406379, 170.4106380661943945, 35.48343264609884784 ) ) ;
#3459 = EDGE_CURVE ( 'NONE', #6065, #918, #4016, .T. ) ;
#3460 = CARTESIAN_POINT ( 'NONE',  ( -12.73826439267924648, 150.9725143661229083, 22.18462575892332467 ) ) ;
#3461 = CARTESIAN_POINT ( 'NONE',  ( -11.19444847857746872, 148.2959596974627345, 20.31203671554199275 ) ) ;
#3462 = CARTESIAN_POINT ( 'NONE',  ( -8.035062886717955877, 130.5469838205986832, 7.603132173241405667 ) ) ;
#3463 = AXIS2_PLACEMENT_3D ( 'NONE', #4491, #6670, #2542 ) ;
#3464 = EDGE_LOOP ( 'NONE', ( #6673, #956, #5483, #6232 ) ) ;
#3465 = CARTESIAN_POINT ( 'NONE',  ( -2.207229968426212441, 157.1109268195660320, 22.74062793322337583 ) ) ;
#3466 = CARTESIAN_POINT ( 'NONE',  ( -4.053063304656840948, 166.0229561362320680, 32.67375328830387815 ) ) ;
#3467 = CARTESIAN_POINT ( 'NONE',  ( 30.20258756498704145, 153.5200513261543449, 25.95161870954214578 ) ) ;
#3468 = CARTESIAN_POINT ( 'NONE',  ( -13.86579230563974541, 161.7318139050717321, 29.70715334088197679 ) ) ;
#3469 = CARTESIAN_POINT ( 'NONE',  ( 22.15784957106695430, 133.6995581306513827, 10.04296825953843175 ) ) ;
#3470 = CARTESIAN_POINT ( 'NONE',  ( 21.23942280445357866, 133.0278991972647873, 9.587521589662944876 ) ) ;
#3471 = ORIENTED_EDGE ( 'NONE', *, *, #3576, .T. ) ;
#3472 = FACE_OUTER_BOUND ( 'NONE', #3941, .T. ) ;
#3473 = CARTESIAN_POINT ( 'NONE',  ( -8.035062886717955877, 130.5469838205986832, 7.603132173241405667 ) ) ;
#3474 = CARTESIAN_POINT ( 'NONE',  ( -19.47150597504483471, 159.1447421454744529, 27.49438564195778056 ) ) ;
#3475 = LINE ( 'NONE', #5131, #1572 ) ;
#3476 = CARTESIAN_POINT ( 'NONE',  ( -12.95592141806888087, 128.5604158368036565, 6.435171380835491561 ) ) ;
#3477 = CARTESIAN_POINT ( 'NONE',  ( -1.699509887810260134, 139.9206520715601982, 14.32000621455111755 ) ) ;
#3478 = AXIS2_PLACEMENT_3D ( 'NONE', #3522, #5246, #5175 ) ;
#3479 = DIRECTION ( 'NONE',  ( 0.0000000000000000000, -0.8169000990817273378, -0.5767791848881718142 ) ) ;
#3480 = CARTESIAN_POINT ( 'NONE',  ( 14.55891956384411401, 143.7294735770430805, 17.08290510367097070 ) ) ;
#3481 = CARTESIAN_POINT ( 'NONE',  ( -16.31249558284366685, 127.8114224798366507, 6.283105371951203111 ) ) ;
#3482 = ORIENTED_EDGE ( 'NONE', *, *, #4554, .F. ) ;
#3483 = CIRCLE ( 'NONE', #5328, 9.000000000000008882 ) ;
#3484 = CARTESIAN_POINT ( 'NONE',  ( -16.43317167673395574, 143.0816446142158611, 18.53900587699530789 ) ) ;
#3485 = CARTESIAN_POINT ( 'NONE',  ( 14.83883850221788769, 165.2445807963299558, 32.07388591964631530 ) ) ;
#3486 = CARTESIAN_POINT ( 'NONE',  ( -9.191877238607675693, 141.0435360376732774, 15.16437744987422320 ) ) ;
#3487 = CARTESIAN_POINT ( 'NONE',  ( 13.32801454373296757, 174.5664165371673562, 38.65667714721984538 ) ) ;
#3488 = CARTESIAN_POINT ( 'NONE',  ( 13.16628534271451656, 147.6361293887126465, 19.79456015746508868 ) ) ;
#3489 = CARTESIAN_POINT ( 'NONE',  ( -17.96160004137704291, 163.7653949138829432, 30.85833913254052874 ) ) ;
#3490 = CARTESIAN_POINT ( 'NONE',  ( -4.027045002910990767, 150.9831202866998012, 22.19103410988088143 ) ) ;
#3491 = CARTESIAN_POINT ( 'NONE',  ( -9.373714633913122540, 148.2950442667325603, 20.31783467028133572 ) ) ;
#3492 = CARTESIAN_POINT ( 'NONE',  ( -12.96044878472686612, 131.2029929080570696, 8.220898573750634597 ) ) ;
#3493 = ORIENTED_EDGE ( 'NONE', *, *, #2972, .T. ) ;
#3494 = CARTESIAN_POINT ( 'NONE',  ( 29.88376025815797732, 162.2262794154008247, 29.99141678494174812 ) ) ;
#3495 = CARTESIAN_POINT ( 'NONE',  ( -7.302081430975954746, 166.0140301982059441, 32.67843815325324641 ) ) ;
#3496 = EDGE_CURVE ( 'NONE', #5475, #3577, #6293, .T. ) ;
#3497 = DIRECTION ( 'NONE',  ( -0.1353787816514326614, 0.9907939167549292270, 0.0000000000000000000 ) ) ;
#3498 = CIRCLE ( 'NONE', #4072, 8.999999999999978684 ) ;
#3499 = CARTESIAN_POINT ( 'NONE',  ( 15.97513454139374467, 132.9880757409887053, 9.384846136514926940 ) ) ;
#3500 = ADVANCED_FACE ( 'NONE', ( #4971 ), #649, .F. ) ;
#3501 = CARTESIAN_POINT ( 'NONE',  ( 26.51096755419280626, 165.4345256041167715, 34.36057017998577123 ) ) ;
#3502 = EDGE_LOOP ( 'NONE', ( #3164, #4392, #4003, #3551 ) ) ;
#3503 = CARTESIAN_POINT ( 'NONE',  ( 33.14410356007068259, 161.8152744938752221, 29.70440409063163045 ) ) ;
#3504 = CARTESIAN_POINT ( 'NONE',  ( -16.32117884694636700, 132.9102242450490508, 9.662301396765688111 ) ) ;
#3505 = CARTESIAN_POINT ( 'NONE',  ( 31.35476778575179679, 133.0415384796649221, 9.593078440344516622 ) ) ;
#3506 = B_SPLINE_CURVE_WITH_KNOTS ( 'NONE', 3,
 ( #5874, #3607, #2463, #901, #4754, #3074, #2609, #5803, #5262, #6904, #1966, #3110, #3646, #5335, #3683, #2038, #4684, #4146, #4184, #2570, #4112, #1543 ),
 .UNSPECIFIED., .F., .F.,
 ( 4, 2, 2, 2, 2, 2, 2, 2, 2, 2, 4 ),
 ( 0.0000000000000000000, 0.001540715674699545809, 0.002311073512049330748, 0.003081431349399116337, 0.004622147024098652822, 0.005392504861448439712, 0.006162862698798224868, 0.007703578373497832477, 0.009244294048197440952, 0.01078500972289705116, 0.01232572539759665964 ),
 .UNSPECIFIED. ) ;
#3507 = B_SPLINE_SURFACE_WITH_KNOTS ( 'NONE', 3, 1, ( 
 ( #1589, #4878 ),
 ( #2764, #5958 ),
 ( #6064, #5993 ),
 ( #518, #1055 ),
 ( #4377, #2693 ),
 ( #4411, #1625 ),
 ( #2116, #2154 ),
 ( #2833, #3801 ),
 ( #6559, #4448 ),
 ( #6523, #3365 ),
 ( #74, #7024 ),
 ( #7063, #1660 ),
 ( #1094, #3265 ),
 ( #662, #2798 ),
 ( #5462, #559 ),
 ( #3873, #2734 ),
 ( #4915, #4945 ),
 ( #3837, #4982 ),
 ( #6028, #1129 ),
 ( #5497, #42 ) ),
 .UNSPECIFIED., .F., .F., .F.,
 ( 4, 2, 2, 2, 2, 2, 2, 2, 2, 4 ),
 ( 2, 2 ),
 ( 0.0000000000000000000, 0.03125000000000832667, 0.06250000000001676437, 0.1250000000000334177, 0.2500000000000267564, 0.3750000000000199840, 0.5000000000000133227, 0.7500000000000129896, 0.8750000000000065503, 1.000000000000000000 ),
 ( 0.0000000000000000000, 1.000000000000000000 ),
 .UNSPECIFIED. ) ;
#3508 = ORIENTED_EDGE ( 'NONE', *, *, #630, .T. ) ;
#3509 = AXIS2_PLACEMENT_3D ( 'NONE', #1579, #1009, #2106 ) ;
#3510 = CARTESIAN_POINT ( 'NONE',  ( 31.20129753879698953, 157.4434011559678481, 29.94678296751346380 ) ) ;
#3511 = CARTESIAN_POINT ( 'NONE',  ( 8.059832864455481527, 130.5700331334700195, 7.610055974292734504 ) ) ;
#3512 = CARTESIAN_POINT ( 'NONE',  ( -17.31392344772432423, 136.9255974213572813, 12.29360828368683478 ) ) ;
#3513 = CARTESIAN_POINT ( 'NONE',  ( 15.78570311427443151, 166.6332615667182608, 33.05291290401078186 ) ) ;
#3514 = CARTESIAN_POINT ( 'NONE',  ( -16.48930805032262725, 168.7459585610024533, 36.65945942039274996 ) ) ;
#3515 = CARTESIAN_POINT ( 'NONE',  ( -13.38111524656169671, 127.9665641818623953, 6.069503312191415034 ) ) ;
#3516 = CARTESIAN_POINT ( 'NONE',  ( -3.132259925352115282, 136.4911443257099961, 11.87329485965861942 ) ) ;
#3517 = CARTESIAN_POINT ( 'NONE',  ( 30.20381271468673745, 159.2959392928855209, 27.29727602064104630 ) ) ;
#3518 = CARTESIAN_POINT ( 'NONE',  ( 27.66293543591187998, 140.8601749282187825, 15.03218411478043848 ) ) ;
#3519 = CARTESIAN_POINT ( 'NONE',  ( -21.20359721951322740, 127.4414625919674791, 6.797655632035076501 ) ) ;
#3520 = ORIENTED_EDGE ( 'NONE', *, *, #3293, .T. ) ;
#3521 = CARTESIAN_POINT ( 'NONE',  ( -6.800087677872029168, 131.1102328884889801, 7.995586278728193719 ) ) ;
#3522 = CARTESIAN_POINT ( 'NONE',  ( -11.75335188318472923, 166.3416957491748178, 30.73293880072491646 ) ) ;
#3523 = CARTESIAN_POINT ( 'NONE',  ( 24.45623711089543662, 143.3831594313795392, 16.82509752259920432 ) ) ;
#3524 = DIRECTION ( 'NONE',  ( -0.0007442459860544277123, -0.5767790251485576114, 0.8168998728403572551 ) ) ;
#3525 = CARTESIAN_POINT ( 'NONE',  ( -7.316849415214515595, 174.5539619786876528, 38.62343951300920253 ) ) ;
#3526 = CARTESIAN_POINT ( 'NONE',  ( 13.08312054046168704, 146.9431451110758360, 19.31121734723199523 ) ) ;
#3527 = CARTESIAN_POINT ( 'NONE',  ( 25.22820105565412874, 140.7868826281216741, 16.28344876963459242 ) ) ;
#3528 = CARTESIAN_POINT ( 'NONE',  ( 24.88525770584609376, 151.7794308309505880, 22.70871199815482910 ) ) ;
#3529 = CARTESIAN_POINT ( 'NONE',  ( -15.02038779159678583, 145.6364350907990399, 18.40194958353205834 ) ) ;
#3530 = CARTESIAN_POINT ( 'NONE',  ( -10.65168663824033857, 131.2591785293415114, 8.146619975720415852 ) ) ;
#3531 = CARTESIAN_POINT ( 'NONE',  ( 10.30046072279725955, 130.7250626390710124, 9.838893213085837530 ) ) ;
#3532 = CARTESIAN_POINT ( 'NONE',  ( 8.725097373840716486, 161.8135573322241214, 29.64656486914973854 ) ) ;
#3533 = CARTESIAN_POINT ( 'NONE',  ( -12.41207013049672803, 141.6628016732246351, 15.58562862530598814 ) ) ;
#3534 = DIRECTION ( 'NONE',  ( 0.0000000000000000000, 0.8189665403419602585, 0.5738412723047379149 ) ) ;
#3535 = CARTESIAN_POINT ( 'NONE',  ( -0.8005430774263858629, 134.5523290637516993, 11.85777600894925854 ) ) ;
#3536 = CARTESIAN_POINT ( 'NONE',  ( -0.7966612214362445155, 161.7624923701493458, 29.69574756253551229 ) ) ;
#3537 = CARTESIAN_POINT ( 'NONE',  ( 10.16279248363072796, 133.7590966782126998, 9.928604849895522833 ) ) ;
#3538 = CARTESIAN_POINT ( 'NONE',  ( 15.08545450029363444, 133.0298702286898163, 9.569523507818090025 ) ) ;
#3539 = DIRECTION ( 'NONE',  ( -1.168050801395786000E-19, 0.8189665403419611467, 0.5738412723047365827 ) ) ;
#3540 = EDGE_LOOP ( 'NONE', ( #55, #2051, #2424, #5585 ) ) ;
#3541 = CARTESIAN_POINT ( 'NONE',  ( 30.91663576665541058, 160.5743673577628101, 32.15716864019466925 ) ) ;
#3542 = CARTESIAN_POINT ( 'NONE',  ( -14.48761263170512059, 130.3921637376415958, 7.807583659446088120 ) ) ;
#3543 = CARTESIAN_POINT ( 'NONE',  ( 21.23261045006876202, 136.9737453051110663, 12.32023181713501359 ) ) ;
#3544 = CARTESIAN_POINT ( 'NONE',  ( 15.52356302539982735, 155.4622227870860911, 25.24541143266742438 ) ) ;
#3545 = CARTESIAN_POINT ( 'NONE',  ( -20.27967648242754350, 156.8425527413109251, 28.25150638487754762 ) ) ;
#3546 = CARTESIAN_POINT ( 'NONE',  ( 33.20260375620860316, 127.9599219303944011, 6.193960202240445412 ) ) ;
#3547 = CARTESIAN_POINT ( 'NONE',  ( -10.34707737647475234, 141.8930841826639551, 18.01139260094263150 ) ) ;
#3548 = CARTESIAN_POINT ( 'NONE',  ( 30.20572510827237878, 158.3982673439755899, 26.66346893441814103 ) ) ;
#3549 = CARTESIAN_POINT ( 'NONE',  ( -8.047991666027220603, 137.9334596945597298, 12.94268350029426173 ) ) ;
#3550 = CARTESIAN_POINT ( 'NONE',  ( 24.92641295996880402, 127.9409421079358822, 6.200545769567495036 ) ) ;
#3551 = ORIENTED_EDGE ( 'NONE', *, *, #591, .F. ) ;
#3552 = CARTESIAN_POINT ( 'NONE',  ( -14.74919737911291762, 136.2585776244192175, 13.72305625227354753 ) ) ;
#3553 = CARTESIAN_POINT ( 'NONE',  ( 24.52419761311967150, 134.5010001146269758, 12.51788430434285360 ) ) ;
#3554 = CARTESIAN_POINT ( 'NONE',  ( -18.65830185409854991, 153.8644947998744215, 26.15030070146722707 ) ) ;
#3555 = CARTESIAN_POINT ( 'NONE',  ( 29.04603393633006903, 137.6148363299406867, 14.72055421588376412 ) ) ;
#3556 = CARTESIAN_POINT ( 'NONE',  ( 19.58810754281705968, 174.5718454786690472, 38.66440361733477715 ) ) ;
#3557 = CARTESIAN_POINT ( 'NONE',  ( -10.31841770819745108, 171.8887915667494894, 36.52426778963649667 ) ) ;
#3558 = FACE_OUTER_BOUND ( 'NONE', #3884, .T. ) ;
#3559 = CARTESIAN_POINT ( 'NONE',  ( -21.88679230251670305, 145.6516801553193261, 18.36329757756235992 ) ) ;
#3560 = CARTESIAN_POINT ( 'NONE',  ( 12.19594431215004526, 148.3537162598570944, 20.28756645328052954 ) ) ;
#3561 = CARTESIAN_POINT ( 'NONE',  ( -13.81153515380992225, 130.4227146926853322, 7.765764482893122711 ) ) ;
#3562 = ORIENTED_EDGE ( 'NONE', *, *, #7004, .T. ) ;
#3563 = CARTESIAN_POINT ( 'NONE',  ( 9.038927389556437930, 131.4822918380471037, 8.220904933099044243 ) ) ;
#3564 = CARTESIAN_POINT ( 'NONE',  ( 25.22820105565412874, 139.5615324794991068, 15.41827999230232393 ) ) ;
#3565 = CARTESIAN_POINT ( 'NONE',  ( 24.91667231765849522, 154.5362175231171591, 24.62805973177932373 ) ) ;
#3566 = CARTESIAN_POINT ( 'NONE',  ( 10.30046007310263079, 130.7250641578015973, 9.838894284745760999 ) ) ;
#3567 = CARTESIAN_POINT ( 'NONE',  ( 29.54564505668699326, 140.3394277346831700, 16.64473006562565160 ) ) ;
#3568 = B_SPLINE_CURVE_WITH_KNOTS ( 'NONE', 3,
 ( #3681, #4830, #5872, #1470, #2607, #3605, #4791, #4257 ),
 .UNSPECIFIED., .F., .F.,
 ( 4, 2, 2, 4 ),
 ( 0.0000000000000000000, 0.001342286820714472121, 0.002684573641428944241, 0.005369147282857917106 ),
 .UNSPECIFIED. ) ;
#3569 = CARTESIAN_POINT ( 'NONE',  ( -16.91450837970191756, 145.3735815957227828, 20.15680873011738328 ) ) ;
#3570 = CARTESIAN_POINT ( 'NONE',  ( 0.4296586713325919460, 150.9503827645227148, 22.11531923006944211 ) ) ;
#3571 = ORIENTED_EDGE ( 'NONE', *, *, #3198, .F. ) ;
#3572 = CARTESIAN_POINT ( 'NONE',  ( -20.60954682700487695, 161.7405415543246647, 29.67808143585845571 ) ) ;
#3573 = CARTESIAN_POINT ( 'NONE',  ( -3.997017816052862660, 133.7543656125601217, 9.900382835574566442 ) ) ;
#3574 = CARTESIAN_POINT ( 'NONE',  ( -14.99704107147701926, 132.1149035088247956, 9.034632919591251365 ) ) ;
#3575 = CARTESIAN_POINT ( 'NONE',  ( -8.804561380451799479, 173.5521074807807338, 37.68176122507892245 ) ) ;
#3576 = EDGE_CURVE ( 'NONE', #2483, #1827, #3080, .T. ) ;
#3577 = VERTEX_POINT ( 'NONE', #5650 ) ;
#3578 = CARTESIAN_POINT ( 'NONE',  ( 31.19095508221749569, 158.3536116750330791, 30.58943533635349965 ) ) ;
#3579 = CARTESIAN_POINT ( 'NONE',  ( -9.342737100630758462, 130.5378730665840692, 7.612872740096782387 ) ) ;
#3580 = CARTESIAN_POINT ( 'NONE',  ( 14.57066271121810352, 136.9637803065111825, 12.31797020161595668 ) ) ;
#3581 = CARTESIAN_POINT ( 'NONE',  ( 24.42891459480844674, 153.9460739247558934, 24.21732921168165475 ) ) ;
#3582 = ADVANCED_FACE ( 'NONE', ( #2820 ), #6118, .F. ) ;
#3583 = LINE ( 'NONE', #5742, #5342 ) ;
#3584 = CARTESIAN_POINT ( 'NONE',  ( 24.92641295996880402, 127.9409421079358822, 6.200545769567495036 ) ) ;
#3585 = EDGE_CURVE ( 'NONE', #5845, #5329, #5620, .T. ) ;
#3586 = CARTESIAN_POINT ( 'NONE',  ( -12.57686246789312356, 133.7135358466552475, 9.940341148655654990 ) ) ;
#3587 = CARTESIAN_POINT ( 'NONE',  ( 30.20406384557262314, 157.1108131258701235, 28.48690761983608866 ) ) ;
#3588 = CARTESIAN_POINT ( 'NONE',  ( -17.31392344772432423, 136.9255974213572813, 12.29360828368683478 ) ) ;
#3589 = ORIENTED_EDGE ( 'NONE', *, *, #408, .F. ) ;
#3590 = CARTESIAN_POINT ( 'NONE',  ( -12.46073333129897165, 132.6746176635609231, 11.19465611135574257 ) ) ;
#3591 = CARTESIAN_POINT ( 'NONE',  ( 30.38482673356119079, 139.8131124368940732, 16.27388526870944219 ) ) ;
#3592 = CARTESIAN_POINT ( 'NONE',  ( 21.26944800614352360, 154.2596823432425026, 23.82728507416745956 ) ) ;
#3593 = DIRECTION ( 'NONE',  ( 0.0001635243220480100197, 0.5738412646324203559, -0.8189665293922948619 ) ) ;
#3594 = CARTESIAN_POINT ( 'NONE',  ( 22.09441452291624941, 170.3292012942201268, 35.65918056866740216 ) ) ;
#3595 = B_SPLINE_CURVE_WITH_KNOTS ( 'NONE', 3,
 ( #701, #6196, #2899, #1230, #763, #6167, #217, #3404, #145, #2331, #4516, #1263, #4547, #2395 ),
 .UNSPECIFIED., .F., .F.,
 ( 4, 2, 2, 2, 2, 2, 4 ),
 ( 0.0000000000000000000, 0.2500000000000304756, 0.3750000000000461853, 0.5000000000000613953, 0.7500000000000582867, 0.8750000000000327516, 1.000000000000000000 ),
 .UNSPECIFIED. ) ;
#3596 = CARTESIAN_POINT ( 'NONE',  ( -12.10053026845917046, 171.3284680890708103, 36.13324295345565673 ) ) ;
#3597 = CARTESIAN_POINT ( 'NONE',  ( 19.84365385836179740, 159.4921205694657260, 20.13982944518888374 ) ) ;
#3598 = CARTESIAN_POINT ( 'NONE',  ( -17.33365636663427622, 148.3146017404884276, 20.27034446965056347 ) ) ;
#3599 = CARTESIAN_POINT ( 'NONE',  ( -17.97482237156878782, 143.7142354915607143, 17.02427948413096104 ) ) ;
#3600 = CARTESIAN_POINT ( 'NONE',  ( 15.08989499127976686, 130.4728849431197375, 7.765698245774471431 ) ) ;
#3601 = AXIS2_PLACEMENT_3D ( 'NONE', #2221, #625, #2153 ) ;
#3602 = CARTESIAN_POINT ( 'NONE',  ( 28.93924020612419667, 164.7790254798865419, 33.89996110782325189 ) ) ;
#3603 = DIRECTION ( 'NONE',  ( 0.0001635243220480100468, 0.5738412646324205779, -0.8189665293922949729 ) ) ;
#3604 = CARTESIAN_POINT ( 'NONE',  ( 29.97900230549115719, 158.3462540878889797, 27.27942712977919015 ) ) ;
#3605 = CARTESIAN_POINT ( 'NONE',  ( 22.79428745602244533, 167.5596702111545824, 33.71749470578981800 ) ) ;
#3606 = CARTESIAN_POINT ( 'NONE',  ( 27.57774064654362789, 138.3730964144726556, 13.19755594299298807 ) ) ;
#3607 = CARTESIAN_POINT ( 'NONE',  ( 22.06491985688790436, 167.9138905265045310, 33.96538535463829334 ) ) ;
#3608 = CARTESIAN_POINT ( 'NONE',  ( -6.980188723104211235, 159.8737524158423184, 24.67555785088110909 ) ) ;
#3609 = AXIS2_PLACEMENT_3D ( 'NONE', #179, #2361, #4546 ) ;
#3610 = CARTESIAN_POINT ( 'NONE',  ( -22.54993672541674954, 151.7516514057627433, 22.63115111444011163 ) ) ;
#3611 = CARTESIAN_POINT ( 'NONE',  ( 16.25320652714324154, 133.0124741058533004, 9.597169127368216479 ) ) ;
#3612 = CARTESIAN_POINT ( 'NONE',  ( 29.51705267007305267, 132.2055605951178450, 9.015478284773392303 ) ) ;
#3613 = AXIS2_PLACEMENT_3D ( 'NONE', #1242, #3416, #2908 ) ;
#3614 = CARTESIAN_POINT ( 'NONE',  ( 30.14948071834563237, 144.3037187385264417, 17.44968993770437393 ) ) ;
#3615 = ORIENTED_EDGE ( 'NONE', *, *, #2768, .T. ) ;
#3616 = CARTESIAN_POINT ( 'NONE',  ( 30.98951338288830115, 160.2553490094693984, 31.93198944850535881 ) ) ;
#3617 = VECTOR ( 'NONE', #4979, 1000.000000000000114 ) ;
#3618 = CARTESIAN_POINT ( 'NONE',  ( 13.32801454373296757, 174.5664165371673562, 38.65667714721984538 ) ) ;
#3619 = CARTESIAN_POINT ( 'NONE',  ( 4.872981145129691605, 137.9952486730958299, 12.88662723123004739 ) ) ;
#3620 = CARTESIAN_POINT ( 'NONE',  ( 14.44162766620444138, 156.4164631221158572, 25.90237626076947564 ) ) ;
#3621 = CARTESIAN_POINT ( 'NONE',  ( -11.25752123843845176, 171.3931019180238593, 38.53326372239835962 ) ) ;
#3622 = DIRECTION ( 'NONE',  ( 0.0000000000000000000, 0.8189665403419615908, 0.5738412723047360275 ) ) ;
#3623 = ORIENTED_EDGE ( 'NONE', *, *, #5346, .F. ) ;
#3624 = CARTESIAN_POINT ( 'NONE',  ( 4.701449699864975962, 128.4163572834407034, 9.427851576617674922 ) ) ;
#3625 = CARTESIAN_POINT ( 'NONE',  ( 29.93917208549027364, 160.9801984210032231, 31.21867831480302868 ) ) ;
#3626 = CARTESIAN_POINT ( 'NONE',  ( 8.766420813633081011, 137.9716366486847221, 12.92984991287191043 ) ) ;
#3627 = EDGE_CURVE ( 'NONE', #5122, #858, #3338, .T. ) ;
#3628 = EDGE_CURVE ( 'NONE', #3028, #3440, #166, .T. ) ;
#3629 = EDGE_LOOP ( 'NONE', ( #4780, #4419, #1575, #5679 ) ) ;
#3630 = CARTESIAN_POINT ( 'NONE',  ( -11.92174987241363304, 132.2846962295058404, 10.91983985024684678 ) ) ;
#3631 = CARTESIAN_POINT ( 'NONE',  ( 21.30134643235083303, 167.9116152600068688, 33.96259784966631656 ) ) ;
#3632 = CARTESIAN_POINT ( 'NONE',  ( -18.87972975333310899, 164.2442146842999477, 33.47878748021865647 ) ) ;
#3633 = CARTESIAN_POINT ( 'NONE',  ( 23.90483678409540502, 134.2234676845385195, 12.32136592307121070 ) ) ;
#3634 = CARTESIAN_POINT ( 'NONE',  ( -15.06306649556019828, 170.2779049736102195, 35.64046789943920146 ) ) ;
#3635 = CARTESIAN_POINT ( 'NONE',  ( -5.846141238452594813, 172.2242284323990020, 36.75589519179740705 ) ) ;
#3636 = CARTESIAN_POINT ( 'NONE',  ( 21.54501508394973897, 159.3534101236901961, 20.04297620292091864 ) ) ;
#3637 = CARTESIAN_POINT ( 'NONE',  ( -14.51859961181541614, 148.3038912130394351, 20.29254010161388067 ) ) ;
#3638 = CARTESIAN_POINT ( 'NONE',  ( 17.39905157677469916, 145.6626050695983281, 18.44473185405395910 ) ) ;
#3639 = CARTESIAN_POINT ( 'NONE',  ( 11.55741237471811189, 130.5462091347920932, 7.652603128412705402 ) ) ;
#3640 = ORIENTED_EDGE ( 'NONE', *, *, #5389, .T. ) ;
#3641 = CARTESIAN_POINT ( 'NONE',  ( 4.562837720226718297, 129.8022317102565637, 9.182093354358887183 ) ) ;
#3642 = CARTESIAN_POINT ( 'NONE',  ( -21.68435459965296275, 162.4952639163354604, 29.93966823472257843 ) ) ;
#3643 = CARTESIAN_POINT ( 'NONE',  ( 25.11454846736484470, 154.1599075420199085, 24.36565807639016867 ) ) ;
#3644 = CARTESIAN_POINT ( 'NONE',  ( 21.52098000469652206, 85.65582314996420621, 147.8759874828550096 ) ) ;
#3645 = CARTESIAN_POINT ( 'NONE',  ( 30.14167554109445746, 143.3772516345739803, 18.79015419656701269 ) ) ;
#3646 = CARTESIAN_POINT ( 'NONE',  ( 27.01182638901298461, 166.2842431388152420, 32.82853314016532664 ) ) ;
#3647 = CARTESIAN_POINT ( 'NONE',  ( -1.952759950383359699, 133.3116259221963844, 9.563972480541750087 ) ) ;
#3648 = CARTESIAN_POINT ( 'NONE',  ( 10.12280020192745411, 156.8025633787890172, 26.15250212272779606 ) ) ;
#3649 = CARTESIAN_POINT ( 'NONE',  ( -13.81597697049259388, 133.0013892392231014, 9.538715835506666352 ) ) ;
#3650 = CARTESIAN_POINT ( 'NONE',  ( 1.710427262721400332, 131.4754901573436712, 8.223012763223152888 ) ) ;
#3651 = DIRECTION ( 'NONE',  ( 0.0001635243220480100197, 0.5738412646324202449, -0.8189665293922949729 ) ) ;
#3652 = ORIENTED_EDGE ( 'NONE', *, *, #5691, .F. ) ;
#3653 = CARTESIAN_POINT ( 'NONE',  ( -6.980515771748308396, 162.0019360479453212, 28.60885599888462849 ) ) ;
#3654 = CARTESIAN_POINT ( 'NONE',  ( 24.51841390797913789, 136.3646138199770803, 11.88127402811324806 ) ) ;
#3655 = CARTESIAN_POINT ( 'NONE',  ( -9.419139819909265299, 174.5520160101001750, 38.62101957774527250 ) ) ;
#3656 = CARTESIAN_POINT ( 'NONE',  ( 8.770931654888460827, 135.3885403420569844, 11.07583199681475072 ) ) ;
#3657 = CARTESIAN_POINT ( 'NONE',  ( 19.67539735181444627, 168.1633288889368600, 34.13728758031172816 ) ) ;
#3658 = CARTESIAN_POINT ( 'NONE',  ( -9.338499316281241747, 128.0776760742603528, 5.921319472861230615 ) ) ;
#3659 = B_SPLINE_CURVE_WITH_KNOTS ( 'NONE', 3,
 ( #6666, #668, #46, #1235, #4453, #5694, #5187, #2803, #3339, #283, #3533, #5534, #1168, #4951, #3948, #1702, #2964, #6629, #4644, #2771, #634, #4989, #5726, #249, #6828, #82, #794, #1931, #825, #1893, #1736, #3910, #5153, #4607 ),
 .UNSPECIFIED., .F., .F.,
 ( 4, 2, 2, 2, 2, 2, 2, 2, 2, 2, 2, 2, 2, 2, 2, 2, 4 ),
 ( 1.398578778534940505E-17, 0.0005080542801972991445, 0.001016108560394584194, 0.001524162840591869461, 0.002032217120789154511, 0.002540271400986439561, 0.003048325681183725044, 0.003556379961381010094, 0.004064434241578295144, 0.004572488521775580628, 0.005080542801972865244, 0.005588597082170150727, 0.006096651362367436211, 0.006604705642564720827, 0.007112759922762006311, 0.007620814202959290927, 0.008128868483156576411 ),
 .UNSPECIFIED. ) ;
#3660 = ORIENTED_EDGE ( 'NONE', *, *, #2620, .F. ) ;
#3661 = CARTESIAN_POINT ( 'NONE',  ( -16.91331827568627233, 146.2959121063884140, 18.85049964461924787 ) ) ;
#3662 = CARTESIAN_POINT ( 'NONE',  ( 26.51262928440105426, 166.7219796272290466, 32.53713135733480755 ) ) ;
#3663 = CARTESIAN_POINT ( 'NONE',  ( -20.56653739880886178, 136.8504787700019847, 12.39250728925444989 ) ) ;
#3664 = EDGE_LOOP ( 'NONE', ( #4365, #5937, #379, #3919 ) ) ;
#3665 = CARTESIAN_POINT ( 'NONE',  ( -13.67930436797442084, 134.1107645726305577, 12.20754952206411481 ) ) ;
#3666 = CARTESIAN_POINT ( 'NONE',  ( 25.22760565886528639, 138.2015191503903395, 15.43734278719761299 ) ) ;
#3667 = CARTESIAN_POINT ( 'NONE',  ( -5.258654872687117177, 129.8335124531473355, 9.195231413347656257 ) ) ;
#3668 = DIRECTION ( 'NONE',  ( 0.0000000000000000000, 0.8169000990817243402, 0.5767791848881762551 ) ) ;
#3669 = CARTESIAN_POINT ( 'NONE',  ( 16.18123827074608201, 174.5682554956700585, 38.66110324717256219 ) ) ;
#3670 = CARTESIAN_POINT ( 'NONE',  ( -15.46265746103172134, 134.8486080044292521, 13.95102557175003355 ) ) ;
#3671 = EDGE_CURVE ( 'NONE', #6503, #5093, #6153, .T. ) ;
#3672 = EDGE_CURVE ( 'NONE', #914, #223, #3726, .T. ) ;
#3673 = CARTESIAN_POINT ( 'NONE',  ( -2.179402114970250715, 160.4636250491446674, 28.55423534403781716 ) ) ;
#3674 = CARTESIAN_POINT ( 'NONE',  ( -15.02502620174710479, 148.3056247514944914, 20.28882224772743470 ) ) ;
#3675 = CARTESIAN_POINT ( 'NONE',  ( -16.33973997714007353, 143.7138484947011534, 17.02886691137020492 ) ) ;
#3676 = CARTESIAN_POINT ( 'NONE',  ( 29.52005658220968343, 130.4508138459572990, 7.832739623625156966 ) ) ;
#3677 = ORIENTED_EDGE ( 'NONE', *, *, #6739, .F. ) ;
#3678 = LINE ( 'NONE', #1997, #1233 ) ;
#3679 = CARTESIAN_POINT ( 'NONE',  ( 22.95368811843578882, 166.5103836557284467, 35.11694790852371995 ) ) ;
#3680 = CARTESIAN_POINT ( 'NONE',  ( 28.74667447581001767, 157.2416403761868935, 26.50989884580144462 ) ) ;
#3681 = CARTESIAN_POINT ( 'NONE',  ( 26.18080289306386277, 166.5793168351987106, 33.03431640338393294 ) ) ;
#3682 = CARTESIAN_POINT ( 'NONE',  ( 29.81537299910281646, 141.1557733810600439, 17.22136351277043786 ) ) ;
#3683 = CARTESIAN_POINT ( 'NONE',  ( 27.94077754790198398, 165.5531393937937708, 32.31749166430849840 ) ) ;
#3684 = FACE_OUTER_BOUND ( 'NONE', #3287, .T. ) ;
#3685 = ADVANCED_FACE ( 'NONE', ( #1338 ), #6989, .T. ) ;
#3686 = ORIENTED_EDGE ( 'NONE', *, *, #673, .F. ) ;
#3687 = CARTESIAN_POINT ( 'NONE',  ( 11.52050343848899416, 151.7848865106085157, 22.66795227325946271 ) ) ;
#3688 = CARTESIAN_POINT ( 'NONE',  ( -8.039502892324899008, 133.0960279853472912, 9.418261344873418039 ) ) ;
#3689 = CARTESIAN_POINT ( 'NONE',  ( -16.31801118911544535, 131.0429082899267996, 8.440484580489904687 ) ) ;
#3690 = DIRECTION ( 'NONE',  ( 0.0007442459860544277123, 0.5767790251485576114, -0.8168998728403572551 ) ) ;
#3691 = B_SPLINE_CURVE_WITH_KNOTS ( 'NONE', 3,
 ( #337, #5383, #840, #4619 ),
 .UNSPECIFIED., .F., .F.,
 ( 4, 4 ),
 ( 1.167168148066081629E-05, 0.0002116771691087918430 ),
 .UNSPECIFIED. ) ;
#3692 = VERTEX_POINT ( 'NONE', #4166 ) ;
#3693 = CIRCLE ( 'NONE', #1863, 2.599999999999996536 ) ;
#3694 = CARTESIAN_POINT ( 'NONE',  ( 16.28449485172733802, 132.9988751132083280, 9.585333753552532698 ) ) ;
#3695 = CARTESIAN_POINT ( 'NONE',  ( 24.84576242097881860, 174.5794671206328701, 38.66653412188323102 ) ) ;
#3696 = CARTESIAN_POINT ( 'NONE',  ( 27.67247876534694129, 135.3543542414488172, 11.17115723112693715 ) ) ;
#3697 = FACE_OUTER_BOUND ( 'NONE', #6434, .T. ) ;
#3698 = CARTESIAN_POINT ( 'NONE',  ( 30.62695042774322474, 161.5219749628329851, 32.82597103787556136 ) ) ;
#3699 = DIRECTION ( 'NONE',  ( 0.0000000000000000000, 0.8169000990817273378, 0.5767791848881718142 ) ) ;
#3700 = DIRECTION ( 'NONE',  ( -0.0007442459860544277123, -0.5767790251485576114, 0.8168998728403572551 ) ) ;
#3701 = CARTESIAN_POINT ( 'NONE',  ( -15.34375050139956898, 137.9256188422801017, 12.93583353831415117 ) ) ;
#3702 = ORIENTED_EDGE ( 'NONE', *, *, #3628, .F. ) ;
#3703 = CARTESIAN_POINT ( 'NONE',  ( -8.413068006920392250, 171.1172886358761787, 38.34111490365346242 ) ) ;
#3704 = CARTESIAN_POINT ( 'NONE',  ( 25.28006422603455761, 178.8560900846432560, -42.14227155126864943 ) ) ;
#3705 = CARTESIAN_POINT ( 'NONE',  ( 20.72024326313648857, 146.4372611970393905, 18.98322712677653357 ) ) ;
#3706 = ORIENTED_EDGE ( 'NONE', *, *, #1595, .T. ) ;
#3707 = CARTESIAN_POINT ( 'NONE',  ( -0.8114290339548895226, 170.2996147007596051, 35.64474807657244781 ) ) ;
#3708 = FACE_BOUND ( 'NONE', #6636, .T. ) ;
#3709 = CARTESIAN_POINT ( 'NONE',  ( -15.69979484889379862, 136.0039995720543118, 13.54244322584733418 ) ) ;
#3710 = CARTESIAN_POINT ( 'NONE',  ( 15.05891030122763219, 148.3471455714460205, 20.30398744302511105 ) ) ;
#3711 = CARTESIAN_POINT ( 'NONE',  ( 21.21751752377746669, 145.6676697479062454, 18.44694916135464169 ) ) ;
#3712 = CARTESIAN_POINT ( 'NONE',  ( 12.22692544177361462, 130.5377065685329114, 7.666359071039213546 ) ) ;
#3713 = VERTEX_POINT ( 'NONE', #343 ) ;
#3714 = CARTESIAN_POINT ( 'NONE',  ( -10.34648197968590466, 144.4784476603952612, 18.85749858337961626 ) ) ;
#3715 = CYLINDRICAL_SURFACE ( 'NONE', #4416, 1.099999999999981437 ) ;
#3716 = CARTESIAN_POINT ( 'NONE',  ( 29.17060277013284875, 157.0239204250373461, 26.35703057895109680 ) ) ;
#3717 = CARTESIAN_POINT ( 'NONE',  ( -19.85894944334892642, 154.1832869009571994, 27.59843291486793504 ) ) ;
#3718 = CARTESIAN_POINT ( 'NONE',  ( 18.79485770044131243, 133.0625847940569599, 11.49705929638526491 ) ) ;
#3719 = LINE ( 'NONE', #5296, #6596 ) ;
#3720 = CARTESIAN_POINT ( 'NONE',  ( 19.67539735181444627, 168.1633288889368600, 34.13728758031172816 ) ) ;
#3721 = CARTESIAN_POINT ( 'NONE',  ( -9.388314350668576225, 156.7169678728214137, 26.22617697804277626 ) ) ;
#3722 = CARTESIAN_POINT ( 'NONE',  ( -11.16791062933728007, 133.0825716523364974, 9.429692821549789272 ) ) ;
#3723 = CARTESIAN_POINT ( 'NONE',  ( 18.08360666308592357, 131.3226701292597340, 8.480967437025450195 ) ) ;
#3724 = EDGE_CURVE ( 'NONE', #5007, #3280, #1968, .T. ) ;
#3725 = EDGE_CURVE ( 'NONE', #6036, #3028, #3483, .T. ) ;
#3726 = CIRCLE ( 'NONE', #294, 4.649999999999995914 ) ;
#3727 = CARTESIAN_POINT ( 'NONE',  ( 29.07172045135546057, 140.2180431062494961, 14.58179920003065355 ) ) ;
#3728 = ORIENTED_EDGE ( 'NONE', *, *, #4947, .F. ) ;
#3729 = DIRECTION ( 'NONE',  ( 0.0000000000000000000, 0.8189665403419613687, 0.5738412723047364716 ) ) ;
#3730 = CARTESIAN_POINT ( 'NONE',  ( 30.45168927556417415, 162.0014010908530508, 29.83409507102839697 ) ) ;
#3731 = CARTESIAN_POINT ( 'NONE',  ( -17.37908032599194641, 174.5515048773483784, 38.60209634122782774 ) ) ;
#3732 = CARTESIAN_POINT ( 'NONE',  ( -13.98961176984004240, 135.3212594626626526, 11.11541470989696379 ) ) ;
#3733 = CARTESIAN_POINT ( 'NONE',  ( -7.003651467230276317, 84.08977716661996737, 146.7729799164185920 ) ) ;
#3734 = DIRECTION ( 'NONE',  ( 0.0000000000000000000, 0.8169000990817225638, 0.5767791848881785866 ) ) ;
#3735 = CARTESIAN_POINT ( 'NONE',  ( -0.8005430774263859739, 134.5523290637516709, 11.85777600894924433 ) ) ;
#3736 = CARTESIAN_POINT ( 'NONE',  ( 21.63073713560199707, 166.7839409471163492, 35.30889004641288409 ) ) ;
#3737 = CARTESIAN_POINT ( 'NONE',  ( -9.351156203932989186, 135.3603168577427880, 11.07126889083187571 ) ) ;
#3738 = B_SPLINE_CURVE_WITH_KNOTS ( 'NONE', 3,
 ( #6297, #5766, #1771, #4520, #6599, #5604 ),
 .UNSPECIFIED., .F., .F.,
 ( 4, 2, 4 ),
 ( 0.01526126696788144589, 0.01575852799308627428, 0.01625578901829110440 ),
 .UNSPECIFIED. ) ;
#3739 = EDGE_LOOP ( 'NONE', ( #2602, #5341, #5422, #6776, #4690, #2188 ) ) ;
#3740 = CARTESIAN_POINT ( 'NONE',  ( -14.55908577512848900, 170.1238702592352752, 35.25076688730980834 ) ) ;
#3741 = CARTESIAN_POINT ( 'NONE',  ( 30.70687962224056733, 140.1107048858935400, 17.70843656160272772 ) ) ;
#3742 = CARTESIAN_POINT ( 'NONE',  ( 15.42144828457144712, 156.4057841992383260, 25.29121095648292084 ) ) ;
#3743 = ORIENTED_EDGE ( 'NONE', *, *, #408, .T. ) ;
#3744 = CARTESIAN_POINT ( 'NONE',  ( -17.36431193832272868, 166.0049727077663704, 32.66649040603597598 ) ) ;
#3745 = CARTESIAN_POINT ( 'NONE',  ( -3.990154115317700700, 129.8325526682625934, 7.066353897328764511 ) ) ;
#3746 = CARTESIAN_POINT ( 'NONE',  ( 23.26873099659663779, 140.6704794009035027, 14.91678338557484018 ) ) ;
#3747 = VECTOR ( 'NONE', #4426, 1000.000000000000114 ) ;
#3748 = CARTESIAN_POINT ( 'NONE',  ( 25.23027202013255987, 166.8078140377828902, 35.32902523639317138 ) ) ;
#3749 = CARTESIAN_POINT ( 'NONE',  ( 33.17201471616296260, 145.7065971355611111, 18.42104961733179280 ) ) ;
#3750 = CARTESIAN_POINT ( 'NONE',  ( -0.7603706609460372245, 140.8496950859442904, 14.97693279235698327 ) ) ;
#3751 = CARTESIAN_POINT ( 'NONE',  ( 8.059832864455481527, 130.5700331334700195, 7.610055974292734504 ) ) ;
#3752 = ORIENTED_EDGE ( 'NONE', *, *, #2198, .F. ) ;
#3753 = FACE_OUTER_BOUND ( 'NONE', #4593, .T. ) ;
#3754 = CARTESIAN_POINT ( 'NONE',  ( -2.208163222637559375, 157.6183922652103320, 24.62251736968132931 ) ) ;
#3755 = CARTESIAN_POINT ( 'NONE',  ( 18.64636265277621874, 154.3860685764110769, 24.51398943748480974 ) ) ;
#3756 = CARTESIAN_POINT ( 'NONE',  ( -20.63194917256604555, 159.5386948492790680, 31.37895948387512490 ) ) ;
#3757 = CARTESIAN_POINT ( 'NONE',  ( -11.25752123843845176, 171.3931019180238593, 38.53326372239835962 ) ) ;
#3758 = CARTESIAN_POINT ( 'NONE',  ( -3.382877415458413584, 135.4760247178415966, 11.14042787850221750 ) ) ;
#3759 = CARTESIAN_POINT ( 'NONE',  ( 33.15277574798712834, 156.8114741299430079, 26.19667240125106389 ) ) ;
#3760 = CARTESIAN_POINT ( 'NONE',  ( 22.11785433017549352, 156.7914390825648638, 26.19794952766493878 ) ) ;
#3761 = CARTESIAN_POINT ( 'NONE',  ( -14.49061590130467359, 132.1363981604759203, 9.005286251886429838 ) ) ;
#3762 = CARTESIAN_POINT ( 'NONE',  ( 27.67933780522363207, 131.3654789790912503, 8.443719648385917154 ) ) ;
#3763 = CARTESIAN_POINT ( 'NONE',  ( 30.79415723938139848, 140.4122431879785040, 17.92141973076598305 ) ) ;
#3764 = CARTESIAN_POINT ( 'NONE',  ( 30.05340876908972092, 143.3450445392461745, 16.77679196525456362 ) ) ;
#3765 = DIRECTION ( 'NONE',  ( 0.0001635243220480099926, 0.5738412646324208000, -0.8189665293922945288 ) ) ;
#3766 = VERTEX_POINT ( 'NONE', #4355 ) ;
#3767 = EDGE_CURVE ( 'NONE', #2553, #847, #6235, .T. ) ;
#3768 = CARTESIAN_POINT ( 'NONE',  ( 30.00517906571216997, 160.4818438131794665, 28.16141848205835529 ) ) ;
#3769 = CARTESIAN_POINT ( 'NONE',  ( -11.23248946079587007, 170.2795026800442599, 35.64765021903635045 ) ) ;
#3770 = CARTESIAN_POINT ( 'NONE',  ( 22.15501805992580842, 135.3434463003401618, 11.17306327246883590 ) ) ;
#3771 = B_SPLINE_CURVE_WITH_KNOTS ( 'NONE', 3,
 ( #1423, #3069, #823, #319, #5219, #6862 ),
 .UNSPECIFIED., .F., .F.,
 ( 4, 2, 4 ),
 ( 0.0000000000000000000, 0.003445835821626598745, 0.006891671643253197491 ),
 .UNSPECIFIED. ) ;
#3772 = CARTESIAN_POINT ( 'NONE',  ( 29.98920421087499122, 161.7358386368953234, 29.64851346859468961 ) ) ;
#3773 = CARTESIAN_POINT ( 'NONE',  ( 7.437696583500929215, 164.0090925304241978, 31.20655985247496389 ) ) ;
#3774 = EDGE_LOOP ( 'NONE', ( #1271, #5856, #2624, #2765 ) ) ;
#3775 = CARTESIAN_POINT ( 'NONE',  ( -5.846141238452594813, 172.2242284323990020, 36.75589519179740705 ) ) ;
#3776 = CYLINDRICAL_SURFACE ( 'NONE', #3039, 2.599999999999996536 ) ;
#3777 = ORIENTED_EDGE ( 'NONE', *, *, #6817, .T. ) ;
#3778 = CARTESIAN_POINT ( 'NONE',  ( 26.20591881512694954, 136.6944769911299318, 13.39486211446233987 ) ) ;
#3779 = CARTESIAN_POINT ( 'NONE',  ( 24.52345336804074094, 133.9242210895988876, 13.33478417728337817 ) ) ;
#3780 = CARTESIAN_POINT ( 'NONE',  ( 21.06009078238416521, 168.1897227483430299, 33.54769986884761579 ) ) ;
#3781 = ORIENTED_EDGE ( 'NONE', *, *, #6429, .F. ) ;
#3782 = CARTESIAN_POINT ( 'NONE',  ( 10.16965677755301023, 129.8275788050763992, 7.108390540670194824 ) ) ;
#3783 = CARTESIAN_POINT ( 'NONE',  ( 22.62891984029966252, 139.4044244834453821, 14.02608194226278471 ) ) ;
#3784 = CARTESIAN_POINT ( 'NONE',  ( -15.04535158300518027, 134.5777728805950062, 12.53604011375663418 ) ) ;
#3785 = CARTESIAN_POINT ( 'NONE',  ( -8.058052039326518923, 143.7035993856027858, 17.06390127906373522 ) ) ;
#3786 = CARTESIAN_POINT ( 'NONE',  ( 12.20896482295598062, 140.8362941363068614, 15.02802615595805236 ) ) ;
#3787 = CARTESIAN_POINT ( 'NONE',  ( -13.97892395873138760, 129.0953234031812826, 6.881169120164759789 ) ) ;
#3788 = ORIENTED_EDGE ( 'NONE', *, *, #3294, .T. ) ;
#3789 = CARTESIAN_POINT ( 'NONE',  ( -10.29461880930547757, 182.5476551169168431, -39.56822173752361493 ) ) ;
#3790 = CARTESIAN_POINT ( 'NONE',  ( -10.22877774152059693, 129.7301133342090509, 10.34183774600961314 ) ) ;
#3791 = CARTESIAN_POINT ( 'NONE',  ( 17.23253279459729370, 154.4633325503275785, 24.56125229023116319 ) ) ;
#3792 = CARTESIAN_POINT ( 'NONE',  ( 17.81353611051657992, 140.6940007036158136, 14.95600821103457889 ) ) ;
#3793 = CARTESIAN_POINT ( 'NONE',  ( -20.54071137931677526, 158.4579710091167328, 29.39184821922731317 ) ) ;
#3794 = FACE_BOUND ( 'NONE', #5290, .T. ) ;
#3795 = CARTESIAN_POINT ( 'NONE',  ( -10.69598909803829301, 156.7165848222834086, 26.22349396222897866 ) ) ;
#3796 = CARTESIAN_POINT ( 'NONE',  ( -20.59091434821336009, 151.0006252526948174, 22.12522494632049330 ) ) ;
#3797 = CARTESIAN_POINT ( 'NONE',  ( -3.992993219446005160, 131.4573500601972285, 8.234754444829766484 ) ) ;
#3798 = CARTESIAN_POINT ( 'NONE',  ( -7.241722845558750343, 131.2837479402632255, 8.120064501781932620 ) ) ;
#3799 = CARTESIAN_POINT ( 'NONE',  ( 27.55795758663517958, 140.2356481353310755, 14.59627636764568770 ) ) ;
#3800 = CARTESIAN_POINT ( 'NONE',  ( 27.57649029862302470, 137.4038808708156125, 14.57026849698422311 ) ) ;
#3801 = CARTESIAN_POINT ( 'NONE',  ( -10.23417102612430973, 131.2436903215090354, 10.18636636071888546 ) ) ;
#3802 = CARTESIAN_POINT ( 'NONE',  ( 15.68226215339452168, 146.4651207095402867, 20.28391958264638717 ) ) ;
#3803 = CARTESIAN_POINT ( 'NONE',  ( 7.614879755504296632, 170.5654527305640613, 35.19633519673164557 ) ) ;
#3804 = CARTESIAN_POINT ( 'NONE',  ( 17.36375435118204180, 166.0752356301130135, 32.65220724948925124 ) ) ;
#3805 = CARTESIAN_POINT ( 'NONE',  ( -0.7508299126064887918, 135.3861028076309765, 11.05579523642130724 ) ) ;
#3806 = FACE_OUTER_BOUND ( 'NONE', #421, .T. ) ;
#3807 = LINE ( 'NONE', #2122, #4325 ) ;
#3808 = ORIENTED_EDGE ( 'NONE', *, *, #2198, .T. ) ;
#3809 = CARTESIAN_POINT ( 'NONE',  ( -5.572694838771846904, 135.8195146596344784, 11.40319430300001002 ) ) ;
#3810 = CARTESIAN_POINT ( 'NONE',  ( 15.73412532377494877, 186.6582684236743432, -36.64217485754758741 ) ) ;
#3811 = AXIS2_PLACEMENT_3D ( 'NONE', #85, #6705, #3913 ) ;
#3812 = EDGE_CURVE ( 'NONE', #3160, #2812, #2301, .T. ) ;
#3813 = EDGE_CURVE ( 'NONE', #6117, #131, #994, .T. ) ;
#3814 = CARTESIAN_POINT ( 'NONE',  ( -7.134423098752032288, 172.2839416885481967, 36.78266780099493616 ) ) ;
#3815 = CARTESIAN_POINT ( 'NONE',  ( 31.20616460531911329, 146.7372453232115674, 21.16347581018228396 ) ) ;
#3816 = CARTESIAN_POINT ( 'NONE',  ( 13.06320138179972012, 160.6053947177834402, 28.20516331456600767 ) ) ;
#3817 = EDGE_LOOP ( 'NONE', ( #5042, #5536, #1926, #967 ) ) ;
#3818 = CARTESIAN_POINT ( 'NONE',  ( 4.887187177401958849, 129.8467925262672509, 7.067999572620164983 ) ) ;
#3819 = CARTESIAN_POINT ( 'NONE',  ( 24.07592236730057778, 137.3590916148072267, 12.57943948155285163 ) ) ;
#3820 = CARTESIAN_POINT ( 'NONE',  ( -12.53408310491634126, 131.0618683636595563, 11.28003431166319004 ) ) ;
#3821 = CARTESIAN_POINT ( 'NONE',  ( -11.18981012903418559, 145.6277616074594334, 18.42375258491674117 ) ) ;
#3822 = CARTESIAN_POINT ( 'NONE',  ( 27.66293543591187998, 140.8601749282187825, 15.03218411478043848 ) ) ;
#3823 = CARTESIAN_POINT ( 'NONE',  ( -3.989167252883221160, 129.2661754825789444, 6.662628998612945885 ) ) ;
#3824 = ORIENTED_EDGE ( 'NONE', *, *, #4722, .T. ) ;
#3825 = ORIENTED_EDGE ( 'NONE', *, *, #4198, .T. ) ;
#3826 = CARTESIAN_POINT ( 'NONE',  ( -10.22803349642693149, 130.3068923592281578, 9.524937873089589502 ) ) ;
#3827 = CARTESIAN_POINT ( 'NONE',  ( 17.47398686392454081, 155.1084455369613977, 24.40280986412125586 ) ) ;
#3828 = CARTESIAN_POINT ( 'NONE',  ( -21.73664093108136797, 161.6467882796587219, 29.33866194876666356 ) ) ;
#3829 = CARTESIAN_POINT ( 'NONE',  ( -19.59714915957817283, 164.4503289873384517, 34.84780283686793467 ) ) ;
#3830 = CYLINDRICAL_SURFACE ( 'NONE', #1920, 8.500000000326545901 ) ;
#3831 = CARTESIAN_POINT ( 'NONE',  ( 29.47446890365425531, 156.8005260118682713, 26.20317597789204100 ) ) ;
#3832 = CARTESIAN_POINT ( 'NONE',  ( 24.88525770584609376, 151.7794308309505880, 22.70871199815482910 ) ) ;
#3833 = CARTESIAN_POINT ( 'NONE',  ( 8.058268895821527167, 131.4674934229535381, 8.250066840768093712 ) ) ;
#3834 = CARTESIAN_POINT ( 'NONE',  ( 20.79188080835474040, 132.3579233221779532, 12.22548677890815227 ) ) ;
#3835 = B_SPLINE_CURVE_WITH_KNOTS ( 'NONE', 3,
 ( #692, #4101, #786, #5591, #1822, #275, #2956, #2453, #4569, #6187, #241, #1255, #6816, #1921, #2861, #5047, #2321, #5654, #3427, #5110, #6685, #723, #2889, #1284, #3457, #752, #2920, #3596, #5250, #1991, #3557, #6855, #5754, #1459, #5285, #464, #2559, #3635 ),
 .UNSPECIFIED., .F., .F.,
 ( 4, 2, 2, 2, 2, 2, 2, 2, 2, 2, 2, 2, 2, 2, 2, 2, 2, 2, 4 ),
 ( 1.297764058336539489E-14, 0.003803247260211828264, 0.007606494520410679062, 0.009508118150510109015, 0.01140974178060953637, 0.01331136541070896545, 0.01426217722575868867, 0.01521298904080840841, 0.01711461267090779240, 0.01901623630100717985, 0.01996704811605686664, 0.02091785993110655689, 0.02281948356120589577, 0.02377029537625556521, 0.02472110719130523118, 0.02662273082140459782, 0.02757354263645428114, 0.02852435445150396098, 0.03042597808160332762 ),
 .UNSPECIFIED. ) ;
#3836 = CARTESIAN_POINT ( 'NONE',  ( 26.04334952582549434, 136.2696267368298777, 13.76802204335376167 ) ) ;
#3837 = CARTESIAN_POINT ( 'NONE',  ( -1.034333990100710476, 130.5543105858874071, 7.562877699358809380 ) ) ;
#3838 = AXIS2_PLACEMENT_3D ( 'NONE', #2540, #6447, #3079 ) ;
#3839 = CYLINDRICAL_SURFACE ( 'NONE', #4952, 4.649999999999997691 ) ;
#3840 = CARTESIAN_POINT ( 'NONE',  ( 18.02352513844160598, 166.0754328089886087, 32.65355535758548911 ) ) ;
#3841 = CARTESIAN_POINT ( 'NONE',  ( 8.054243726652600799, 133.7738764647884580, 9.902360935707344325 ) ) ;
#3842 = AXIS2_PLACEMENT_3D ( 'NONE', #1262, #1229, #5120 ) ;
#3843 = FACE_BOUND ( 'NONE', #2718, .T. ) ;
#3844 = CARTESIAN_POINT ( 'NONE',  ( 29.86015457901616799, 163.0666868469335782, 33.91592925667226410 ) ) ;
#3845 = ORIENTED_EDGE ( 'NONE', *, *, #4155, .T. ) ;
#3846 = CARTESIAN_POINT ( 'NONE',  ( 7.132553041625621759, 131.1431934933131345, 8.010058251636070992 ) ) ;
#3847 = B_SPLINE_CURVE_WITH_KNOTS ( 'NONE', 3,
 ( #1928, #6863, #6291, #896, #3679, #969, #6900, #1998, #3139, #5331, #5761, #1467, #1962, #431, #4141, #3070, #4865, #2176, #5982, #3217 ),
 .UNSPECIFIED., .F., .F.,
 ( 4, 2, 2, 2, 2, 2, 2, 2, 2, 4 ),
 ( 0.0000000000000000000, 0.06249999999981652871, 0.1250000000000071332, 0.1875000000000106304, 0.2500000000000140998, 0.3750000000000114353, 0.5000000000000094369, 0.7500000000000045519, 0.8750000000000023315, 1.000000000000000000 ),
 .UNSPECIFIED. ) ;
#3848 = FACE_OUTER_BOUND ( 'NONE', #6580, .T. ) ;
#3849 = CIRCLE ( 'NONE', #3276, 4.000000000000000000 ) ;
#3850 = CARTESIAN_POINT ( 'NONE',  ( -17.06257721385769344, 166.9900897024284916, 35.41919116393468414 ) ) ;
#3851 = CARTESIAN_POINT ( 'NONE',  ( 27.52255976986251440, 135.6352575214313276, 14.54560820592744541 ) ) ;
#3852 = CARTESIAN_POINT ( 'NONE',  ( 17.83740805529804518, 154.9478456038449679, 24.29335638483212279 ) ) ;
#3853 = ORIENTED_EDGE ( 'NONE', *, *, #3065, .T. ) ;
#3854 = CARTESIAN_POINT ( 'NONE',  ( 33.19964060903949132, 129.7009345619144938, 7.345518643968929062 ) ) ;
#3855 = CARTESIAN_POINT ( 'NONE',  ( -0.8600742534128767991, 171.7504217582383887, 36.41824067255042507 ) ) ;
#3856 = CARTESIAN_POINT ( 'NONE',  ( 17.16909225452541676, 168.4449900831908735, 36.47762292979241039 ) ) ;
#3857 = ADVANCED_FACE ( 'NONE', ( #2742 ), #5560, .T. ) ;
#3858 = CARTESIAN_POINT ( 'NONE',  ( -21.88344153351335919, 143.7072505288752211, 17.02457307213561677 ) ) ;
#3859 = CARTESIAN_POINT ( 'NONE',  ( 16.23968190551204316, 140.8275978865105458, 15.05035565157711375 ) ) ;
#3860 = CARTESIAN_POINT ( 'NONE',  ( 33.19964060903949132, 129.7009345619144938, 7.345518643968929062 ) ) ;
#3861 = VERTEX_POINT ( 'NONE', #2272 ) ;
#3862 = CARTESIAN_POINT ( 'NONE',  ( 25.53956871037914311, 168.9331703167018475, 26.75621137601943644 ) ) ;
#3863 = CARTESIAN_POINT ( 'NONE',  ( 21.13035036043036996, 153.5633671747884819, 23.94977042028169478 ) ) ;
#3864 = CARTESIAN_POINT ( 'NONE',  ( 16.98458579865771867, 144.8024256670534555, 17.83911514137152565 ) ) ;
#3865 = FACE_OUTER_BOUND ( 'NONE', #1811, .T. ) ;
#3866 = CARTESIAN_POINT ( 'NONE',  ( -2.867488226413718699, 136.4862961782595505, 11.86713900231572438 ) ) ;
#3867 = CARTESIAN_POINT ( 'NONE',  ( 21.18960410526547378, 161.8133617706603502, 29.67761454583717295 ) ) ;
#3868 = CARTESIAN_POINT ( 'NONE',  ( -17.33829497985491841, 150.9871137645051249, 22.15248786508836076 ) ) ;
#3869 = CARTESIAN_POINT ( 'NONE',  ( -22.51455968824606302, 130.8857551168621285, 9.002675451817681918 ) ) ;
#3870 = AXIS2_PLACEMENT_3D ( 'NONE', #705, #6137, #5092 ) ;
#3871 = CARTESIAN_POINT ( 'NONE',  ( 27.77975038805132257, 139.7236053911662736, 14.23567408497252451 ) ) ;
#3872 = LINE ( 'NONE', #6558, #2348 ) ;
#3873 = CARTESIAN_POINT ( 'NONE',  ( -2.624639082702482806, 130.6095204349492178, 7.600410213652479818 ) ) ;
#3874 = CARTESIAN_POINT ( 'NONE',  ( -12.76428225656602322, 166.0051865552689776, 32.67754215901447168 ) ) ;
#3875 = CARTESIAN_POINT ( 'NONE',  ( 19.65326318969746566, 136.9660843218098591, 12.32723800292945171 ) ) ;
#3876 = CARTESIAN_POINT ( 'NONE',  ( -10.65485190584662156, 133.0873888481469010, 9.424102306633013626 ) ) ;
#3877 = CARTESIAN_POINT ( 'NONE',  ( -10.34648197968590466, 140.2305671451702835, 15.85824682196111013 ) ) ;
#3878 = CARTESIAN_POINT ( 'NONE',  ( 19.67539735181444627, 168.1633288889368600, 34.13728758031172816 ) ) ;
#3879 = EDGE_LOOP ( 'NONE', ( #4984, #2633, #3623, #2740, #4640 ) ) ;
#3880 = PLANE ( 'NONE',  #1084 ) ;
#3881 = CARTESIAN_POINT ( 'NONE',  ( -8.753818264669144256, 137.0815242223230541, 12.32227311167060613 ) ) ;
#3882 = CARTESIAN_POINT ( 'NONE',  ( -11.75408073199352010, 165.4371497707204810, 30.09913276745014699 ) ) ;
#3883 = CARTESIAN_POINT ( 'NONE',  ( 17.35063848957232580, 155.1585334975540036, 24.43691021710314715 ) ) ;
#3884 = EDGE_LOOP ( 'NONE', ( #2847, #6105, #2315, #931 ) ) ;
#3885 = CARTESIAN_POINT ( 'NONE',  ( -0.7401488886470170003, 129.2712089416398840, 6.663484942232289043 ) ) ;
#3886 = DIRECTION ( 'NONE',  ( 0.0000000000000000000, 0.8169000990817221197, 0.5767791848881794747 ) ) ;
#3887 = CARTESIAN_POINT ( 'NONE',  ( -12.33891147407520350, 150.1256308425543580, 21.59138063204725810 ) ) ;
#3888 = CARTESIAN_POINT ( 'NONE',  ( -15.35381187682105342, 143.7121539068712082, 17.03371307246798239 ) ) ;
#3889 = CARTESIAN_POINT ( 'NONE',  ( -13.99412438682918669, 137.9334079335230001, 12.92807787953814724 ) ) ;
#3890 = CARTESIAN_POINT ( 'NONE',  ( -12.70037992849048081, 129.1457215028037240, 6.812585543435945468 ) ) ;
#3891 = B_SPLINE_SURFACE_WITH_KNOTS ( 'NONE', 1, 3, ( 
 ( #6304, #369, #6337, #5234, #3117, #5773, #5846, #2578, #4727, #5306, #6269, #2010, #5162, #405, #4762, #6911, #1437, #2971, #4120, #4194, #257, #6377, #6798, #2045, #1479, #6949 ),
 ( #5811, #4230, #1901, #1327, #802, #3510, #2434, #3578, #4614, #4084, #3042, #3616, #3541, #6876, #908, #834, #3007, #5195, #292, #3082, #4654, #6839, #1941, #1399, #333, #2508 ) ),
 .UNSPECIFIED., .F., .F., .F.,
 ( 2, 2 ),
 ( 4, 2, 2, 2, 2, 2, 2, 2, 2, 2, 2, 2, 4 ),
 ( 0.0000000000000000000, 1.000000000000000000 ),
 ( 0.0000000000000000000, 0.2499999999999592548, 0.3749999999997473132, 0.4374999999999131806, 0.4999999999999220068, 0.5624999999999320544, 0.6249999999999453770, 0.6874999999997903899, 0.7499999999999610312, 0.8124999999999694689, 0.8749999999999800160, 0.9375000000000124345, 1.000000000000000000 ),
 .UNSPECIFIED. ) ;
#3892 = ORIENTED_EDGE ( 'NONE', *, *, #3331, .T. ) ;
#3893 = CARTESIAN_POINT ( 'NONE',  ( -7.036505744669428353, 129.3266920756090030, 8.835766894221588785 ) ) ;
#3894 = CARTESIAN_POINT ( 'NONE',  ( 13.07695885438340433, 160.3284740446338503, 28.62290458470076970 ) ) ;
#3895 = EDGE_CURVE ( 'NONE', #2469, #6279, #4056, .T. ) ;
#3896 = CARTESIAN_POINT ( 'NONE',  ( 16.65959718149032653, 142.1074190132886486, 15.94946106798160734 ) ) ;
#3897 = CARTESIAN_POINT ( 'NONE',  ( -20.27967648242754350, 156.8425527413109251, 28.25150638487754762 ) ) ;
#3898 = EDGE_CURVE ( 'NONE', #2507, #5370, #898, .T. ) ;
#3899 = CARTESIAN_POINT ( 'NONE',  ( 21.29830180919721272, 167.9124758566398725, 33.96327289192710452 ) ) ;
#3900 = CARTESIAN_POINT ( 'NONE',  ( 11.51183039383256990, 156.8027037000910298, 26.15573149845998202 ) ) ;
#3901 = CARTESIAN_POINT ( 'NONE',  ( -11.19908718834312111, 150.9700512607356586, 22.19193169172692492 ) ) ;
#3902 = CARTESIAN_POINT ( 'NONE',  ( 14.57891188155394779, 132.2118165265725906, 8.969695188118853579 ) ) ;
#3903 = CARTESIAN_POINT ( 'NONE',  ( 31.20228144488010713, 147.2824457664555382, 22.77255586226223727 ) ) ;
#3904 = EDGE_CURVE ( 'NONE', #6972, #6488, #6809, .T. ) ;
#3905 = CARTESIAN_POINT ( 'NONE',  ( 26.58208168135198335, 136.6244696323798848, 14.01905267133304811 ) ) ;
#3906 = CARTESIAN_POINT ( 'NONE',  ( 30.04016038005585187, 161.6868243616758321, 29.17991324326492020 ) ) ;
#3907 = CARTESIAN_POINT ( 'NONE',  ( 12.16528708391415314, 166.0711894253450964, 32.64513335213526091 ) ) ;
#3908 = CARTESIAN_POINT ( 'NONE',  ( 15.07864300682345160, 136.9616312108545628, 12.32228342233335283 ) ) ;
#3909 = CARTESIAN_POINT ( 'NONE',  ( 4.881471669177670059, 133.1291801656551570, 9.402968563149178394 ) ) ;
#3910 = CARTESIAN_POINT ( 'NONE',  ( -10.68774446043978266, 145.0535583486382336, 18.01348160178779523 ) ) ;
#3911 = CARTESIAN_POINT ( 'NONE',  ( -12.57049918260042887, 131.6628426623202870, 10.48018385985918144 ) ) ;
#3912 = ORIENTED_EDGE ( 'NONE', *, *, #1670, .T. ) ;
#3913 = DIRECTION ( 'NONE',  ( 0.0000000000000000000, 0.8169000990817240071, 0.5767791848881768102 ) ) ;
#3914 = AXIS2_PLACEMENT_3D ( 'NONE', #3653, #2470, #4154 ) ;
#3915 = B_SPLINE_CURVE_WITH_KNOTS ( 'NONE', 3,
 ( #3772, #1555, #6990, #4919 ),
 .UNSPECIFIED., .F., .F.,
 ( 4, 4 ),
 ( 0.0000000000000000000, 0.0005003558052414333905 ),
 .UNSPECIFIED. ) ;
#3916 = CARTESIAN_POINT ( 'NONE',  ( -9.168427579336979605, 140.5021820334923746, 14.77783165390791176 ) ) ;
#3917 = CARTESIAN_POINT ( 'NONE',  ( -17.64518877844209754, 169.8936365857635735, 35.12105633297672824 ) ) ;
#3918 = CARTESIAN_POINT ( 'NONE',  ( 31.20252172137337610, 152.3324461531971679, 25.11401109033597834 ) ) ;
#3919 = ORIENTED_EDGE ( 'NONE', *, *, #5738, .T. ) ;
#3920 = CARTESIAN_POINT ( 'NONE',  ( 12.23017473404330957, 128.6705488240197894, 6.340578183410439550 ) ) ;
#3921 = CARTESIAN_POINT ( 'NONE',  ( 24.07658154771336001, 141.1788642550068005, 15.27210913006702597 ) ) ;
#3922 = AXIS2_PLACEMENT_3D ( 'NONE', #1947, #339, #953 ) ;
#3923 = FACE_OUTER_BOUND ( 'NONE', #3103, .T. ) ;
#3924 = CARTESIAN_POINT ( 'NONE',  ( 21.22086755275616810, 143.7353474078851718, 17.09099035435238179 ) ) ;
#3925 = CARTESIAN_POINT ( 'NONE',  ( -12.71389644679325137, 136.9696713271443116, 12.24222676754346750 ) ) ;
#3926 = CARTESIAN_POINT ( 'NONE',  ( -21.20458603826004307, 128.0398463251063959, 7.155820322462425054 ) ) ;
#3927 = EDGE_LOOP ( 'NONE', ( #3353, #2549, #6313, #607 ) ) ;
#3928 = CARTESIAN_POINT ( 'NONE',  ( -11.41929642933786049, 132.8872104117497770, 9.307412410008558012 ) ) ;
#3929 = CARTESIAN_POINT ( 'NONE',  ( 13.06019722004121597, 160.7897180208249210, 28.33411488315683968 ) ) ;
#3930 = CARTESIAN_POINT ( 'NONE',  ( 21.49925756750820582, 146.3319430873813189, 18.90798177150188408 ) ) ;
#3931 = CARTESIAN_POINT ( 'NONE',  ( -20.52225896045449005, 161.1754515908031919, 32.53470527998449313 ) ) ;
#3932 = CARTESIAN_POINT ( 'NONE',  ( 14.84487430345966175, 145.0535413874545725, 18.00580477711389094 ) ) ;
#3933 = CARTESIAN_POINT ( 'NONE',  ( -2.195759358631737879, 170.4296520424886410, 35.49635192972725406 ) ) ;
#3934 = CARTESIAN_POINT ( 'NONE',  ( -12.99479393612289790, 150.9730784714441540, 22.18318947662054086 ) ) ;
#3935 = CARTESIAN_POINT ( 'NONE',  ( -19.28918193489618105, 150.9952412796517933, 22.13610244904323920 ) ) ;
#3936 = CARTESIAN_POINT ( 'NONE',  ( 14.58034992549295517, 131.3856081691067743, 8.382728794705501585 ) ) ;
#3937 = CARTESIAN_POINT ( 'NONE',  ( 0.5058891220747964157, 133.3842371841282954, 9.602667573212990249 ) ) ;
#3938 = CARTESIAN_POINT ( 'NONE',  ( -21.26212459943785049, 161.7415596608864803, 29.67502116884407215 ) ) ;
#3939 = CARTESIAN_POINT ( 'NONE',  ( 28.01211351931813809, 137.8354365221817659, 14.87536887285598475 ) ) ;
#3940 = DIRECTION ( 'NONE',  ( -0.0007442459860544277123, -0.5767790251485576114, 0.8168998728403572551 ) ) ;
#3941 = EDGE_LOOP ( 'NONE', ( #6462, #6138, #269, #5353, #5892, #6387 ) ) ;
#3942 = PRODUCT_CONTEXT ( 'NONE', #949, 'mechanical' ) ;
#3943 = CARTESIAN_POINT ( 'NONE',  ( -0.8114290339548895226, 170.2996147007596051, 35.64474807657244781 ) ) ;
#3944 = CARTESIAN_POINT ( 'NONE',  ( -12.96759514793499335, 135.3372899095268451, 11.09511899484583175 ) ) ;
#3945 = EDGE_CURVE ( 'NONE', #1296, #4483, #5706, .T. ) ;
#3946 = CARTESIAN_POINT ( 'NONE',  ( -12.70708550979045803, 133.0470145148690619, 9.476507383499754411 ) ) ;
#3947 = PRODUCT_DEFINITION ( 'UNKNOWN', '', #3348, #1361 ) ;
#3948 = CARTESIAN_POINT ( 'NONE',  ( -12.86241927018308928, 142.4067189931142536, 16.11389218480318064 ) ) ;
#3949 = CARTESIAN_POINT ( 'NONE',  ( 2.332246455409728636, 152.0333072797742489, 22.85789887088459338 ) ) ;
#3950 = VERTEX_POINT ( 'NONE', #4694 ) ;
#3951 = CARTESIAN_POINT ( 'NONE',  ( -7.003651467230272765, 89.00357640867177622, 150.2160275502470199 ) ) ;
#3952 = CARTESIAN_POINT ( 'NONE',  ( -7.576477537882994717, 141.8842936772444432, 15.76792046199036079 ) ) ;
#3953 = DIRECTION ( 'NONE',  ( -0.0007442459860544277123, -0.5767790251485576114, 0.8168998728403572551 ) ) ;
#3954 = ORIENTED_EDGE ( 'NONE', *, *, #226, .F. ) ;
#3955 = CARTESIAN_POINT ( 'NONE',  ( -20.55102275636678044, 127.4945865745621632, 6.723646516211434943 ) ) ;
#3956 = CARTESIAN_POINT ( 'NONE',  ( -3.128000825019388476, 141.6577307305119575, 15.57739547553449455 ) ) ;
#3957 = DIRECTION ( 'NONE',  ( -0.0007442459860544277123, -0.5767790251485576114, 0.8168998728403572551 ) ) ;
#3958 = CARTESIAN_POINT ( 'NONE',  ( -13.82950228510659585, 140.8278506712062494, 14.97576360696101183 ) ) ;
#3959 = CARTESIAN_POINT ( 'NONE',  ( -15.00529565599105730, 136.9554467801731619, 12.25681810461359866 ) ) ;
#3960 = CARTESIAN_POINT ( 'NONE',  ( 11.56066164043372524, 128.6794858324502684, 6.326203827446946981 ) ) ;
#3961 = AXIS2_PLACEMENT_3D ( 'NONE', #232, #94, #5003 ) ;
#3962 = ORIENTED_EDGE ( 'NONE', *, *, #1069, .F. ) ;
#3963 = CARTESIAN_POINT ( 'NONE',  ( -12.87966149126589954, 131.8656978926121610, 10.62312983560087432 ) ) ;
#3964 = CARTESIAN_POINT ( 'NONE',  ( 13.23501750492254025, 162.8814519113448398, 29.79920005565830010 ) ) ;
#3965 = CARTESIAN_POINT ( 'NONE',  ( -8.388600578308999189, 144.3467217702489336, 17.51834864548624537 ) ) ;
#3966 = FACE_BOUND ( 'NONE', #5919, .T. ) ;
#3967 = CARTESIAN_POINT ( 'NONE',  ( 13.21539068760474755, 147.7689727719716188, 19.88742542714476613 ) ) ;
#3968 = CARTESIAN_POINT ( 'NONE',  ( -21.90006526785585095, 160.4577614490230530, 28.51497948566712637 ) ) ;
#3969 = CARTESIAN_POINT ( 'NONE',  ( -11.19908718834312111, 150.9700512607356586, 22.19193169172692492 ) ) ;
#3970 = CARTESIAN_POINT ( 'NONE',  ( -15.02502620174710479, 148.3056247514944914, 20.28882224772743470 ) ) ;
#3971 = CARTESIAN_POINT ( 'NONE',  ( 10.16710598852802327, 131.2907284220000292, 8.153105448172576430 ) ) ;
#3972 = CARTESIAN_POINT ( 'NONE',  ( 29.33338496956741537, 163.6411441971314389, 30.98069659135638076 ) ) ;
#3973 = CARTESIAN_POINT ( 'NONE',  ( 24.86052812526630618, 166.0768368289281511, 32.66843538883121312 ) ) ;
#3974 = DIRECTION ( 'NONE',  ( 0.0001635243220480100197, 0.5738412646324202449, -0.8189665293922949729 ) ) ;
#3975 = DIRECTION ( 'NONE',  ( 0.0000000000000000000, 0.8169000990817204544, 0.5767791848881815842 ) ) ;
#3976 = CARTESIAN_POINT ( 'NONE',  ( -10.70466202877768325, 161.7325382544729848, 29.71392618119031326 ) ) ;
#3977 = AXIS2_PLACEMENT_3D ( 'NONE', #1085, #3256, #3356 ) ;
#3978 = CARTESIAN_POINT ( 'NONE',  ( -11.16905982599717539, 133.7384254911411006, 9.905367322049274392 ) ) ;
#3979 = CARTESIAN_POINT ( 'NONE',  ( -8.040652023626407185, 133.7508125182376659, 9.895457965190452398 ) ) ;
#3980 = AXIS2_PLACEMENT_3D ( 'NONE', #1187, #5986, #4370 ) ;
#3981 = ADVANCED_FACE ( 'NONE', ( #2474 ), #805, .F. ) ;
#3982 = CARTESIAN_POINT ( 'NONE',  ( 2.921833961901668442, 152.4486892406252423, 23.14431714871466284 ) ) ;
#3983 = EDGE_CURVE ( 'NONE', #5438, #4889, #5554, .T. ) ;
#3984 = EDGE_LOOP ( 'NONE', ( #3322, #1317 ) ) ;
#3985 = PLANE ( 'NONE',  #4720 ) ;
#3986 = CARTESIAN_POINT ( 'NONE',  ( -19.54608928404444512, 158.5469501531383969, 29.45557885291225375 ) ) ;
#3987 = EDGE_LOOP ( 'NONE', ( #84, #3571 ) ) ;
#3988 = CARTESIAN_POINT ( 'NONE',  ( -12.69939246447611580, 128.5695020772133148, 6.422870731275537537 ) ) ;
#3989 = CARTESIAN_POINT ( 'NONE',  ( -3.797610329577732813, 141.9940032832512316, 15.82439261015005094 ) ) ;
#3990 = CARTESIAN_POINT ( 'NONE',  ( 25.28006422603455761, 179.7546801936331633, -41.50781444789168262 ) ) ;
#3991 = CARTESIAN_POINT ( 'NONE',  ( 18.06217251584877204, 143.7284702346419181, 17.09298185599494957 ) ) ;
#3992 = CARTESIAN_POINT ( 'NONE',  ( -17.94757095165857663, 127.6968658458865775, 6.442136209644427680 ) ) ;
#3993 = ORIENTED_EDGE ( 'NONE', *, *, #3945, .F. ) ;
#3994 = CARTESIAN_POINT ( 'NONE',  ( -17.89723084752021620, 145.2229653372855580, 20.04956953475265280 ) ) ;
#3995 = CARTESIAN_POINT ( 'NONE',  ( 16.86605301961741077, 166.7812553949726464, 33.15923770874367449 ) ) ;
#3996 = CARTESIAN_POINT ( 'NONE',  ( 24.45579016176995779, 142.9520005009734689, 16.52127391169635828 ) ) ;
#3997 = CARTESIAN_POINT ( 'NONE',  ( -12.77905056558184071, 174.5504319037924859, 38.61497983927578304 ) ) ;
#3998 = CARTESIAN_POINT ( 'NONE',  ( 13.96544626317569637, 148.6882049127472669, 20.53247358073524254 ) ) ;
#3999 = CARTESIAN_POINT ( 'NONE',  ( 27.81723405684317285, 139.0029774505674425, 13.72907596143120301 ) ) ;
#4000 = CARTESIAN_POINT ( 'NONE',  ( -15.36643854689743627, 150.9799236909409217, 22.16759063339482339 ) ) ;
#4001 = CARTESIAN_POINT ( 'NONE',  ( -14.51396122774417563, 145.6351282230578477, 18.40506008648140579 ) ) ;
#4002 = CARTESIAN_POINT ( 'NONE',  ( -21.86041687667382050, 129.9697625548216706, 8.390655659149370393 ) ) ;
#4003 = ORIENTED_EDGE ( 'NONE', *, *, #6344, .T. ) ;
#4004 = DIRECTION ( 'NONE',  ( 0.0000000000000000000, -0.8169000991730925865, -0.5767791847587702136 ) ) ;
#4005 = CARTESIAN_POINT ( 'NONE',  ( -0.7966612214362445155, 161.7624923701493458, 29.69574756253551229 ) ) ;
#4006 = CARTESIAN_POINT ( 'NONE',  ( 28.62120277890073083, 157.3655872586579676, 25.98646455247155274 ) ) ;
#4007 = B_SPLINE_CURVE_WITH_KNOTS ( 'NONE', 3,
 ( #641, #6998, #4280, #3381 ),
 .UNSPECIFIED., .F., .F.,
 ( 4, 4 ),
 ( 0.0000000000000000000, 1.000000000000000000 ),
 .UNSPECIFIED. ) ;
#4008 = DIRECTION ( 'NONE',  ( 0.0000000000000000000, 0.8169000990817230079, 0.5767791848881781425 ) ) ;
#4009 = SHAPE_DEFINITION_REPRESENTATION ( #2587, #4657 ) ;
#4010 = CARTESIAN_POINT ( 'NONE',  ( -12.75689804349920209, 161.7316058186647467, 29.71018708735326186 ) ) ;
#4011 = CARTESIAN_POINT ( 'NONE',  ( -17.95740871391543081, 133.5382573587322668, 10.17354118223534698 ) ) ;
#4012 = CARTESIAN_POINT ( 'NONE',  ( 16.25320652714324154, 133.0124741058533004, 9.597169127368216479 ) ) ;
#4013 = ORIENTED_EDGE ( 'NONE', *, *, #2891, .F. ) ;
#4014 = FACE_OUTER_BOUND ( 'NONE', #5320, .T. ) ;
#4015 = CARTESIAN_POINT ( 'NONE',  ( -3.991429450958606573, 130.5631642991338310, 7.590082400916270622 ) ) ;
#4016 = B_SPLINE_CURVE_WITH_KNOTS ( 'NONE', 3,
 ( #5410, #3288, #2212, #5484, #7011, #3323, #7086, #2682, #6547, #1577, #581, #5549, #4292, #3862, #1118, #4436, #507, #7049 ),
 .UNSPECIFIED., .F., .F.,
 ( 4, 2, 2, 2, 2, 2, 2, 2, 4 ),
 ( 0.0000000000000000000, 0.1250000000000000000, 0.2500000000000000000, 0.3750000000000000000, 0.5000000000000000000, 0.6250000000000000000, 0.7500000000000000000, 0.8750000000000000000, 1.000000000000000000 ),
 .UNSPECIFIED. ) ;
#4017 = CARTESIAN_POINT ( 'NONE',  ( -19.18640247741196703, 157.5831797191699479, 26.39209110535052005 ) ) ;
#4018 = CARTESIAN_POINT ( 'NONE',  ( -7.159568263361516749, 171.9792211348773776, 38.95083160690267476 ) ) ;
#4019 = CARTESIAN_POINT ( 'NONE',  ( 14.58417653709686057, 129.1838802973677787, 6.825625596012852014 ) ) ;
#4020 = CARTESIAN_POINT ( 'NONE',  ( 9.278494534924371706, 129.6753571183365352, 9.096808729693135476 ) ) ;
#4021 = B_SPLINE_SURFACE_WITH_KNOTS ( 'NONE', 1, 3, ( 
 ( #4097, #4058, #4131, #5858, #849, #6246, #814, #6281, #1376, #2986, #3553, #6315, #1414, #958, #6351, #5750, #344, #271, #3020, #5210, #1455, #307, #5281, #2485, #6851, #3591, #920, #3094, #381, #2555, #4739, #2024, #2201, #2670, #6571, #3815, #3206, #459, #2708, #4925 ),
 ( #5436, #1673, #2631, #4815, #5473, #496, #2128, #3243, #4390, #6997, #3779, #4853, #4242, #531, #1564, #4893, #3851, #2091, #4279, #6040, #570, #6460, #5360, #2058, #1071, #5894, #7076, #3741, #1141, #6963, #5935, #22, #3312, #1033, #5507, #5399, #2166, #5971, #7036, #4320 ) ),
 .UNSPECIFIED., .F., .F., .F.,
 ( 2, 2 ),
 ( 4, 2, 2, 2, 2, 2, 2, 2, 2, 2, 2, 2, 2, 2, 2, 2, 2, 2, 2, 4 ),
 ( 0.0000000000000000000, 1.000000000000000000 ),
 ( 0.0000000000000000000, 0.06249999999998545608, 0.1249999999999710926, 0.1875000000000952294, 0.2500000000000155431, 0.3125000000000350275, 0.3437500000005032086, 0.3750000000000254241, 0.4062500000000188738, 0.4375000000000147660, 0.4687500000000330291, 0.4999999999997667421, 0.5312499999999992228, 0.5624999999999943379, 0.5937499999999330536, 0.6249999999999850120, 0.6874999999999741318, 0.7499999999999631406, 0.8749999999998304689, 1.000000000000000000 ),
 .UNSPECIFIED. ) ;
#4022 = CARTESIAN_POINT ( 'NONE',  ( -0.2640264134140704599, 170.7898360745257662, 39.34147876978119029 ) ) ;
#4023 = CARTESIAN_POINT ( 'NONE',  ( 13.38645782900967518, 140.8314768003516804, 15.03779035900093497 ) ) ;
#4024 = CARTESIAN_POINT ( 'NONE',  ( -3.988180333092183005, 128.6988599061436389, 6.260239866529627051 ) ) ;
#4025 = ADVANCED_FACE ( 'NONE', ( #6034 ), #524, .T. ) ;
#4026 = EDGE_CURVE ( 'NONE', #1985, #3443, #5012, .T. ) ;
#4027 = VERTEX_POINT ( 'NONE', #6530 ) ;
#4028 = CARTESIAN_POINT ( 'NONE',  ( -16.65709909874266970, 144.2299534760405493, 19.34957499422980476 ) ) ;
#4029 = CARTESIAN_POINT ( 'NONE',  ( 17.99383708137138171, 167.5778524019013105, 33.11168511241125856 ) ) ;
#4030 = CARTESIAN_POINT ( 'NONE',  ( -8.625865092042275251, 141.3508299733222202, 15.38593761933775639 ) ) ;
#4031 = DIRECTION ( 'NONE',  ( 0.0000000000000000000, 0.8189665403419595924, 0.5738412723047389141 ) ) ;
#4032 = CARTESIAN_POINT ( 'NONE',  ( 15.00789135672121333, 149.1424299622585465, 20.85510810634655954 ) ) ;
#4033 = CARTESIAN_POINT ( 'NONE',  ( -2.201136128453133445, 173.7476443875399639, 37.81614957768631768 ) ) ;
#4034 = CARTESIAN_POINT ( 'NONE',  ( -10.68602814579975835, 150.9696485458971154, 22.19377153826182436 ) ) ;
#4035 = CARTESIAN_POINT ( 'NONE',  ( 4.854932427844430798, 148.3653437622069475, 20.25289225098572743 ) ) ;
#4036 = CARTESIAN_POINT ( 'NONE',  ( 22.16216642183773189, 131.1764491987315182, 8.345390307810978570 ) ) ;
#4037 = ORIENTED_EDGE ( 'NONE', *, *, #2539, .F. ) ;
#4038 = DIRECTION ( 'NONE',  ( 0.0001635243220480100197, 0.5738412646324202449, -0.8189665293922949729 ) ) ;
#4039 = CARTESIAN_POINT ( 'NONE',  ( -15.04829817800418468, 161.7325199015462545, 29.70322911079431449 ) ) ;
#4040 = CARTESIAN_POINT ( 'NONE',  ( 15.32030932080114383, 131.8342134213444297, 10.62659183536588969 ) ) ;
#4041 = CARTESIAN_POINT ( 'NONE',  ( 0.05038928958780997114, 128.7284832526520404, 8.419853113227349084 ) ) ;
#4042 = CARTESIAN_POINT ( 'NONE',  ( -9.396987349665298694, 161.7340380395356760, 29.71501956420646806 ) ) ;
#4043 = CARTESIAN_POINT ( 'NONE',  ( 8.054243726652600799, 133.7738764647884580, 9.902360935707344325 ) ) ;
#4044 = CARTESIAN_POINT ( 'NONE',  ( -10.65341376921096028, 132.2596639129286018, 8.839294708959306135 ) ) ;
#4045 = EDGE_LOOP ( 'NONE', ( #1149, #305, #1502, #2874 ) ) ;
#4046 = CARTESIAN_POINT ( 'NONE',  ( -11.75335188318472923, 168.4710087540638881, 32.22492610871722718 ) ) ;
#4047 = CARTESIAN_POINT ( 'NONE',  ( 24.92217269242379629, 130.4417658005910425, 7.834268340388722329 ) ) ;
#4048 = CARTESIAN_POINT ( 'NONE',  ( 12.54441174664066949, 160.6184887235268661, 28.82429806071105816 ) ) ;
#4049 = CARTESIAN_POINT ( 'NONE',  ( -6.980515771748308396, 162.0019360479453496, 28.60885599888464270 ) ) ;
#4050 = PLANE ( 'NONE',  #5810 ) ;
#4051 = CARTESIAN_POINT ( 'NONE',  ( -5.572742603727160571, 142.3176983572988092, 16.06985559045383027 ) ) ;
#4052 = CARTESIAN_POINT ( 'NONE',  ( 29.30228372619331978, 162.7076784135071250, 32.43779984707278885 ) ) ;
#4053 = CARTESIAN_POINT ( 'NONE',  ( 12.20896482295598062, 140.8362941363068614, 15.02802615595805236 ) ) ;
#4054 = CARTESIAN_POINT ( 'NONE',  ( 4.890148078645200513, 128.1425247090471942, 5.864136164373118021 ) ) ;
#4055 = ORIENTED_EDGE ( 'NONE', *, *, #3895, .T. ) ;
#4056 = CIRCLE ( 'NONE', #4988, 2.600000000000009859 ) ;
#4057 = CARTESIAN_POINT ( 'NONE',  ( 20.47507008425829866, 150.5864624455609828, -9.432297123536216077 ) ) ;
#4058 = CARTESIAN_POINT ( 'NONE',  ( 16.33659123258310686, 131.2571720477807844, 10.22009281512023726 ) ) ;
#4059 = CARTESIAN_POINT ( 'NONE',  ( 24.32924599577279068, 144.0141819674995247, 17.27003060606064366 ) ) ;
#4060 = FACE_OUTER_BOUND ( 'NONE', #5860, .T. ) ;
#4061 = CARTESIAN_POINT ( 'NONE',  ( -15.40722427604478817, 174.5505811029441361, 38.60827925039211550 ) ) ;
#4062 = DIRECTION ( 'NONE',  ( -0.0007442450898897883622, -0.5767790250261980445, 0.8168998729275666060 ) ) ;
#4063 = EDGE_CURVE ( 'NONE', #5370, #2507, #1335, .T. ) ;
#4064 = CARTESIAN_POINT ( 'NONE',  ( -4.157005619329451562, 163.7789669460564141, 30.87262999494238613 ) ) ;
#4065 = CARTESIAN_POINT ( 'NONE',  ( 15.05298197948568983, 151.7782412237573340, 22.68613228625585165 ) ) ;
#4066 = CARTESIAN_POINT ( 'NONE',  ( 31.32822245475389167, 148.3773329675299237, 20.30118101590658242 ) ) ;
#4067 = CARTESIAN_POINT ( 'NONE',  ( -13.98118757100325915, 130.4154493979454799, 7.775687553149723819 ) ) ;
#4068 = ORIENTED_EDGE ( 'NONE', *, *, #4117, .F. ) ;
#4069 = CARTESIAN_POINT ( 'NONE',  ( 31.20204178388429739, 158.0201801809838571, 29.12988309458079073 ) ) ;
#4070 = CARTESIAN_POINT ( 'NONE',  ( 31.29756622303084868, 166.0785025318579642, 32.68195552457092390 ) ) ;
#4071 = CARTESIAN_POINT ( 'NONE',  ( -16.91331827568627233, 146.2959121063884140, 18.85049964461924787 ) ) ;
#4072 = AXIS2_PLACEMENT_3D ( 'NONE', #2026, #6391, #4704 ) ;
#4073 = CARTESIAN_POINT ( 'NONE',  ( 29.73653519062012407, 159.3603769075539276, 27.37792752922253214 ) ) ;
#4074 = CARTESIAN_POINT ( 'NONE',  ( 26.82680791137983434, 165.2697747488810762, 34.24453420280612193 ) ) ;
#4075 = VERTEX_POINT ( 'NONE', #2738 ) ;
#4076 = CARTESIAN_POINT ( 'NONE',  ( 29.45841251209282063, 166.0777529648226221, 32.67848216267113770 ) ) ;
#4077 = CARTESIAN_POINT ( 'NONE',  ( 18.07674685002067250, 135.3241952616393746, 11.19039836928883958 ) ) ;
#4078 = CARTESIAN_POINT ( 'NONE',  ( 22.15899961626166714, 133.0298217080006680, 9.587055134816779400 ) ) ;
#4079 = B_SPLINE_CURVE_WITH_KNOTS ( 'NONE', 3,
 ( #6112, #6711, #1843, #4589, #1244, #5036, #2376, #3516, #2849, #5644, #1872, #2310, #1813, #4496, #6178, #1211, #198, #5169, #3385, #3477, #743, #6675, #1778, #3418, #5066, #6638, #3956, #6147, #3989, #1273, #808, #2910, #5100, #4051 ),
 .UNSPECIFIED., .F., .F.,
 ( 4, 2, 2, 2, 2, 2, 2, 2, 2, 2, 2, 2, 2, 2, 2, 2, 4 ),
 ( 0.01250608912404770762, 0.01328754658844709911, 0.01406900405284649234, 0.01485046151724588731, 0.01563191898164528054, 0.01641337644604467377, 0.01719483391044407047, 0.01797629137484346371, 0.01875774883924286041, 0.01953920630364225364, 0.02032066376804164687, 0.02110212123244104010, 0.02188357869684043333, 0.02266503616123983003, 0.02344649362563921979, 0.02422795109003861649, 0.02500940855443800973 ),
 .UNSPECIFIED. ) ;
#4080 = CARTESIAN_POINT ( 'NONE',  ( -14.02202275973865930, 172.1822203191141512, 36.72312681424626390 ) ) ;
#4081 = B_SPLINE_SURFACE_WITH_KNOTS ( 'NONE', 3, 1, ( 
 ( #6038, #5432 ),
 ( #491, #415 ),
 ( #2589, #4809 ),
 ( #4773, #6958 ),
 ( #6993, #4849 ),
 ( #4275, #3736 ),
 ( #5930, #2125 ),
 ( #2705, #4891 ),
 ( #2233, #2775 ),
 ( #4957, #603 ),
 ( #51, #5505 ),
 ( #1552, #5307 ),
 ( #445, #521 ),
 ( #3803, #370 ),
 ( #406, #1188 ),
 ( #5347, #2617 ),
 ( #5386, #4763 ),
 ( #6950, #5425 ),
 ( #946, #6913 ),
 ( #2157, #4345 ) ),
 .UNSPECIFIED., .F., .F., .F.,
 ( 4, 2, 2, 2, 2, 2, 2, 2, 2, 4 ),
 ( 2, 2 ),
 ( 0.0000000000000000000, 0.06250000000000344169, 0.1250000000000068834, 0.1875000000000104361, 0.2500000000000138778, 0.3750000000000115463, 0.5000000000000092149, 0.7500000000000045519, 0.8750000000000022204, 1.000000000000000000 ),
 ( 0.0000000000000000000, 1.000000000000000000 ),
 .UNSPECIFIED. ) ;
#4082 = ORIENTED_EDGE ( 'NONE', *, *, #2676, .T. ) ;
#4083 = VECTOR ( 'NONE', #6476, 1000.000000000000227 ) ;
#4084 = CARTESIAN_POINT ( 'NONE',  ( 31.13485593445987476, 159.2986338414762884, 31.25662507445185057 ) ) ;
#4085 = CARTESIAN_POINT ( 'NONE',  ( 18.08517163307558562, 130.4088270063949722, 7.864276964674038695 ) ) ;
#4086 = CARTESIAN_POINT ( 'NONE',  ( 21.23092931364570646, 137.9425058344338026, 13.00208791645218653 ) ) ;
#4087 = VECTOR ( 'NONE', #5297, 1000.000000000000114 ) ;
#4088 = CARTESIAN_POINT ( 'NONE',  ( 17.13583662822809472, 154.5099734494042423, 24.59312634094429484 ) ) ;
#4089 = CARTESIAN_POINT ( 'NONE',  ( -20.54071137931677526, 158.4579710091167328, 29.39184821922731317 ) ) ;
#4090 = CARTESIAN_POINT ( 'NONE',  ( 16.26188513930134150, 127.9897811926870332, 6.109634795941204288 ) ) ;
#4091 = LINE ( 'NONE', #6275, #5645 ) ;
#4092 = CARTESIAN_POINT ( 'NONE',  ( 21.52098000469652916, 80.33254063774138842, 144.1460192128742221 ) ) ;
#4093 = CARTESIAN_POINT ( 'NONE',  ( -0.7553406560049801266, 137.9675981116777734, 12.91209212402827333 ) ) ;
#4094 = CARTESIAN_POINT ( 'NONE',  ( 21.24810650107126619, 127.9220212041708749, 6.218398329385865786 ) ) ;
#4095 = ORIENTED_EDGE ( 'NONE', *, *, #6443, .T. ) ;
#4096 = CARTESIAN_POINT ( 'NONE',  ( -12.92799283390901088, 133.1124675452903148, 11.50337800085416085 ) ) ;
#4097 = CARTESIAN_POINT ( 'NONE',  ( 15.65884127830012496, 131.0654019703827657, 10.08407446811554564 ) ) ;
#4098 = CARTESIAN_POINT ( 'NONE',  ( -19.62615260514214199, 159.5950249706888258, 30.19550794915374325 ) ) ;
#4099 = CYLINDRICAL_SURFACE ( 'NONE', #769, 2.600000000000009859 ) ;
#4100 = CARTESIAN_POINT ( 'NONE',  ( -9.411755799127412558, 170.2815811815350173, 35.64918641527847853 ) ) ;
#4101 = CARTESIAN_POINT ( 'NONE',  ( -18.66627992492797716, 154.9640273812870817, 24.68869225828903069 ) ) ;
#4102 = CARTESIAN_POINT ( 'NONE',  ( 1.770640698726389850, 157.1643812774425442, 26.21815863884047459 ) ) ;
#4103 = CARTESIAN_POINT ( 'NONE',  ( 18.04954387651587311, 151.0284583414445763, 22.18099775388338202 ) ) ;
#4104 = CARTESIAN_POINT ( 'NONE',  ( 22.13245533851236857, 148.3483843606616119, 20.31968662910010792 ) ) ;
#4105 = CARTESIAN_POINT ( 'NONE',  ( -16.31673474737891993, 130.2942002123248812, 7.942515740092803256 ) ) ;
#4106 = EDGE_CURVE ( 'NONE', #6860, #3692, #1912, .T. ) ;
#4107 = DIRECTION ( 'NONE',  ( 0.0001635243220480100197, 0.5738412646324202449, -0.8189665293922949729 ) ) ;
#4108 = CARTESIAN_POINT ( 'NONE',  ( -0.008156999950611511230, 159.4199227762693738, 25.88527019797267670 ) ) ;
#4109 = CARTESIAN_POINT ( 'NONE',  ( 24.31385684229768884, 154.3515239199024620, 24.49977893301415577 ) ) ;
#4110 = CARTESIAN_POINT ( 'NONE',  ( -17.42353204782869369, 148.7819294046868208, 20.60162653027851931 ) ) ;
#4111 = CARTESIAN_POINT ( 'NONE',  ( 29.19876883835215153, 140.5180784333172710, 14.71351539021646637 ) ) ;
#4112 = CARTESIAN_POINT ( 'NONE',  ( 29.93090042620294966, 162.1548057341706510, 29.94143793266708542 ) ) ;
#4113 = CARTESIAN_POINT ( 'NONE',  ( -5.805402727357827253, 171.3473047552022592, 39.73003569152800196 ) ) ;
#4114 = CARTESIAN_POINT ( 'NONE',  ( -21.25345289348514299, 156.7456445389771034, 26.15606511140189383 ) ) ;
#4115 = CARTESIAN_POINT ( 'NONE',  ( -9.348326757116510066, 133.7502023881154116, 9.893098189275196574 ) ) ;
#4116 = CARTESIAN_POINT ( 'NONE',  ( 14.57747379725416259, 133.0386852126798090, 9.555721626653356893 ) ) ;
#4117 = EDGE_CURVE ( 'NONE', #5194, #5548, #3915, .T. ) ;
#4118 = EDGE_CURVE ( 'NONE', #847, #4677, #1630, .T. ) ;
#4119 = ORIENTED_EDGE ( 'NONE', *, *, #6260, .F. ) ;
#4120 = CARTESIAN_POINT ( 'NONE',  ( 29.65726133027556699, 163.9388898661757423, 33.30743045317704798 ) ) ;
#4121 = CARTESIAN_POINT ( 'NONE',  ( 29.51878030569917755, 131.1968187177494372, 8.334556383574193816 ) ) ;
#4122 = CARTESIAN_POINT ( 'NONE',  ( -10.66166062327819120, 136.9737320255045177, 12.24151288832525708 ) ) ;
#4123 = CARTESIAN_POINT ( 'NONE',  ( 27.49978900885029276, 155.4036013716249158, 25.22910645615264613 ) ) ;
#4124 = LINE ( 'NONE', #4660, #4887 ) ;
#4125 = CARTESIAN_POINT ( 'NONE',  ( 14.58615068058785980, 128.0442769959558689, 6.027925012545399142 ) ) ;
#4126 = CARTESIAN_POINT ( 'NONE',  ( -2.207434373828772500, 156.3936252387755133, 23.76433609496374544 ) ) ;
#4127 = CARTESIAN_POINT ( 'NONE',  ( 30.20091509500627680, 158.3076611507737539, 29.33194936404929720 ) ) ;
#4128 = CARTESIAN_POINT ( 'NONE',  ( -21.87169063300261840, 136.8147108766979159, 12.44019958728592812 ) ) ;
#4129 = EDGE_LOOP ( 'NONE', ( #767, #6172, #601, #6421, #3081, #2270 ) ) ;
#4130 = CARTESIAN_POINT ( 'NONE',  ( 17.64276110901756311, 145.6634524278897800, 18.44235486629475673 ) ) ;
#4131 = CARTESIAN_POINT ( 'NONE',  ( 17.01294738550543784, 131.4755944600254622, 10.37492799736265248 ) ) ;
#4132 = CARTESIAN_POINT ( 'NONE',  ( -11.92174987942094155, 132.2846962342515553, 10.91983985358868736 ) ) ;
#4133 = LINE ( 'NONE', #6317, #79 ) ;
#4134 = CARTESIAN_POINT ( 'NONE',  ( -4.060447208677976150, 170.2914806832916952, 35.64830567012170093 ) ) ;
#4135 = SURFACE_STYLE_FILL_AREA ( #1380 ) ;
#4136 = CARTESIAN_POINT ( 'NONE',  ( -0.2072769581845670672, 160.4746081105664643, 28.54367655986560592 ) ) ;
#4137 = CARTESIAN_POINT ( 'NONE',  ( 21.20823929854710954, 151.0290346370252053, 22.18797533268027067 ) ) ;
#4138 = CARTESIAN_POINT ( 'NONE',  ( 31.33286133797445672, 145.7004035687978103, 18.42532559990189966 ) ) ;
#4139 = CARTESIAN_POINT ( 'NONE',  ( -0.7411357386694931160, 129.8373830588379860, 7.067498901881908324 ) ) ;
#4140 = CARTESIAN_POINT ( 'NONE',  ( 27.38333140293685020, 165.9498992726975075, 34.72524886894949958 ) ) ;
#4141 = CARTESIAN_POINT ( 'NONE',  ( 4.937318989743881836, 169.7133460205520521, 37.36201242195035377 ) ) ;
#4142 = CARTESIAN_POINT ( 'NONE',  ( 24.91575763443310620, 154.8222126360027175, 24.21916555637783119 ) ) ;
#4143 = STYLED_ITEM ( 'NONE', ( #5633 ), #4657 ) ;
#4144 = CARTESIAN_POINT ( 'NONE',  ( -19.43006529355566059, 152.1052693490349554, 26.13162188654860785 ) ) ;
#4145 = CARTESIAN_POINT ( 'NONE',  ( 24.90682727182191059, 136.6089078000020720, 11.94950237245252822 ) ) ;
#4146 = CARTESIAN_POINT ( 'NONE',  ( 29.32925384242244249, 163.7741570283319845, 31.07372993556818130 ) ) ;
#4147 = DIRECTION ( 'NONE',  ( 0.0000000000000000000, 0.8169000990817237851, 0.5767791848881770322 ) ) ;
#4148 = CARTESIAN_POINT ( 'NONE',  ( 1.666413668746833832, 156.7622385351777439, 26.18902673111819723 ) ) ;
#4149 = AXIS2_PLACEMENT_3D ( 'NONE', #4993, #4522, #1739 ) ;
#4150 = CARTESIAN_POINT ( 'NONE',  ( 21.23942280445357866, 133.0278991972647873, 9.587521589662944876 ) ) ;
#4151 = CARTESIAN_POINT ( 'NONE',  ( 21.24086173243142994, 132.1872273868426646, 9.021143419024296506 ) ) ;
#4152 = CARTESIAN_POINT ( 'NONE',  ( -0.7486799070459576599, 173.8468866688958201, -45.70277553462175035 ) ) ;
#4153 = ORIENTED_EDGE ( 'NONE', *, *, #3628, .T. ) ;
#4154 = DIRECTION ( 'NONE',  ( 0.0000000000000000000, -0.8189665403419619238, -0.5738412723047355835 ) ) ;
#4155 = EDGE_CURVE ( 'NONE', #49, #6176, #2084, .T. ) ;
#4156 = CARTESIAN_POINT ( 'NONE',  ( 21.24386628597272164, 130.4219868384159611, 7.853342316541944257 ) ) ;
#4157 = CARTESIAN_POINT ( 'NONE',  ( 24.90923611942045213, 137.9557516004312561, 12.99231371807274549 ) ) ;
#4158 = CARTESIAN_POINT ( 'NONE',  ( 13.07829504946567667, 163.4900070834613075, 30.83760544058305442 ) ) ;
#4159 = CARTESIAN_POINT ( 'NONE',  ( -10.34648197968590821, 142.3545074027827582, 17.35787270267034899 ) ) ;
#4160 = CARTESIAN_POINT ( 'NONE',  ( 19.66875882907232409, 127.9210947179942934, 6.215818192502331030 ) ) ;
#4161 = DIRECTION ( 'NONE',  ( 0.0007442459860544277123, 0.5767790251485576114, -0.8168998728403572551 ) ) ;
#4162 = CYLINDRICAL_SURFACE ( 'NONE', #5465, 4.649999999999997691 ) ;
#4163 = CARTESIAN_POINT ( 'NONE',  ( -4.004357703359105791, 137.9410196016407326, 12.94190481192661402 ) ) ;
#4164 = B_SPLINE_CURVE_WITH_KNOTS ( 'NONE', 3,
 ( #1418, #5365, #4706, #4246, #6892, #3098, #2636, #4820, #3670, #962, #4172, #5323, #423, #6355, #4782, #6427, #7002, #4929 ),
 .UNSPECIFIED., .F., .F.,
 ( 4, 2, 2, 2, 2, 2, 2, 2, 4 ),
 ( 0.0000000000000000000, 0.2500000000000006661, 0.5000000000000006661, 0.6250000000000043299, 0.7500000000000042188, 0.8125000000000176525, 0.8749999999999978906, 0.9374999999999970024, 0.9975921694373790505 ),
 .UNSPECIFIED. ) ;
#4165 = ORIENTED_EDGE ( 'NONE', *, *, #1112, .F. ) ;
#4166 = CARTESIAN_POINT ( 'NONE',  ( 15.68166675660568465, 146.9022875984112773, 21.57189658429564716 ) ) ;
#4167 = CARTESIAN_POINT ( 'NONE',  ( 21.54464715422515297, 156.8338174674869094, 21.02488898540902440 ) ) ;
#4168 = CARTESIAN_POINT ( 'NONE',  ( -12.10432220177493434, 170.2302709258960078, 37.71146563472594693 ) ) ;
#4169 = CARTESIAN_POINT ( 'NONE',  ( -11.75335188318472923, 166.3416957491748178, 30.73293880072491646 ) ) ;
#4170 = CARTESIAN_POINT ( 'NONE',  ( 16.18862069751950372, 170.3238996862858130, 35.65214750697431612 ) ) ;
#4171 = CIRCLE ( 'NONE', #5898, 0.5000000000000005551 ) ;
#4172 = CARTESIAN_POINT ( 'NONE',  ( -14.89754317720561438, 133.7191940551110179, 13.15410820819939985 ) ) ;
#4173 = CARTESIAN_POINT ( 'NONE',  ( -17.94351902862096537, 153.8173172481223787, 23.89243658958975303 ) ) ;
#4174 = CARTESIAN_POINT ( 'NONE',  ( 29.48443016731850008, 151.0484946074895447, 22.18070629160054352 ) ) ;
#4175 = CARTESIAN_POINT ( 'NONE',  ( 15.06689977947001502, 143.7286329974034516, 17.08535569730037906 ) ) ;
#4176 = CARTESIAN_POINT ( 'NONE',  ( -11.93178033438295493, 129.7459709794593437, 7.169994306720245625 ) ) ;
#4177 = AXIS2_PLACEMENT_3D ( 'NONE', #6937, #3603, #6436 ) ;
#4178 = ORIENTED_EDGE ( 'NONE', *, *, #1061, .F. ) ;
#4179 = DIRECTION ( 'NONE',  ( 0.0000000000000000000, 0.8189665403419625900, 0.5738412723047346953 ) ) ;
#4180 = CARTESIAN_POINT ( 'NONE',  ( -19.02803185184080448, 154.5495683933139333, 24.39353584324760860 ) ) ;
#4181 = CARTESIAN_POINT ( 'NONE',  ( 27.40301544598555950, 155.8841188886099189, 25.56460207785707794 ) ) ;
#4182 = CARTESIAN_POINT ( 'NONE',  ( -20.62676482103475806, 158.9868888309548538, 30.98935692746619353 ) ) ;
#4183 = CARTESIAN_POINT ( 'NONE',  ( 28.21054957114751005, 138.0646304509666606, 15.03737396090717837 ) ) ;
#4184 = CARTESIAN_POINT ( 'NONE',  ( 29.52310549112701921, 163.3844011449368736, 30.80120417830028501 ) ) ;
#4185 = CIRCLE ( 'NONE', #7046, 2.599999999999984990 ) ;
#4186 = CARTESIAN_POINT ( 'NONE',  ( -0.9714697734629467174, 133.1004061553915108, 9.406362939013867219 ) ) ;
#4187 = CARTESIAN_POINT ( 'NONE',  ( -11.96996454367980434, 151.7142362480359736, 22.71052921078770126 ) ) ;
#4188 = CARTESIAN_POINT ( 'NONE',  ( -9.347177599965254657, 133.0949949364576810, 9.416503579129848589 ) ) ;
#4189 = CARTESIAN_POINT ( 'NONE',  ( -12.70420855112412362, 131.3803511343976709, 8.322854230092019634 ) ) ;
#4190 = CIRCLE ( 'NONE', #3275, 2.600000000000009859 ) ;
#4191 = AXIS2_PLACEMENT_3D ( 'NONE', #3096, #6926, #5283 ) ;
#4192 = CARTESIAN_POINT ( 'NONE',  ( 1.607202870282274709, 171.3649436997428666, 36.14429681460336496 ) ) ;
#4193 = EDGE_LOOP ( 'NONE', ( #2940, #2615 ) ) ;
#4194 = CARTESIAN_POINT ( 'NONE',  ( 29.19492702632891934, 164.5086584765864757, 33.70929915761939810 ) ) ;
#4195 = CARTESIAN_POINT ( 'NONE',  ( 26.20670191522846437, 137.3013685018251238, 12.53531352323058634 ) ) ;
#4196 = CARTESIAN_POINT ( 'NONE',  ( -15.40722427604478817, 174.5505811029441361, 38.60827925039211550 ) ) ;
#4197 = CARTESIAN_POINT ( 'NONE',  ( -16.32516355467061331, 135.2754076095985454, 11.17491741350060153 ) ) ;
#4198 = EDGE_CURVE ( 'NONE', #49, #1238, #4205, .T. ) ;
#4199 = ADVANCED_FACE ( 'NONE', ( #4846 ), #3270, .F. ) ;
#4200 = CARTESIAN_POINT ( 'NONE',  ( 12.61620053423341936, 159.9734191736259277, 28.37349534159338660 ) ) ;
#4201 = CARTESIAN_POINT ( 'NONE',  ( -0.7381750862380086486, 128.1371859644804090, 5.857840961070670538 ) ) ;
#4202 = CARTESIAN_POINT ( 'NONE',  ( 13.07862968481288313, 129.8806803912475232, 10.46938133778009217 ) ) ;
#4203 = CARTESIAN_POINT ( 'NONE',  ( 27.41114398088489423, 164.8995419571556909, 33.98366059216107260 ) ) ;
#4204 = CARTESIAN_POINT ( 'NONE',  ( 27.66796657330676723, 137.9595502697231666, 12.99371696123813358 ) ) ;
#4205 = CIRCLE ( 'NONE', #2150, 4.000000000000005329 ) ;
#4206 = ORIENTED_EDGE ( 'NONE', *, *, #762, .T. ) ;
#4207 = EDGE_CURVE ( 'NONE', #1337, #6860, #5926, .T. ) ;
#4208 = CARTESIAN_POINT ( 'NONE',  ( 18.02052242124776527, 146.1270351161702763, 18.76681962781823998 ) ) ;
#4209 = CARTESIAN_POINT ( 'NONE',  ( 19.81934735817071314, 168.0595683068439996, 33.45418018885579414 ) ) ;
#4210 = CARTESIAN_POINT ( 'NONE',  ( -13.77375055315232366, 169.4637211059766742, 37.16871573808624163 ) ) ;
#4211 = CARTESIAN_POINT ( 'NONE',  ( 1.608582138051134924, 171.2493483309590658, 36.30750826666223219 ) ) ;
#4212 = CARTESIAN_POINT ( 'NONE',  ( -19.31519853483456828, 166.0072344474783961, 32.65845471752612639 ) ) ;
#4213 = CARTESIAN_POINT ( 'NONE',  ( -0.7996753889402947735, 133.1008338424857698, 9.405757200043376898 ) ) ;
#4214 = DIRECTION ( 'NONE',  ( 0.0000000000000000000, -0.8169000990817233410, -0.5767791848881776984 ) ) ;
#4215 = CARTESIAN_POINT ( 'NONE',  ( 29.48906912020989424, 148.3704253481546971, 20.30647342756128282 ) ) ;
#4216 = CARTESIAN_POINT ( 'NONE',  ( 24.89582450829131943, 145.6779912254456235, 18.44133758599581085 ) ) ;
#4217 = CARTESIAN_POINT ( 'NONE',  ( 8.061108329977901832, 129.8372965562215029, 7.089352258045522603 ) ) ;
#4218 = VERTEX_POINT ( 'NONE', #1026 ) ;
#4219 = CARTESIAN_POINT ( 'NONE',  ( -17.89797509261572728, 144.6461863122584930, 20.86646940767960245 ) ) ;
#4220 = FACE_OUTER_BOUND ( 'NONE', #5071, .T. ) ;
#4221 = CARTESIAN_POINT ( 'NONE',  ( 23.82212458447308023, 153.8019885051181461, 24.11732701318634042 ) ) ;
#4222 = CARTESIAN_POINT ( 'NONE',  ( 29.54689568080560136, 141.3086430773268205, 15.27201736996355841 ) ) ;
#4223 = DIRECTION ( 'NONE',  ( 0.0001635243220480099926, 0.5738412646324208000, -0.8189665293922945288 ) ) ;
#4224 = DIRECTION ( 'NONE',  ( -0.0007442459860544277123, -0.5767790251485576114, 0.8168998728403572551 ) ) ;
#4225 = CARTESIAN_POINT ( 'NONE',  ( 10.13147311579683674, 151.7868859507997001, 22.66167702138416473 ) ) ;
#4226 = CARTESIAN_POINT ( 'NONE',  ( 11.55297288441472681, 133.0868225969266803, 9.479733112304932874 ) ) ;
#4227 = CARTESIAN_POINT ( 'NONE',  ( -21.86169516188933315, 130.7486311525869667, 8.845692046971109335 ) ) ;
#4228 = CARTESIAN_POINT ( 'NONE',  ( 0.9822980978036522925, 171.7309085150509702, 36.40185207190071992 ) ) ;
#4229 = VERTEX_POINT ( 'NONE', #598 ) ;
#4230 = CARTESIAN_POINT ( 'NONE',  ( 31.20177160427826379, 152.9517812303110702, 26.77543737849138950 ) ) ;
#4231 = DIRECTION ( 'NONE',  ( 0.0000000000000000000, -0.8189665403419612577, -0.5738412723047364716 ) ) ;
#4232 = CARTESIAN_POINT ( 'NONE',  ( -18.02085057431780868, 170.2793534090453704, 35.63110417932788465 ) ) ;
#4233 = CARTESIAN_POINT ( 'NONE',  ( -8.043481491414700812, 135.3612701004685164, 11.07314025787692380 ) ) ;
#4234 = DIRECTION ( 'NONE',  ( -0.0001635243220480100197, -0.5738412646324202449, 0.8189665293922949729 ) ) ;
#4235 = DIRECTION ( 'NONE',  ( -0.0007442450898864460922, -0.5767790250261927154, 0.8168998729275704918 ) ) ;
#4236 = ORIENTED_EDGE ( 'NONE', *, *, #629, .F. ) ;
#4237 = CARTESIAN_POINT ( 'NONE',  ( -13.98730370332936879, 135.5375413796126622, 11.26669467947705172 ) ) ;
#4238 = LINE ( 'NONE', #2741, #1797 ) ;
#4239 = CARTESIAN_POINT ( 'NONE',  ( -13.99244322956852038, 136.9643064874849188, 12.24670706332048375 ) ) ;
#4240 = VERTEX_POINT ( 'NONE', #5887 ) ;
#4241 = CARTESIAN_POINT ( 'NONE',  ( 16.02653817490987365, 144.9417745257120487, 17.93366425615126047 ) ) ;
#4242 = CARTESIAN_POINT ( 'NONE',  ( 25.74507281641401590, 134.5280146157651302, 13.76221064308940711 ) ) ;
#4243 = CARTESIAN_POINT ( 'NONE',  ( 0.02602874093229619323, 129.5451513948837032, 8.996446328897645728 ) ) ;
#4244 = ORIENTED_EDGE ( 'NONE', *, *, #674, .T. ) ;
#4245 = CARTESIAN_POINT ( 'NONE',  ( -22.57466433133211936, 166.0167506039336729, 32.63686211219526712 ) ) ;
#4246 = CARTESIAN_POINT ( 'NONE',  ( -16.95337903976576754, 140.0648932110777025, 17.63266947109766747 ) ) ;
#4247 = CARTESIAN_POINT ( 'NONE',  ( -17.89579218944449579, 145.2166957279257247, 20.04514413504401915 ) ) ;
#4248 = ADVANCED_FACE ( 'NONE', ( #3197, #16, #3697, #3233 ), #5428, .F. ) ;
#4249 = CARTESIAN_POINT ( 'NONE',  ( 31.32358352324846607, 151.0550523383521977, 22.17591193408721750 ) ) ;
#4250 = ADVANCED_FACE ( 'NONE', ( #1664, #3843, #5998, #1134 ), #3306, .T. ) ;
#4251 = CARTESIAN_POINT ( 'NONE',  ( 18.06217251584877204, 143.7284702346419181, 17.09298185599494957 ) ) ;
#4252 = CARTESIAN_POINT ( 'NONE',  ( 19.66579592263294529, 129.6581688538630033, 7.372982945954204226 ) ) ;
#4253 = ORIENTED_EDGE ( 'NONE', *, *, #630, .F. ) ;
#4254 = CARTESIAN_POINT ( 'NONE',  ( 30.99025762797702299, 160.8321280345004993, 31.11508957557896693 ) ) ;
#4255 = DIRECTION ( 'NONE',  ( 0.0000000000000000000, 0.8169000990817204544, 0.5767791848881815842 ) ) ;
#4256 = CARTESIAN_POINT ( 'NONE',  ( 28.62942006876390977, 157.0925281870014487, 26.40597743627350269 ) ) ;
#4257 = CARTESIAN_POINT ( 'NONE',  ( 21.05364431825981697, 167.9030101650855613, 33.95624951417212856 ) ) ;
#4258 = CARTESIAN_POINT ( 'NONE',  ( 26.04334938763535234, 136.2696265001459608, 13.76802187611394857 ) ) ;
#4259 = CARTESIAN_POINT ( 'NONE',  ( -12.20676474909734210, 132.4692838478426040, 11.04990982471402283 ) ) ;
#4260 = FACE_OUTER_BOUND ( 'NONE', #3540, .T. ) ;
#4261 = CARTESIAN_POINT ( 'NONE',  ( -14.01810045585529352, 151.7187288235521407, 22.69907792461114937 ) ) ;
#4262 = CARTESIAN_POINT ( 'NONE',  ( -3.994430980907131890, 132.2789368949757147, 8.828299415221479762 ) ) ;
#4263 = CARTESIAN_POINT ( 'NONE',  ( 10.16681744805512366, 131.4560633906467615, 8.271542496136042644 ) ) ;
#4264 = B_SPLINE_CURVE_WITH_KNOTS ( 'NONE', 3,
 ( #3032, #862, #358, #323, #3072, #6328, #5294, #2499, #4752, #395, #4682, #3864, #65, #1185, #1651, #5551, #2790, #2178, #6514, #1687, #3896, #2251, #4403, #653, #1616, #3792, #4438, #6549, #1120, #2756, #617, #5984, #509, #34 ),
 .UNSPECIFIED., .F., .F.,
 ( 4, 2, 2, 2, 2, 2, 2, 2, 2, 2, 2, 2, 2, 2, 2, 2, 4 ),
 ( 6.938893903907228378E-18, 0.0007816174126110797104, 0.001563234825222152482, 0.002344852237833225037, 0.003126469650444298025, 0.003908087063055371013, 0.004689704475666443134, 0.005471321888277516123, 0.006252939300888589111, 0.007034556713499662099, 0.007816174126110735088, 0.008597791538721807209, 0.009379408951332879329, 0.01016102636394395319, 0.01094264377655502531, 0.01172426118916609916, 0.01250587860177717128 ),
 .UNSPECIFIED. ) ;
#4265 = CARTESIAN_POINT ( 'NONE',  ( -6.980188723104212123, 163.1496185772101626, 26.97092294010006697 ) ) ;
#4266 = ORIENTED_EDGE ( 'NONE', *, *, #5205, .F. ) ;
#4267 = CARTESIAN_POINT ( 'NONE',  ( 21.52098000469652206, 75.00925812551869853, 140.4160509428934347 ) ) ;
#4268 = CARTESIAN_POINT ( 'NONE',  ( 20.44726223784467223, 134.6050971296896250, 10.68017890295558914 ) ) ;
#4269 = CARTESIAN_POINT ( 'NONE',  ( -11.23987354161306307, 174.5509197260445262, 38.61808522910983754 ) ) ;
#4270 = CARTESIAN_POINT ( 'NONE',  ( -15.00246368629753491, 135.3040563942443271, 11.13740223584899702 ) ) ;
#4271 = CARTESIAN_POINT ( 'NONE',  ( -6.980515771748308396, 162.0019360479453212, 28.60885599888462849 ) ) ;
#4272 = CARTESIAN_POINT ( 'NONE',  ( 28.06172948989887672, 164.9443047269421356, 35.23999867698077537 ) ) ;
#4273 = DIRECTION ( 'NONE',  ( -0.0007442459860544277123, -0.5767790251485576114, 0.8168998728403572551 ) ) ;
#4274 = B_SPLINE_CURVE_WITH_KNOTS ( 'NONE', 3,
 ( #6946, #6373, #5343, #5880, #6486, #3727, #2078, #1477, #5844, #1435, #1018, #980, #3764, #3614, #906, #3190, #943, #5303, #6409, #4799, #5808, #3040 ),
 .UNSPECIFIED., .F., .F.,
 ( 4, 2, 2, 2, 2, 2, 2, 2, 2, 2, 4 ),
 ( 0.01407940116020815237, 0.01527244374685508659, 0.01646548633350201907, 0.01765852892014895328, 0.01885157150679588750, 0.02004461409344282519, 0.02123765668008976287, 0.02362374185338363825, 0.02600982702667751362, 0.02839591219997138552, 0.03316808254655913279 ),
 .UNSPECIFIED. ) ;
#4275 = CARTESIAN_POINT ( 'NONE',  ( 21.63242107309296358, 168.0889677957250115, 33.46056300860652044 ) ) ;
#4276 = CARTESIAN_POINT ( 'NONE',  ( -3.999847431389976560, 135.3672371898411768, 11.07462889017740792 ) ) ;
#4277 = ORIENTED_EDGE ( 'NONE', *, *, #2279, .F. ) ;
#4278 = CARTESIAN_POINT ( 'NONE',  ( -14.56053478152515623, 169.0009115617787359, 36.84122835947152907 ) ) ;
#4279 = CARTESIAN_POINT ( 'NONE',  ( 28.32441889305233218, 136.2837668254421715, 15.00422419574706190 ) ) ;
#4280 = CARTESIAN_POINT ( 'NONE',  ( -18.99752633153185855, 154.3997363819601958, 24.53321427795441423 ) ) ;
#4281 = ORIENTED_EDGE ( 'NONE', *, *, #5738, .F. ) ;
#4282 = CARTESIAN_POINT ( 'NONE',  ( -14.54925579880462472, 166.0043289025622357, 32.67435640863433832 ) ) ;
#4283 = CARTESIAN_POINT ( 'NONE',  ( -8.032800036839971014, 129.2393310878838690, 6.690858485091738750 ) ) ;
#4284 = CARTESIAN_POINT ( 'NONE',  ( 22.62903903215370605, 139.1272989168406582, 13.83054788464097129 ) ) ;
#4285 = CARTESIAN_POINT ( 'NONE',  ( -17.64218406116659210, 143.5090132674650647, 20.06379185730583004 ) ) ;
#4286 = CARTESIAN_POINT ( 'NONE',  ( -12.72563791442124170, 143.7078828560556758, 17.04628097398811093 ) ) ;
#4287 = CARTESIAN_POINT ( 'NONE',  ( 14.55556932790256042, 145.6651819645236685, 18.43404398975726011 ) ) ;
#4288 = CARTESIAN_POINT ( 'NONE',  ( 1.713266703835978344, 129.8451794498126048, 7.062460228922678773 ) ) ;
#4289 = ORIENTED_EDGE ( 'NONE', *, *, #493, .F. ) ;
#4290 = CARTESIAN_POINT ( 'NONE',  ( -0.2640264134140704599, 170.7898360745257662, 39.34147876978119029 ) ) ;
#4291 = B_SPLINE_CURVE_WITH_KNOTS ( 'NONE', 3,
 ( #5911, #3000, #5189, #5376, #2648, #1011, #4832, #3184, #475, #3633, #1378, #239, #5752, #2521, #851, #383, #3555, #3022, #4670, #6814, #888, #1457, #1416, #5177, #3058, #2988, #1493, #5824, #1954, #5142, #6248, #4741 ),
 .UNSPECIFIED., .F., .F.,
 ( 4, 2, 2, 2, 2, 2, 2, 2, 2, 2, 2, 2, 2, 2, 2, 4 ),
 ( 0.0000000000000000000, 0.06249999999998545608, 0.1249999999999710926, 0.1875000000000952294, 0.2500000000000155431, 0.3125000000000350275, 0.3750000000000254241, 0.4375000000000147660, 0.4687499999998907541, 0.4999999999997667421, 0.5624999999999943379, 0.6249999999999850120, 0.6874999999999741318, 0.7499999999999631406, 0.8749999999998304689, 1.000000000000000000 ),
 .UNSPECIFIED. ) ;
#4292 = CARTESIAN_POINT ( 'NONE',  ( 26.74284949004237433, 167.9476106940795148, 26.06588033775091873 ) ) ;
#4293 = CARTESIAN_POINT ( 'NONE',  ( 21.15397923841862138, 154.2582829791076620, 23.82617468904372160 ) ) ;
#4294 = ADVANCED_FACE ( 'NONE', ( #3806 ), #1098, .F. ) ;
#4295 = CARTESIAN_POINT ( 'NONE',  ( 0.04514303171215840182, 128.1516376665899486, 9.236701888565063356 ) ) ;
#4296 = CARTESIAN_POINT ( 'NONE',  ( -14.90376487536422978, 169.2452021504645927, 38.23753931268959860 ) ) ;
#4297 = CARTESIAN_POINT ( 'NONE',  ( -3.383145520099534398, 134.9254450813113237, 10.74109689444889959 ) ) ;
#4298 = AXIS2_PLACEMENT_3D ( 'NONE', #331, #3690, #4725 ) ;
#4299 = CARTESIAN_POINT ( 'NONE',  ( -16.35365549862444823, 151.7261789736339495, 22.68270707862615865 ) ) ;
#4300 = CARTESIAN_POINT ( 'NONE',  ( -14.99848032129440689, 132.9608408242389430, 9.593515826815085745 ) ) ;
#4301 = CARTESIAN_POINT ( 'NONE',  ( -8.036338439717756188, 131.2811515847690202, 8.121798644629334873 ) ) ;
#4302 = CARTESIAN_POINT ( 'NONE',  ( -11.75335188318472923, 166.3416957491748178, 30.73293880072491646 ) ) ;
#4303 = CIRCLE ( 'NONE', #2582, 1.099999999999979217 ) ;
#4304 = CARTESIAN_POINT ( 'NONE',  ( -0.7019764832147995515, 172.4776780112941879, 36.92679080188784724 ) ) ;
#4305 = DIRECTION ( 'NONE',  ( -0.0007442450898864458753, -0.5767790250261926044, 0.8168998729275703807 ) ) ;
#4306 = ORIENTED_EDGE ( 'NONE', *, *, #4383, .T. ) ;
#4307 = APPLICATION_PROTOCOL_DEFINITION ( 'draft international standard', 'automotive_design', 1998, #949 ) ;
#4308 = CARTESIAN_POINT ( 'NONE',  ( 18.60526362234736908, 133.8705539742887254, 10.19286765922277560 ) ) ;
#4309 = CARTESIAN_POINT ( 'NONE',  ( -4.067830956799420861, 174.5574546095646724, 38.62648877201466036 ) ) ;
#4310 = VECTOR ( 'NONE', #1066, 1000.000000000000000 ) ;
#4311 = CARTESIAN_POINT ( 'NONE',  ( 14.57349344431907134, 135.3326213824110198, 11.16975554984670005 ) ) ;
#4312 = DIRECTION ( 'NONE',  ( -0.0007442450898864459837, -0.5767790250261926044, 0.8168998729275703807 ) ) ;
#4313 = VECTOR ( 'NONE', #4038, 1000.000000000000000 ) ;
#4314 = CARTESIAN_POINT ( 'NONE',  ( 27.01540527664304747, 165.5641543123413726, 35.67669542489322509 ) ) ;
#4315 = VERTEX_POINT ( 'NONE', #6136 ) ;
#4316 = DIRECTION ( 'NONE',  ( 0.0007442459860544277123, 0.5767790251485576114, -0.8168998728403572551 ) ) ;
#4317 = CARTESIAN_POINT ( 'NONE',  ( -21.69815527648146158, 162.2835701652491593, 29.92148330974168502 ) ) ;
#4318 = ORIENTED_EDGE ( 'NONE', *, *, #1886, .T. ) ;
#4319 = CARTESIAN_POINT ( 'NONE',  ( -17.25504017596635009, 167.9012802491830882, 33.67903234259151191 ) ) ;
#4320 = CARTESIAN_POINT ( 'NONE',  ( 31.20177739347494850, 151.7556727991450884, 25.93091496722710687 ) ) ;
#4321 = CARTESIAN_POINT ( 'NONE',  ( -2.158440100508299153, 197.0516260893763274, -29.32015849873793201 ) ) ;
#4322 = VERTEX_POINT ( 'NONE', #2427 ) ;
#4323 = CARTESIAN_POINT ( 'NONE',  ( 22.16471954817944834, 129.6750595536670687, 7.355108751780914389 ) ) ;
#4324 = CARTESIAN_POINT ( 'NONE',  ( 21.05793943416825087, 168.0941524414506318, 33.68388343298265397 ) ) ;
#4325 = VECTOR ( 'NONE', #4847, 1000.000000000000000 ) ;
#4326 = CARTESIAN_POINT ( 'NONE',  ( 26.63559565154022835, 165.7234239795844815, 35.78880308326301929 ) ) ;
#4327 = CARTESIAN_POINT ( 'NONE',  ( -9.365726795159915241, 143.7033548064000001, 17.06102115411503561 ) ) ;
#4328 = CARTESIAN_POINT ( 'NONE',  ( 29.50208897829695687, 140.8636821318221735, 15.03173207683511414 ) ) ;
#4329 = CARTESIAN_POINT ( 'NONE',  ( 27.68316707088458273, 129.1203290006092175, 6.948426310013161356 ) ) ;
#4330 = ORIENTED_EDGE ( 'NONE', *, *, #3904, .T. ) ;
#4331 = CYLINDRICAL_SURFACE ( 'NONE', #6706, 10.00000000000000533 ) ;
#4332 = CARTESIAN_POINT ( 'NONE',  ( -11.57729510601738632, 130.9896048336080980, 10.00574349813486030 ) ) ;
#4333 = CARTESIAN_POINT ( 'NONE',  ( 13.50225261641823060, 157.6291183457531702, 26.74139925738917256 ) ) ;
#4334 = VECTOR ( 'NONE', #2523, 1000.000000000000114 ) ;
#4335 = CARTESIAN_POINT ( 'NONE',  ( -10.00746211702672994, 145.0526005283378765, 18.01580563198240625 ) ) ;
#4336 = CARTESIAN_POINT ( 'NONE',  ( -20.33500020824389765, 162.8448594792932056, 32.48943513058888755 ) ) ;
#4337 = CARTESIAN_POINT ( 'NONE',  ( -1.474886996401774564, 137.2489550331562214, 12.40160704465655606 ) ) ;
#4338 = CARTESIAN_POINT ( 'NONE',  ( 24.86791189500712562, 161.8105091952296561, 29.69075577717067560 ) ) ;
#4339 = CARTESIAN_POINT ( 'NONE',  ( 17.38977305043439969, 151.0288963141174179, 22.17874552962531709 ) ) ;
#4340 = CARTESIAN_POINT ( 'NONE',  ( 33.19536044340846104, 132.2013096247869157, 9.030610082410822415 ) ) ;
#4341 = CARTESIAN_POINT ( 'NONE',  ( -21.20911981030155857, 130.7872196547109809, 8.792373682586340777 ) ) ;
#4342 = CARTESIAN_POINT ( 'NONE',  ( 27.32713657977010513, 140.5417554584395248, 14.81223403176938191 ) ) ;
#4343 = CARTESIAN_POINT ( 'NONE',  ( 15.97388404178535026, 132.0188604324962398, 10.75755885638084486 ) ) ;
#4344 = CARTESIAN_POINT ( 'NONE',  ( -19.64194850668990000, 153.7176556216940355, 26.04572750339955434 ) ) ;
#4345 = CARTESIAN_POINT ( 'NONE',  ( -5.847581602663989742, 171.1079673017288485, 38.33687081024510235 ) ) ;
#4346 = CARTESIAN_POINT ( 'NONE',  ( -10.71943047493752843, 170.2800273691660777, 35.64816993825467506 ) ) ;
#4347 = EDGE_CURVE ( 'NONE', #1718, #5564, #3659, .T. ) ;
#4348 = CARTESIAN_POINT ( 'NONE',  ( 24.91374818320402440, 135.3526539341945920, 11.16676704250493835 ) ) ;
#4349 = EDGE_CURVE ( 'NONE', #6503, #6349, #81, .T. ) ;
#4350 = CARTESIAN_POINT ( 'NONE',  ( -6.980515771748308396, 162.0019360479453496, 28.60885599888464270 ) ) ;
#4351 = CARTESIAN_POINT ( 'NONE',  ( 31.20177160427826379, 152.9517812303110702, 26.77543737849138950 ) ) ;
#4352 = VERTEX_POINT ( 'NONE', #6790 ) ;
#4353 = CARTESIAN_POINT ( 'NONE',  ( 0.05038928958780997114, 128.7284832526520404, 8.419853113227349084 ) ) ;
#4354 = CARTESIAN_POINT ( 'NONE',  ( -21.69149921628940092, 162.3885734665714438, 29.93536228178590619 ) ) ;
#4355 = CARTESIAN_POINT ( 'NONE',  ( 15.32030931223326675, 131.8342134188342527, 10.62659183358743320 ) ) ;
#4356 = CARTESIAN_POINT ( 'NONE',  ( -6.981113928775903865, 151.7132117347191524, 25.86614800518508162 ) ) ;
#4357 = DIRECTION ( 'NONE',  ( 0.0000000000000000000, -0.8169000990817204544, -0.5767791848881815842 ) ) ;
#4358 = ORIENTED_EDGE ( 'NONE', *, *, #225, .F. ) ;
#4359 = CARTESIAN_POINT ( 'NONE',  ( 27.68217933495159144, 129.7009971923577325, 7.331808458112709204 ) ) ;
#4360 = CARTESIAN_POINT ( 'NONE',  ( 22.71221493270221359, 139.8177916600529613, 14.31742519425685778 ) ) ;
#4361 = CARTESIAN_POINT ( 'NONE',  ( -16.70904765401783720, 139.4818656617649992, 15.99710033551266974 ) ) ;
#4362 = CARTESIAN_POINT ( 'NONE',  ( 13.37807645934406153, 145.6677497892254110, 18.42748188782816854 ) ) ;
#4363 = CARTESIAN_POINT ( 'NONE',  ( -15.34375050139956898, 137.9256188422801017, 12.93583353831415117 ) ) ;
#4364 = CARTESIAN_POINT ( 'NONE',  ( 29.52133298557016161, 129.7027336253773910, 7.333877050570674960 ) ) ;
#4365 = ORIENTED_EDGE ( 'NONE', *, *, #5085, .F. ) ;
#4366 = CARTESIAN_POINT ( 'NONE',  ( -12.38193045086928201, 131.5219249599385876, 10.38085952853233351 ) ) ;
#4367 = CARTESIAN_POINT ( 'NONE',  ( 20.30361643822251594, 154.3264561450488657, 23.87166508388409625 ) ) ;
#4368 = CARTESIAN_POINT ( 'NONE',  ( -21.46084513772952462, 158.9890975374375159, 27.78041412534106769 ) ) ;
#4369 = CARTESIAN_POINT ( 'NONE',  ( -5.809702797575283739, 171.9242648955385278, 38.91325910091270401 ) ) ;
#4370 = DIRECTION ( 'NONE',  ( 0.0000000000000000000, -0.8169000990817221197, -0.5767791848881794747 ) ) ;
#4371 = CARTESIAN_POINT ( 'NONE',  ( -17.99741014236417769, 156.7313707894869594, 26.18442153388650340 ) ) ;
#4372 = CARTESIAN_POINT ( 'NONE',  ( 31.32229470655142123, 151.7990451394575757, 22.69668291745002975 ) ) ;
#4373 = CARTESIAN_POINT ( 'NONE',  ( 27.67789886731232230, 132.2063133072852850, 9.009866480622713780 ) ) ;
#4374 = CARTESIAN_POINT ( 'NONE',  ( 4.884636224974977736, 131.3126155064719853, 8.108909040373452726 ) ) ;
#4375 = CARTESIAN_POINT ( 'NONE',  ( 30.50151468805747612, 139.5229599824066611, 17.29326722998944987 ) ) ;
#4376 = CARTESIAN_POINT ( 'NONE',  ( -11.70437900276789556, 204.8538044284073862, -23.82006180501686998 ) ) ;
#4377 = CARTESIAN_POINT ( 'NONE',  ( -11.41833943968143927, 132.9369563392819771, 9.235704314766689293 ) ) ;
#4378 = CARTESIAN_POINT ( 'NONE',  ( 31.20252167996680726, 152.3324489886836375, 25.11401309231850476 ) ) ;
#4379 = CARTESIAN_POINT ( 'NONE',  ( -17.36431193832272868, 166.0049727077663704, 32.66649040603597598 ) ) ;
#4380 = CARTESIAN_POINT ( 'NONE',  ( -21.21229105375451240, 132.7131987283651995, 9.930685587784287449 ) ) ;
#4381 = CARTESIAN_POINT ( 'NONE',  ( 21.54472891638618393, 163.6724704228062706, 25.20613589933814680 ) ) ;
#4382 = PRESENTATION_LAYER_ASSIGNMENT (  '', '', ( #4143 ) ) ;
#4383 = EDGE_CURVE ( 'NONE', #3861, #3766, #2380, .T. ) ;
#4384 = CARTESIAN_POINT ( 'NONE',  ( 2.233077288525782578, 170.8680061622744120, 36.03908385522134949 ) ) ;
#4385 = ORIENTED_EDGE ( 'NONE', *, *, #979, .T. ) ;
#4386 = CARTESIAN_POINT ( 'NONE',  ( 5.210716395743114404, 130.8795251219545719, 7.809958008644535710 ) ) ;
#4387 = DIRECTION ( 'NONE',  ( -0.0007442450898864459837, -0.5767790250261926044, 0.8168998729275703807 ) ) ;
#4388 = AXIS2_PLACEMENT_3D ( 'NONE', #6957, #4697, #3699 ) ;
#4389 = CARTESIAN_POINT ( 'NONE',  ( -9.983795477483283776, 170.8380599004390774, 38.14253207928491207 ) ) ;
#4390 = CARTESIAN_POINT ( 'NONE',  ( 22.66454622477027669, 133.1148516561711403, 12.76162850576362651 ) ) ;
#4391 = CARTESIAN_POINT ( 'NONE',  ( 15.68226215339452878, 146.4651207095402583, 20.28391958264637296 ) ) ;
#4392 = ORIENTED_EDGE ( 'NONE', *, *, #3010, .T. ) ;
#4393 = CARTESIAN_POINT ( 'NONE',  ( -19.25127364619476111, 128.7786638276816120, 7.318907053083412606 ) ) ;
#4394 = CARTESIAN_POINT ( 'NONE',  ( -5.846141238452594813, 172.2242284323990020, 36.75589519179740705 ) ) ;
#4395 = CARTESIAN_POINT ( 'NONE',  ( 23.19754177367265768, 167.3025678455159948, 35.67649838303368171 ) ) ;
#4396 = CARTESIAN_POINT ( 'NONE',  ( 17.39905157677469916, 145.6626050695983281, 18.44473185405395910 ) ) ;
#4397 = CARTESIAN_POINT ( 'NONE',  ( -20.57325466295637995, 140.8015090091102763, 14.99661164822418868 ) ) ;
#4398 = CARTESIAN_POINT ( 'NONE',  ( -13.38309028069498119, 129.1207389727579766, 6.846461886640842209 ) ) ;
#4399 = VERTEX_POINT ( 'NONE', #3877 ) ;
#4400 = ORIENTED_EDGE ( 'NONE', *, *, #2768, .F. ) ;
#4401 = CARTESIAN_POINT ( 'NONE',  ( -4.324137063173971285, 128.3219529734743958, 9.352973765408469475 ) ) ;
#4402 = CARTESIAN_POINT ( 'NONE',  ( 13.15144945946468269, 160.0955634008795414, 27.84921489612855794 ) ) ;
#4403 = CARTESIAN_POINT ( 'NONE',  ( 16.98523751400415449, 141.5192655852628718, 15.53662505570667918 ) ) ;
#4404 = CARTESIAN_POINT ( 'NONE',  ( -19.83332065085530616, 164.4942409030971078, 33.65445181573652889 ) ) ;
#4405 = CARTESIAN_POINT ( 'NONE',  ( 21.46198639906164374, 167.9143024582398027, 33.96479745982406229 ) ) ;
#4406 = CARTESIAN_POINT ( 'NONE',  ( -21.24478097025156131, 151.7461745597570371, 22.64216926983636569 ) ) ;
#4407 = CARTESIAN_POINT ( 'NONE',  ( 18.04954387651587311, 151.0284583414445763, 22.18099775388338202 ) ) ;
#4408 = CARTESIAN_POINT ( 'NONE',  ( -13.98275247973781887, 131.3282903472023690, 8.393804584813452152 ) ) ;
#4409 = CARTESIAN_POINT ( 'NONE',  ( 26.30243076553691850, 141.2166351758955898, 15.29049138830890797 ) ) ;
#4410 = CARTESIAN_POINT ( 'NONE',  ( 29.54564518817432983, 140.3394270325387083, 16.64472956999489028 ) ) ;
#4411 = CARTESIAN_POINT ( 'NONE',  ( -11.10618288389760799, 132.7361722194246738, 9.094223391904083797 ) ) ;
#4412 = ORIENTED_EDGE ( 'NONE', *, *, #5389, .F. ) ;
#4413 = CARTESIAN_POINT ( 'NONE',  ( -19.31519853483456828, 166.0072344474783961, 32.65845471752612639 ) ) ;
#4414 = CARTESIAN_POINT ( 'NONE',  ( 16.24922516486723367, 135.3229237523101460, 11.18769669017594026 ) ) ;
#4415 = CARTESIAN_POINT ( 'NONE',  ( -12.96361414706216841, 133.0327530554283442, 9.496174777545995482 ) ) ;
#4416 = AXIS2_PLACEMENT_3D ( 'NONE', #3179, #6364, #2034 ) ;
#4417 = CARTESIAN_POINT ( 'NONE',  ( -5.805402727357827253, 171.3473047552022592, 39.73003569152800196 ) ) ;
#4418 = LINE ( 'NONE', #2873, #1469 ) ;
#4419 = ORIENTED_EDGE ( 'NONE', *, *, #1584, .F. ) ;
#4420 = CARTESIAN_POINT ( 'NONE',  ( 21.54350548624378447, 164.7024790580725551, 35.06331708244722734 ) ) ;
#4421 = EDGE_CURVE ( 'NONE', #5256, #5433, #1355, .T. ) ;
#4422 = EDGE_CURVE ( 'NONE', #4240, #4229, #5145, .T. ) ;
#4423 = AXIS2_PLACEMENT_3D ( 'NONE', #4169, #3593, #5791 ) ;
#4424 = CARTESIAN_POINT ( 'NONE',  ( -19.13724450833298718, 163.4843477133801457, 32.94204240379137616 ) ) ;
#4425 = CARTESIAN_POINT ( 'NONE',  ( -21.68435459965296275, 162.4952639163354604, 29.93966823472257843 ) ) ;
#4426 = DIRECTION ( 'NONE',  ( -0.0007442450896898434838, -0.5767790250261735086, 0.8168998729275841475 ) ) ;
#4427 = ORIENTED_EDGE ( 'NONE', *, *, #6056, .T. ) ;
#4428 = CARTESIAN_POINT ( 'NONE',  ( -7.239171756348861564, 129.8156871023392682, 7.082340546741311194 ) ) ;
#4429 = CARTESIAN_POINT ( 'NONE',  ( 24.55594918912703051, 137.2119449887252074, 12.47485026436208599 ) ) ;
#4430 = CYLINDRICAL_SURFACE ( 'NONE', #6704, 4.000000000000000000 ) ;
#4431 = CARTESIAN_POINT ( 'NONE',  ( -15.02038779159678583, 145.6364350907990399, 18.40194958353205834 ) ) ;
#4432 = CARTESIAN_POINT ( 'NONE',  ( -17.96979158987176817, 140.8194302822511759, 14.97752854685938040 ) ) ;
#4433 = CARTESIAN_POINT ( 'NONE',  ( 1.714253623087154121, 129.2778727058669688, 6.660058524096817756 ) ) ;
#4434 = EDGE_CURVE ( 'NONE', #4826, #3204, #473, .T. ) ;
#4435 = ORIENTED_EDGE ( 'NONE', *, *, #6003, .T. ) ;
#4436 = CARTESIAN_POINT ( 'NONE',  ( 23.24637630953774448, 169.8612647023601596, 27.40605950061454266 ) ) ;
#4437 = CARTESIAN_POINT ( 'NONE',  ( 14.20158492963164676, 156.6777733455039652, 26.08278015481275958 ) ) ;
#4438 = CARTESIAN_POINT ( 'NONE',  ( 18.01604033912632019, 140.5585128427416350, 14.86035793443394581 ) ) ;
#4439 = DIRECTION ( 'NONE',  ( 0.0001635243220480100197, 0.5738412646324202449, -0.8189665293922948619 ) ) ;
#4440 = AXIS2_PLACEMENT_3D ( 'NONE', #1604, #23, #2238 ) ;
#4441 = CARTESIAN_POINT ( 'NONE',  ( -1.952143643806310447, 137.1005286364955396, 12.30032830482713813 ) ) ;
#4442 = CARTESIAN_POINT ( 'NONE',  ( -9.388314350668576225, 156.7169678728214137, 26.22617697804277626 ) ) ;
#4443 = CARTESIAN_POINT ( 'NONE',  ( -21.23885341923470804, 148.3276884732383962, 20.24207514779835648 ) ) ;
#4444 = CARTESIAN_POINT ( 'NONE',  ( -0.7439749800432693405, 131.4644258763558469, 8.232703164078703395 ) ) ;
#4445 = AXIS2_PLACEMENT_3D ( 'NONE', #5076, #1884, #1311 ) ;
#4446 = DIRECTION ( 'NONE',  ( 0.0000000000000000000, 0.8189665403419595924, 0.5738412723047389141 ) ) ;
#4447 = CARTESIAN_POINT ( 'NONE',  ( 29.93236664289596760, 160.0815070018236668, 27.88166898889703305 ) ) ;
#4448 = CARTESIAN_POINT ( 'NONE',  ( -9.772973683620369556, 131.0350086620620971, 10.03944509876680691 ) ) ;
#4449 = ORIENTED_EDGE ( 'NONE', *, *, #5301, .F. ) ;
#4450 = CARTESIAN_POINT ( 'NONE',  ( -15.05568227927436808, 166.0042715721534705, 32.67318779435476728 ) ) ;
#4451 = CARTESIAN_POINT ( 'NONE',  ( 29.50880154419275669, 136.9895183596710524, 12.31821097274940513 ) ) ;
#4452 = CARTESIAN_POINT ( 'NONE',  ( 8.055393045541839214, 133.1160228741075002, 9.429533012525970648 ) ) ;
#4453 = CARTESIAN_POINT ( 'NONE',  ( -11.18386747558711036, 140.9428759455228999, 15.07983011270264662 ) ) ;
#4454 = CARTESIAN_POINT ( 'NONE',  ( 20.68244844203091404, 168.0736473166167571, 33.86484774285370491 ) ) ;
#4455 = ORIENTED_EDGE ( 'NONE', *, *, #939, .T. ) ;
#4456 = CARTESIAN_POINT ( 'NONE',  ( -11.75335188318472923, 166.3416957491748178, 30.73293880072491646 ) ) ;
#4457 = CARTESIAN_POINT ( 'NONE',  ( -19.21035133420918584, 164.3492542543364721, 31.16931311157163620 ) ) ;
#4458 = CARTESIAN_POINT ( 'NONE',  ( -2.208715529680582268, 158.9875431436616964, 26.49765527353074290 ) ) ;
#4459 = CARTESIAN_POINT ( 'NONE',  ( -22.58943238298043354, 174.5577852517019153, 38.58029357868517195 ) ) ;
#4460 = VERTEX_POINT ( 'NONE', #5909 ) ;
#4461 = CARTESIAN_POINT ( 'NONE',  ( 12.22918776985394373, 129.2385907861181238, 6.741933330739580121 ) ) ;
#4462 = CARTESIAN_POINT ( 'NONE',  ( 4.702193944963584116, 128.9931363084691327, 8.610951703709732286 ) ) ;
#4463 = DIRECTION ( 'NONE',  ( 0.0001635243220480100468, 0.5738412646324204669, -0.8189665293922949729 ) ) ;
#4464 = CARTESIAN_POINT ( 'NONE',  ( -16.33470960878331724, 140.8258058023317858, 14.97248976618673133 ) ) ;
#4465 = CARTESIAN_POINT ( 'NONE',  ( -13.82447156135001265, 137.9339934052164551, 12.92766330530867336 ) ) ;
#4466 = CARTESIAN_POINT ( 'NONE',  ( -20.55201140109076974, 128.0901231806441842, 7.085863993085611767 ) ) ;
#4467 = VERTEX_POINT ( 'NONE', #2070 ) ;
#4468 = CARTESIAN_POINT ( 'NONE',  ( -2.207434373828772944, 158.5229382436646119, 25.25632340295606681 ) ) ;
#4469 = CARTESIAN_POINT ( 'NONE',  ( 14.58753668013775062, 165.6426275877873877, 32.35336236467060900 ) ) ;
#4470 = CARTESIAN_POINT ( 'NONE',  ( -21.67909581373971051, 162.4009522623661326, 30.18918400643894628 ) ) ;
#4471 = CARTESIAN_POINT ( 'NONE',  ( 11.48100932513266770, 174.5657561157486555, 38.65305750651884864 ) ) ;
#4472 = LINE ( 'NONE', #3221, #1343 ) ;
#4473 = EDGE_CURVE ( 'NONE', #706, #5127, #3568, .T. ) ;
#4474 = ADVANCED_FACE ( 'NONE', ( #899, #6439 ), #7014, .T. ) ;
#4475 = CARTESIAN_POINT ( 'NONE',  ( -8.106905396952335252, 167.0915810993691935, 33.18987517908385598 ) ) ;
#4476 = CARTESIAN_POINT ( 'NONE',  ( 13.35883574327029955, 156.8012235356491715, 26.16239818876228540 ) ) ;
#4477 = CARTESIAN_POINT ( 'NONE',  ( 21.20695039466775000, 151.7744537979198753, 22.70671594243941982 ) ) ;
#4478 = CARTESIAN_POINT ( 'NONE',  ( -7.242011407932094080, 131.4494412144298678, 8.237991514286640893 ) ) ;
#4479 = CARTESIAN_POINT ( 'NONE',  ( 0.7894583546018822950, 133.5392469206714736, 9.712574025015612733 ) ) ;
#4480 = CARTESIAN_POINT ( 'NONE',  ( 33.13671991077076484, 166.0796316354023361, 32.68488862943638651 ) ) ;
#4481 = CARTESIAN_POINT ( 'NONE',  ( 30.05714903328435739, 161.5402949823166239, 28.90135035176737688 ) ) ;
#4482 = CARTESIAN_POINT ( 'NONE',  ( 30.19215449308222077, 158.9055103106984745, 29.75405780961417435 ) ) ;
#4483 = VERTEX_POINT ( 'NONE', #4295 ) ;
#4484 =( NAMED_UNIT ( * ) SI_UNIT ( $, .STERADIAN. ) SOLID_ANGLE_UNIT ( ) );
#4485 = CARTESIAN_POINT ( 'NONE',  ( 19.59549001062444162, 170.3268183268550331, 35.65640350976082118 ) ) ;
#4486 = CARTESIAN_POINT ( 'NONE',  ( -15.00246368629753491, 135.3040563942443271, 11.13740223584899702 ) ) ;
#4487 = CARTESIAN_POINT ( 'NONE',  ( -21.86486687835246556, 132.6823489817441555, 9.972988102580737646 ) ) ;
#4488 = CARTESIAN_POINT ( 'NONE',  ( -11.25826548349733791, 170.8163228930065429, 39.35016359533256747 ) ) ;
#4489 = CARTESIAN_POINT ( 'NONE',  ( 4.023346127840102149, 153.3589594760503587, 23.77340915458121273 ) ) ;
#4490 = ORIENTED_EDGE ( 'NONE', *, *, #6004, .F. ) ;
#4491 = CARTESIAN_POINT ( 'NONE',  ( -10.29461880930548112, 182.5476551169168431, -39.56822173752365046 ) ) ;
#4492 = CARTESIAN_POINT ( 'NONE',  ( -19.62470420857992792, 160.7179838577567921, 28.60504661030401863 ) ) ;
#4493 = DIRECTION ( 'NONE',  ( 0.0000000000000000000, -0.8169000991683917912, -0.5767791847654278881 ) ) ;
#4494 = PLANE ( 'NONE',  #3613 ) ;
#4495 = CARTESIAN_POINT ( 'NONE',  ( -22.50874602052976670, 127.3331650238743435, 6.948591402205911649 ) ) ;
#4496 = CARTESIAN_POINT ( 'NONE',  ( -1.778142880981242735, 138.0301362893877979, 12.96685238093996873 ) ) ;
#4497 = CIRCLE ( 'NONE', #4149, 4.000000000000002665 ) ;
#4498 = CARTESIAN_POINT ( 'NONE',  ( 21.52098000469652916, 80.33254063774147369, 144.1460192128742221 ) ) ;
#4499 = CARTESIAN_POINT ( 'NONE',  ( 16.23465081659551856, 143.7274294072385885, 17.08995180917505152 ) ) ;
#4500 = CARTESIAN_POINT ( 'NONE',  ( 29.50712026957910439, 137.9605397772520803, 12.99684877618165224 ) ) ;
#4501 = CARTESIAN_POINT ( 'NONE',  ( -17.29841945728179908, 127.7439788961002876, 6.376674995987430705 ) ) ;
#4502 = ORIENTED_EDGE ( 'NONE', *, *, #760, .F. ) ;
#4503 = CARTESIAN_POINT ( 'NONE',  ( -14.56373348840280890, 133.7292586072481981, 11.93737825860852730 ) ) ;
#4504 = CARTESIAN_POINT ( 'NONE',  ( 14.88504962526462982, 165.9236212351653137, 32.55165381730719076 ) ) ;
#4505 = CARTESIAN_POINT ( 'NONE',  ( -7.745864614048637797, 143.0859990193121973, 16.62282736584511866 ) ) ;
#4506 = CARTESIAN_POINT ( 'NONE',  ( -17.37908032599194641, 174.5515048773483784, 38.60209634122782774 ) ) ;
#4507 = FACE_BOUND ( 'NONE', #718, .T. ) ;
#4508 = CARTESIAN_POINT ( 'NONE',  ( -2.190374824435133316, 167.1084670924032025, 33.18090872637974087 ) ) ;
#4509 = CARTESIAN_POINT ( 'NONE',  ( -14.52323827245372456, 150.9771790208559423, 22.17357919576609504 ) ) ;
#4510 = CARTESIAN_POINT ( 'NONE',  ( -14.01217303185598162, 148.3023208270870441, 20.29602571358138263 ) ) ;
#4511 = CARTESIAN_POINT ( 'NONE',  ( 8.778075298315807018, 131.2987407302683494, 8.138271087496541156 ) ) ;
#4512 = EDGE_CURVE ( 'NONE', #6538, #1116, #3108, .T. ) ;
#4513 = CARTESIAN_POINT ( 'NONE',  ( 0.9202226614502082569, 133.6270041278851579, 9.774941126652707979 ) ) ;
#4514 = CARTESIAN_POINT ( 'NONE',  ( 17.36375435118204180, 166.0752356301130135, 32.65220724948925124 ) ) ;
#4515 = CARTESIAN_POINT ( 'NONE',  ( 27.89897496079355932, 156.5851669925661156, 25.44316107211360389 ) ) ;
#4516 = CARTESIAN_POINT ( 'NONE',  ( 13.07862968481288313, 129.8806803912475232, 10.46938133778009217 ) ) ;
#4517 = CARTESIAN_POINT ( 'NONE',  ( 33.12933649163556993, 170.3402231317458586, 35.67073343332955204 ) ) ;
#4518 = CARTESIAN_POINT ( 'NONE',  ( 8.048583645395629205, 137.0135357087099806, 12.23104397520124920 ) ) ;
#4519 = CARTESIAN_POINT ( 'NONE',  ( 19.65892573774505081, 133.6860667722716016, 10.05600360929878612 ) ) ;
#4520 = CARTESIAN_POINT ( 'NONE',  ( 25.56355530377700802, 137.1581044107152536, 12.43536891382831300 ) ) ;
#4521 = ORIENTED_EDGE ( 'NONE', *, *, #452, .T. ) ;
#4522 = DIRECTION ( 'NONE',  ( -0.0007442459860544277123, -0.5767790251485576114, 0.8168998728403572551 ) ) ;
#4523 = AXIS2_PLACEMENT_3D ( 'NONE', #6400, #4713, #4255 ) ;
#4524 = CARTESIAN_POINT ( 'NONE',  ( -19.39199702248576074, 162.4530343766764418, 32.21364285463265276 ) ) ;
#4525 = CARTESIAN_POINT ( 'NONE',  ( -10.61122748105584712, 173.2554491996264403, 37.47429004289114829 ) ) ;
#4526 = ORIENTED_EDGE ( 'NONE', *, *, #5655, .T. ) ;
#4527 = CARTESIAN_POINT ( 'NONE',  ( -21.20458603826004307, 128.0398463251063959, 7.155820322462425054 ) ) ;
#4528 = CARTESIAN_POINT ( 'NONE',  ( 25.05929660574816609, 141.3957101776493630, 15.42115814167224208 ) ) ;
#4529 = CARTESIAN_POINT ( 'NONE',  ( -4.390791047991384310, 171.2778587142616402, 39.68229152683792904 ) ) ;
#4530 = CARTESIAN_POINT ( 'NONE',  ( 29.49705794148288263, 143.7626612225703013, 17.07254163889324161 ) ) ;
#4531 = CARTESIAN_POINT ( 'NONE',  ( -9.338499316281241747, 128.0776760742603528, 5.921319472861230615 ) ) ;
#4532 = ORIENTED_EDGE ( 'NONE', *, *, #6656, .T. ) ;
#4533 = DIRECTION ( 'NONE',  ( -0.0007442450898864459837, -0.5767790250261926044, 0.8168998729275703807 ) ) ;
#4534 = CARTESIAN_POINT ( 'NONE',  ( 13.06008267090017760, 160.5026985162337212, 28.74464488330870893 ) ) ;
#4535 = CARTESIAN_POINT ( 'NONE',  ( -8.008250926202970632, 142.0065731968273894, 15.85466359715107032 ) ) ;
#4536 = CARTESIAN_POINT ( 'NONE',  ( -18.02823472887028089, 174.5519768122759672, 38.59982198179729096 ) ) ;
#4537 = CARTESIAN_POINT ( 'NONE',  ( 14.53064431372870047, 148.9963366252359833, 20.75052968743255732 ) ) ;
#4538 = VECTOR ( 'NONE', #1934, 1000.000000000000000 ) ;
#4539 = CARTESIAN_POINT ( 'NONE',  ( -6.134773283256990339, 167.0962791250393025, 33.18813487130805839 ) ) ;
#4540 = CARTESIAN_POINT ( 'NONE',  ( -11.20037595935856523, 151.7132966810687549, 22.71376654565251840 ) ) ;
#4541 = CARTESIAN_POINT ( 'NONE',  ( -12.73362571329374227, 148.2989198419407728, 20.30402326486130349 ) ) ;
#4542 = CARTESIAN_POINT ( 'NONE',  ( 17.42412444750253186, 131.1566274756226562, 8.361908968683607668 ) ) ;
#4543 = B_SPLINE_CURVE_WITH_KNOTS ( 'NONE', 3,
 ( #2732, #2152, #5381, #3226, #4409, #2691, #4876, #6061, #4342, #3799, #4913, #3871, #40, #8, #3999, #5112, #106, #171 ),
 .UNSPECIFIED., .F., .F.,
 ( 4, 2, 2, 2, 2, 2, 2, 2, 4 ),
 ( 0.008128811693078087652, 0.008787772466636653915, 0.009446733240195220177, 0.01010569401375378817, 0.01076465478731235444, 0.01142361556087092070, 0.01208257633442948870, 0.01274153710798805496, 0.01340049788154662122 ),
 .UNSPECIFIED. ) ;
#4544 = CARTESIAN_POINT ( 'NONE',  ( 26.72773364872204027, 166.3489855366982511, 32.87355735268962320 ) ) ;
#4545 = CARTESIAN_POINT ( 'NONE',  ( -17.35692796076263633, 161.7352450151531400, 29.69365066011753385 ) ) ;
#4546 = DIRECTION ( 'NONE',  ( -1.168050801395786000E-19, 0.8189665403419611467, 0.5738412723047365827 ) ) ;
#4547 = CARTESIAN_POINT ( 'NONE',  ( 15.00435439224029821, 130.3044578031001777, 10.77034739467063140 ) ) ;
#4548 = CARTESIAN_POINT ( 'NONE',  ( -17.34825562660113363, 156.7290519868789147, 26.18932484529382165 ) ) ;
#4549 = CIRCLE ( 'NONE', #672, 2.599999999999998757 ) ;
#4550 = CARTESIAN_POINT ( 'NONE',  ( -17.30825570080987319, 133.5605230142103608, 10.14344937170308469 ) ) ;
#4551 = CARTESIAN_POINT ( 'NONE',  ( 10.16537956051901936, 132.2797128944910128, 8.862151328776658232 ) ) ;
#4552 = ORIENTED_EDGE ( 'NONE', *, *, #5160, .F. ) ;
#4553 = CARTESIAN_POINT ( 'NONE',  ( 26.63102021311371814, 166.3024016786955599, 34.97345075623313448 ) ) ;
#4554 = EDGE_CURVE ( 'NONE', #2575, #3208, #4264, .T. ) ;
#4555 = EDGE_CURVE ( 'NONE', #3443, #1985, #1135, .T. ) ;
#4556 = CARTESIAN_POINT ( 'NONE',  ( -14.48633638801589285, 129.6466958430360137, 7.305002531128229393 ) ) ;
#4557 = CARTESIAN_POINT ( 'NONE',  ( -9.044189836082582090, 140.6913686210457115, 14.91360484678016185 ) ) ;
#4558 = ORIENTED_EDGE ( 'NONE', *, *, #6174, .F. ) ;
#4559 = CARTESIAN_POINT ( 'NONE',  ( -21.20359721951322740, 127.4414625919674791, 6.797655632035076501 ) ) ;
#4560 = CARTESIAN_POINT ( 'NONE',  ( 5.363905132754642757, 129.0670863742779773, 8.663767628365915741 ) ) ;
#4561 = CARTESIAN_POINT ( 'NONE',  ( -10.34570595262974813, 140.8319760037062167, 15.00646338559835513 ) ) ;
#4562 = CARTESIAN_POINT ( 'NONE',  ( 22.14044430595877699, 143.7382287425637060, 17.08915904693658661 ) ) ;
#4563 = CARTESIAN_POINT ( 'NONE',  ( 8.063082207057533424, 128.7020519187920513, 6.285447267833560225 ) ) ;
#4564 = ORIENTED_EDGE ( 'NONE', *, *, #2928, .F. ) ;
#4565 = CARTESIAN_POINT ( 'NONE',  ( -16.91450840210611517, 145.3735815926637258, 20.15680872793709710 ) ) ;
#4566 = CARTESIAN_POINT ( 'NONE',  ( 17.78425291579114997, 167.6626278848476943, 33.78156793254787971 ) ) ;
#4567 = CARTESIAN_POINT ( 'NONE',  ( -9.672375150938696819, 144.9978599683169023, 17.97811317769585671 ) ) ;
#4568 = CARTESIAN_POINT ( 'NONE',  ( -10.72681454010180424, 174.5511883232574348, 38.61896948626303328 ) ) ;
#4569 = CARTESIAN_POINT ( 'NONE',  ( -19.52738784110320935, 162.7264929917369045, 30.11850369245518522 ) ) ;
#4570 = CARTESIAN_POINT ( 'NONE',  ( -6.145827226047395619, 173.7420116415042344, 37.81390164333516424 ) ) ;
#4571 = CARTESIAN_POINT ( 'NONE',  ( -11.96996454367980434, 151.7142362480359736, 22.71052921078770126 ) ) ;
#4572 = CARTESIAN_POINT ( 'NONE',  ( -8.066039966411132411, 148.2967340054052272, 20.31865766093435255 ) ) ;
#4573 = CARTESIAN_POINT ( 'NONE',  ( -21.20784173809132511, 130.0118359625194557, 8.332376652757655933 ) ) ;
#4574 = VERTEX_POINT ( 'NONE', #5451 ) ;
#4575 = CARTESIAN_POINT ( 'NONE',  ( 29.44386205864169170, 163.4098540196884528, 30.81897782128245211 ) ) ;
#4576 = CARTESIAN_POINT ( 'NONE',  ( 14.52765533744366344, 161.8202314120674714, 29.65138940515951660 ) ) ;
#4577 = CARTESIAN_POINT ( 'NONE',  ( 12.44866343051770485, 130.3282807296697854, 9.560699151493459169 ) ) ;
#4578 = CARTESIAN_POINT ( 'NONE',  ( -11.75314747778216784, 164.9296843250762663, 28.21724333099223969 ) ) ;
#4579 = CARTESIAN_POINT ( 'NONE',  ( -13.00475477954766212, 156.7182344835133563, 26.21544604499093012 ) ) ;
#4580 = CARTESIAN_POINT ( 'NONE',  ( 33.19277176911830907, 133.7068279464329237, 10.05986199679542636 ) ) ;
#4581 = CARTESIAN_POINT ( 'NONE',  ( -13.98419098641365110, 132.1620693813039793, 8.969994383066254073 ) ) ;
#4582 = EDGE_LOOP ( 'NONE', ( #2842, #1857, #5668, #5087 ) ) ;
#4583 = CARTESIAN_POINT ( 'NONE',  ( 1.090779931982731821, 171.1579358726385465, 38.37847280610347411 ) ) ;
#4584 = CARTESIAN_POINT ( 'NONE',  ( -7.240447371346937722, 130.5508691990287673, 7.599563151029665065 ) ) ;
#4585 = ADVANCED_FACE ( 'NONE', ( #2822 ), #2133, .T. ) ;
#4586 = DIRECTION ( 'NONE',  ( 0.0000000000000000000, 0.8189665403419625900, 0.5738412723047346953 ) ) ;
#4587 = CARTESIAN_POINT ( 'NONE',  ( 20.45407802324594471, 144.9376244473714053, 21.10718277824104661 ) ) ;
#4588 = CARTESIAN_POINT ( 'NONE',  ( 31.36246215125116521, 128.5424269522563065, 6.570187341959049299 ) ) ;
#4589 = CARTESIAN_POINT ( 'NONE',  ( -4.536752861228102951, 135.9251865240183577, 11.47466802438980693 ) ) ;
#4590 = DIRECTION ( 'NONE',  ( 0.0000000000000000000, 0.8169000991682618951, 0.5767791847656120741 ) ) ;
#4591 = CARTESIAN_POINT ( 'NONE',  ( 24.89917443375578898, 143.7473624458482959, 17.08296805457037948 ) ) ;
#4592 = CARTESIAN_POINT ( 'NONE',  ( 12.23017473404330957, 128.6705488240197894, 6.340578183410439550 ) ) ;
#4593 = EDGE_LOOP ( 'NONE', ( #6029, #3252, #6999, #4626 ) ) ;
#4594 = CARTESIAN_POINT ( 'NONE',  ( -2.092220568033038575, 130.5738949543741683, 7.596332682116510249 ) ) ;
#4595 = CARTESIAN_POINT ( 'NONE',  ( 16.86719783798186967, 167.0684302475830521, 32.75061214310357371 ) ) ;
#4596 = CARTESIAN_POINT ( 'NONE',  ( 24.42974228862961183, 142.7397556938010155, 16.37176910820684839 ) ) ;
#4597 = DIRECTION ( 'NONE',  ( 0.0000000000000000000, 0.8189665403419609246, 0.5738412723047369157 ) ) ;
#4598 = DIRECTION ( 'NONE',  ( -0.0007442459860544277123, -0.5767790251485576114, 0.8168998728403572551 ) ) ;
#4599 = CARTESIAN_POINT ( 'NONE',  ( -11.70437900276789556, 205.7523945373972651, -23.18560470163988185 ) ) ;
#4600 = CARTESIAN_POINT ( 'NONE',  ( 1.754312230709550224, 167.1229982130955989, 33.17066589207549754 ) ) ;
#4601 = CARTESIAN_POINT ( 'NONE',  ( -17.98744950709609114, 150.9896203566876807, 22.14731724174623295 ) ) ;
#4602 = CARTESIAN_POINT ( 'NONE',  ( 8.748370848552941226, 148.3621464770631349, 20.26705526055674866 ) ) ;
#4603 = CARTESIAN_POINT ( 'NONE',  ( -17.30265952056272738, 130.2414606948991320, 8.015154636604016503 ) ) ;
#4604 = VERTEX_POINT ( 'NONE', #2684 ) ;
#4605 = CARTESIAN_POINT ( 'NONE',  ( 31.20400244192007122, 157.1196143861461678, 28.49403282808759386 ) ) ;
#4606 = CARTESIAN_POINT ( 'NONE',  ( -13.86579230563974541, 161.7318139050717321, 29.70715334088197679 ) ) ;
#4607 = CARTESIAN_POINT ( 'NONE',  ( -10.34572296080703246, 145.0666754469462489, 18.02438367613956061 ) ) ;
#4608 = CARTESIAN_POINT ( 'NONE',  ( 0.04588735562171743915, 128.7284135177637552, 8.419799774783214730 ) ) ;
#4609 = CARTESIAN_POINT ( 'NONE',  ( 29.99094332904419602, 161.9992387772798565, 29.26183553150755046 ) ) ;
#4610 = CARTESIAN_POINT ( 'NONE',  ( -7.294697092261982263, 161.7383937922329267, 29.71400925551248662 ) ) ;
#4611 = CARTESIAN_POINT ( 'NONE',  ( 27.67247876534694129, 135.3543542414488172, 11.17115723112693715 ) ) ;
#4612 = CARTESIAN_POINT ( 'NONE',  ( -9.345739657877542683, 132.2704529327361058, 8.827165189056241701 ) ) ;
#4613 = ORIENTED_EDGE ( 'NONE', *, *, #137, .F. ) ;
#4614 = CARTESIAN_POINT ( 'NONE',  ( 31.18145892033104261, 158.6667158479393436, 30.81049651910936049 ) ) ;
#4615 = CARTESIAN_POINT ( 'NONE',  ( 13.40441944128246554, 130.5166356572551081, 7.699259673850599839 ) ) ;
#4616 = CARTESIAN_POINT ( 'NONE',  ( 8.768101609512173766, 137.0084476411742287, 12.24006294582818910 ) ) ;
#4617 = B_SPLINE_CURVE_WITH_KNOTS ( 'NONE', 3,
 ( #1882, #5717, #2451, #4631 ),
 .UNSPECIFIED., .F., .F.,
 ( 4, 4 ),
 ( 0.0000000000000000000, 1.000000000000000000 ),
 .UNSPECIFIED. ) ;
#4618 = CARTESIAN_POINT ( 'NONE',  ( 14.69582498060831455, 156.1605797887754647, 25.72591046189911523 ) ) ;
#4619 = CARTESIAN_POINT ( 'NONE',  ( 1.608582138051134924, 171.2493483309590658, 36.30750826666223219 ) ) ;
#4620 = CARTESIAN_POINT ( 'NONE',  ( -13.80729647738130872, 127.9479227035411100, 6.094986686552755550 ) ) ;
#4621 = CARTESIAN_POINT ( 'NONE',  ( -14.74515341988132633, 137.1738296353530586, 12.41066723742533995 ) ) ;
#4622 = CARTESIAN_POINT ( 'NONE',  ( 30.20257635770603244, 159.5951153688791919, 27.50851067863135313 ) ) ;
#4623 = EDGE_CURVE ( 'NONE', #5564, #1718, #2639, .T. ) ;
#4624 = CARTESIAN_POINT ( 'NONE',  ( -7.253375935784623252, 137.9338296335991174, 12.94411858391708492 ) ) ;
#4625 = CARTESIAN_POINT ( 'NONE',  ( 13.40865589441808403, 128.0782181937611313, 5.976704004019007144 ) ) ;
#4626 = ORIENTED_EDGE ( 'NONE', *, *, #6734, .F. ) ;
#4627 = AXIS2_PLACEMENT_3D ( 'NONE', #4302, #72, #4446 ) ;
#4628 = CARTESIAN_POINT ( 'NONE',  ( 18.26596798984443382, 147.3516353280376165, 19.62194097322722186 ) ) ;
#4629 = CARTESIAN_POINT ( 'NONE',  ( 20.45226283701898495, 167.8664100840985043, 33.92951415373813262 ) ) ;
#4630 = CARTESIAN_POINT ( 'NONE',  ( 21.75001031437812316, 146.2694103436790840, 18.86357274834541897 ) ) ;
#4631 = CARTESIAN_POINT ( 'NONE',  ( -21.71965471382254265, 161.8910534230324174, 29.76078172518917953 ) ) ;
#4632 = CARTESIAN_POINT ( 'NONE',  ( -15.39984012141076164, 170.2779563652962338, 35.63956334741983056 ) ) ;
#4633 = CARTESIAN_POINT ( 'NONE',  ( 13.34560842616793508, 148.0268822284171790, 20.06792988419227797 ) ) ;
#4634 = CARTESIAN_POINT ( 'NONE',  ( 16.34718067785716755, 161.4057745777463992, 21.48000860805250412 ) ) ;
#4635 = ADVANCED_FACE ( 'NONE', ( #5622 ), #6247, .F. ) ;
#4636 = CARTESIAN_POINT ( 'NONE',  ( -14.01681169861901921, 150.9757088394990205, 22.17692216997338406 ) ) ;
#4637 = EDGE_CURVE ( 'NONE', #3208, #2575, #164, .T. ) ;
#4638 = CARTESIAN_POINT ( 'NONE',  ( -15.35716146561880890, 145.6372745991356226, 18.39992317484248474 ) ) ;
#4639 = CARTESIAN_POINT ( 'NONE',  ( -13.81281142255138583, 131.1685924579427365, 8.267762174578141554 ) ) ;
#4640 = ORIENTED_EDGE ( 'NONE', *, *, #2937, .F. ) ;
#4641 = CARTESIAN_POINT ( 'NONE',  ( 0.02602875003677915244, 129.5451513950019944, 8.996446329048065849 ) ) ;
#4642 = CYLINDRICAL_SURFACE ( 'NONE', #6919, 6.500000000000000888 ) ;
#4643 = CARTESIAN_POINT ( 'NONE',  ( 29.77033394085569640, 159.1581374510217017, 27.84711058819176799 ) ) ;
#4644 = CARTESIAN_POINT ( 'NONE',  ( -12.92885974892034184, 143.2337950953896382, 16.70360387319901818 ) ) ;
#4645 = CIRCLE ( 'NONE', #883, 14.75000000032855851 ) ;
#4646 = LINE ( 'NONE', #5663, #6701 ) ;
#4647 = CARTESIAN_POINT ( 'NONE',  ( -14.52440781172731654, 135.7107629425895539, 13.33647188616353141 ) ) ;
#4648 = CARTESIAN_POINT ( 'NONE',  ( 20.85563532563434563, 168.0899319467283703, 33.77194736614741544 ) ) ;
#4649 = CARTESIAN_POINT ( 'NONE',  ( 14.52765533744366344, 161.8202314120674714, 29.65138940515951660 ) ) ;
#4650 = CARTESIAN_POINT ( 'NONE',  ( -15.33640382548173520, 133.6278987336208672, 10.05241032437456639 ) ) ;
#4651 = CARTESIAN_POINT ( 'NONE',  ( 4.882909643869629335, 132.3041047351426016, 8.814389487579454396 ) ) ;
#4652 = CARTESIAN_POINT ( 'NONE',  ( -19.84932372816654933, 167.4902295795347413, 33.43807362863010013 ) ) ;
#4653 = ORIENTED_EDGE ( 'NONE', *, *, #832, .T. ) ;
#4654 = CARTESIAN_POINT ( 'NONE',  ( 28.93849596100196919, 164.2022464548603011, 34.71686098074660265 ) ) ;
#4655 = CARTESIAN_POINT ( 'NONE',  ( -12.70264352159454191, 130.4655338996329021, 7.707550372186067200 ) ) ;
#4656 = CARTESIAN_POINT ( 'NONE',  ( -16.32799638776701201, 136.9409238305535439, 12.27422564688410134 ) ) ;
#4657 = ADVANCED_BREP_SHAPE_REPRESENTATION ( 'Viper Face Plate', ( #5787, #1398 ), #148 ) ;
#4658 = PRESENTATION_LAYER_ASSIGNMENT (  '', '', ( #6163 ) ) ;
#4659 = CARTESIAN_POINT ( 'NONE',  ( 16.74699246846895662, 167.2023635678136486, 33.45550369461304996 ) ) ;
#4660 = CARTESIAN_POINT ( 'NONE',  ( -7.003651467230274541, 68.73415453493912253, 136.0134560605162051 ) ) ;
#4661 = CARTESIAN_POINT ( 'NONE',  ( 27.12772800090864322, 137.3472971741443587, 13.85663111955624771 ) ) ;
#4662 = CARTESIAN_POINT ( 'NONE',  ( 2.714950842444222801, 128.2345590548798384, 9.297681588187606039 ) ) ;
#4663 = CARTESIAN_POINT ( 'NONE',  ( 30.00761467829871165, 161.9737196771212950, 29.18776663155766471 ) ) ;
#4664 = CARTESIAN_POINT ( 'NONE',  ( 31.34627398938334153, 137.9611442874945055, 13.00052862138637089 ) ) ;
#4665 = CARTESIAN_POINT ( 'NONE',  ( 17.42963813293244968, 127.9565678929978674, 6.159795617199731232 ) ) ;
#4666 = EDGE_LOOP ( 'NONE', ( #2961, #579 ) ) ;
#4667 = CARTESIAN_POINT ( 'NONE',  ( 16.02132313787558715, 149.1947344902899317, 20.89720916392971972 ) ) ;
#4668 = CARTESIAN_POINT ( 'NONE',  ( 19.05438821847361908, 168.0394351496423724, 34.04908103929852103 ) ) ;
#4669 = CARTESIAN_POINT ( 'NONE',  ( -5.847581593566320457, 171.1079673013937281, 38.33687081001595232 ) ) ;
#4670 = CARTESIAN_POINT ( 'NONE',  ( 29.63692634356244682, 138.3911751671756178, 15.26923311920581483 ) ) ;
#4671 = CARTESIAN_POINT ( 'NONE',  ( 4.816893688689895647, 170.3121887548334428, 35.64074406817074703 ) ) ;
#4672 = CARTESIAN_POINT ( 'NONE',  ( -19.43006034645031121, 152.1052462149960434, 26.13160555707258581 ) ) ;
#4673 = DIRECTION ( 'NONE',  ( 0.0007442459860544280376, 0.5767790251485573894, -0.8168998728403574772 ) ) ;
#4674 = CARTESIAN_POINT ( 'NONE',  ( 33.16737577570507511, 148.3844629743534824, 20.29557204344575894 ) ) ;
#4675 = CARTESIAN_POINT ( 'NONE',  ( -15.35381187682105342, 143.7121539068712082, 17.03371307246798239 ) ) ;
#4676 = CARTESIAN_POINT ( 'NONE',  ( -0.7424111112569460325, 130.5685991593802839, 7.590366963893840691 ) ) ;
#4677 = VERTEX_POINT ( 'NONE', #3095 ) ;
#4678 = CARTESIAN_POINT ( 'NONE',  ( 12.82097568466806692, 131.2467627128503409, 10.20954027869230352 ) ) ;
#4679 = CARTESIAN_POINT ( 'NONE',  ( 1.608582138051134924, 171.2493483309590658, 36.30750826666223219 ) ) ;
#4680 = CARTESIAN_POINT ( 'NONE',  ( 22.86277617413675500, 154.0486460790652643, 24.28901830075595569 ) ) ;
#4681 = EDGE_CURVE ( 'NONE', #5642, #3861, #1205, .T. ) ;
#4682 = CARTESIAN_POINT ( 'NONE',  ( 17.27699067294787483, 145.1605287824902462, 18.09015983937127459 ) ) ;
#4683 = CARTESIAN_POINT ( 'NONE',  ( 21.58447859962503657, 134.1618598988950737, 12.27575324155784209 ) ) ;
#4684 = CARTESIAN_POINT ( 'NONE',  ( 28.85516461007650690, 164.5245807880394295, 31.59841393462064474 ) ) ;
#4685 = CARTESIAN_POINT ( 'NONE',  ( 0.04588735562171743915, 128.7284135177637552, 8.419799774783214730 ) ) ;
#4686 = CARTESIAN_POINT ( 'NONE',  ( -13.84844756680206856, 151.7182741822881837, 22.70014391503963225 ) ) ;
#4687 = CARTESIAN_POINT ( 'NONE',  ( 17.41697614756825274, 135.3226105823225396, 11.19102531986449023 ) ) ;
#4688 = CARTESIAN_POINT ( 'NONE',  ( 17.42239690279639674, 132.1638818425278146, 9.044948289346239179 ) ) ;
#4689 = CARTESIAN_POINT ( 'NONE',  ( 0.3268435545534901787, 172.0547880518581394, 36.62960379556284352 ) ) ;
#4690 = ORIENTED_EDGE ( 'NONE', *, *, #589, .T. ) ;
#4691 = DIRECTION ( 'NONE',  ( -0.0007442450898864460922, -0.5767790250261927154, 0.8168998729275704918 ) ) ;
#4692 = CARTESIAN_POINT ( 'NONE',  ( -19.25226189694518197, 129.3677547689272274, 7.690299709908226866 ) ) ;
#4693 = CARTESIAN_POINT ( 'NONE',  ( -13.82279045265876860, 136.9656865866416240, 12.24516136450515269 ) ) ;
#4694 = CARTESIAN_POINT ( 'NONE',  ( -2.207229968426212885, 161.3695528293442578, 25.72460254920801859 ) ) ;
#4695 = CYLINDRICAL_SURFACE ( 'NONE', #6243, 1.099999999999983435 ) ;
#4696 = CARTESIAN_POINT ( 'NONE',  ( 8.064069187229311098, 128.1337484740380148, 5.884464331979893714 ) ) ;
#4697 = DIRECTION ( 'NONE',  ( -0.0007442459860544277123, -0.5767790251485576114, 0.8168998728403572551 ) ) ;
#4698 = CARTESIAN_POINT ( 'NONE',  ( 29.77365780237947135, 162.8528297803639475, 29.80825656402182844 ) ) ;
#4699 = CARTESIAN_POINT ( 'NONE',  ( 33.18039617223219295, 140.8689105269532433, 15.03337032708229515 ) ) ;
#4700 = ORIENTED_EDGE ( 'NONE', *, *, #6015, .T. ) ;
#4701 = CARTESIAN_POINT ( 'NONE',  ( 16.98857954512845936, 145.2232126283513765, 18.13333885694415670 ) ) ;
#4702 = CARTESIAN_POINT ( 'NONE',  ( 19.60808643714493726, 168.0216440169440659, 33.42713001521342875 ) ) ;
#4703 = CARTESIAN_POINT ( 'NONE',  ( -2.096030000140284066, 129.5729757916084566, 9.014158654648602109 ) ) ;
#4704 = DIRECTION ( 'NONE',  ( -1.118896642005043226E-13, 0.8169000990817231189, 0.5767791848881778094 ) ) ;
#4705 = CARTESIAN_POINT ( 'NONE',  ( 12.15790433502369083, 170.3208152801196036, 35.64658736581857568 ) ) ;
#4706 = CARTESIAN_POINT ( 'NONE',  ( -17.41919851024655941, 142.3656160753617712, 19.25668980773330574 ) ) ;
#4707 = CARTESIAN_POINT ( 'NONE',  ( 17.55046145752044140, 168.9339199906092688, 26.75514146718585806 ) ) ;
#4708 = CARTESIAN_POINT ( 'NONE',  ( 16.22666137415449938, 148.3453562477318144, 20.30941732625699103 ) ) ;
#4709 = CARTESIAN_POINT ( 'NONE',  ( 12.20393372183675318, 143.7363253014182760, 17.06733812671259898 ) ) ;
#4710 = CARTESIAN_POINT ( 'NONE',  ( -12.95789629692447953, 129.7120501832571335, 7.215746189684790757 ) ) ;
#4711 = ORIENTED_EDGE ( 'NONE', *, *, #882, .T. ) ;
#4712 = CARTESIAN_POINT ( 'NONE',  ( 26.63102021311371814, 166.3024016786955599, 34.97345075623313448 ) ) ;
#4713 = DIRECTION ( 'NONE',  ( 0.0007442459860544277123, 0.5767790251485576114, -0.8168998728403572551 ) ) ;
#4714 = CARTESIAN_POINT ( 'NONE',  ( 29.80987083870470045, 158.0039480866716985, 27.04050459859691813 ) ) ;
#4715 = CARTESIAN_POINT ( 'NONE',  ( -19.83406489591826372, 163.9174618780887158, 34.47135168868418020 ) ) ;
#4716 = CARTESIAN_POINT ( 'NONE',  ( 29.19751821423354343, 139.5488630906735921, 16.08622808587855957 ) ) ;
#4717 = CARTESIAN_POINT ( 'NONE',  ( -15.72768087642740298, 139.6396816386948956, 16.10942171756224894 ) ) ;
#4718 = LINE ( 'NONE', #1544, #4087 ) ;
#4719 = CARTESIAN_POINT ( 'NONE',  ( 24.87658496782875162, 156.7922312047591049, 26.20363248616647311 ) ) ;
#4720 = AXIS2_PLACEMENT_3D ( 'NONE', #4456, #5572, #2875 ) ;
#4721 = CARTESIAN_POINT ( 'NONE',  ( -7.243449381451775082, 132.2744974656523596, 8.826597890909365418 ) ) ;
#4722 = EDGE_CURVE ( 'NONE', #628, #4795, #5693, .T. ) ;
#4723 = CARTESIAN_POINT ( 'NONE',  ( -11.93433269640328653, 131.2348558275402013, 8.178076006798178810 ) ) ;
#4724 = EDGE_CURVE ( 'NONE', #6715, #5093, #693, .T. ) ;
#4725 = DIRECTION ( 'NONE',  ( 0.0000000000000000000, 0.8169000990817225638, 0.5767791848881785866 ) ) ;
#4726 = ORIENTED_EDGE ( 'NONE', *, *, #979, .F. ) ;
#4727 = CARTESIAN_POINT ( 'NONE',  ( 31.18220316541354009, 159.2434948729502651, 29.99359664617411170 ) ) ;
#4728 = CARTESIAN_POINT ( 'NONE',  ( 8.543506894571210708, 164.7080311159644452, 35.05539337625367580 ) ) ;
#4729 = CARTESIAN_POINT ( 'NONE',  ( -21.27689269613935608, 170.2833314087775420, 35.61740339891530738 ) ) ;
#4730 = EDGE_CURVE ( 'NONE', #3028, #6036, #6827, .T. ) ;
#4731 = CARTESIAN_POINT ( 'NONE',  ( -7.253375935784623252, 137.9338296335991174, 12.94411858391708492 ) ) ;
#4732 = CARTESIAN_POINT ( 'NONE',  ( 15.20177068922355623, 166.2003711568114852, 32.74703716734273229 ) ) ;
#4733 = CYLINDRICAL_SURFACE ( 'NONE', #4768, 10.00000000000000533 ) ;
#4734 = CARTESIAN_POINT ( 'NONE',  ( -0.8005430774263858629, 134.5523290637516993, 11.85777600894925854 ) ) ;
#4735 = CARTESIAN_POINT ( 'NONE',  ( 28.17220754865556387, 165.5423810953041937, 31.70577786996350156 ) ) ;
#4736 = CARTESIAN_POINT ( 'NONE',  ( 31.34124255454817742, 140.8666352629451808, 15.03206874181531383 ) ) ;
#4737 = ORIENTED_EDGE ( 'NONE', *, *, #4623, .F. ) ;
#4738 = CARTESIAN_POINT ( 'NONE',  ( 18.01892974558596805, 148.0180277589089428, 20.08596779448096825 ) ) ;
#4739 = CARTESIAN_POINT ( 'NONE',  ( 30.98441196378156093, 141.8882170998213894, 17.73957662496288279 ) ) ;
#4740 = CARTESIAN_POINT ( 'NONE',  ( -1.035638075340600706, 129.5435903550244063, 8.994376901026173599 ) ) ;
#4741 = CARTESIAN_POINT ( 'NONE',  ( 31.20252167996680726, 152.3324489886836375, 25.11401309231850476 ) ) ;
#4742 = CARTESIAN_POINT ( 'NONE',  ( -14.55664001053504819, 170.2778877745538182, 35.64174260382321791 ) ) ;
#4743 = CARTESIAN_POINT ( 'NONE',  ( -19.42932289087542941, 152.6820560474776016, 25.31472742982228397 ) ) ;
#4744 = CARTESIAN_POINT ( 'NONE',  ( -13.41633769073316707, 148.3005272168739168, 20.30004980215072052 ) ) ;
#4745 = CARTESIAN_POINT ( 'NONE',  ( 22.13709430991524485, 145.6700122416187355, 18.44588487533285814 ) ) ;
#4746 = CARTESIAN_POINT ( 'NONE',  ( 27.68090288276262356, 130.4498762789170030, 7.829533873200872129 ) ) ;
#4747 = TOROIDAL_SURFACE ( 'NONE', #3609, 8.000000000326549454, 0.5000000000000000000 ) ;
#4748 = ORIENTED_EDGE ( 'NONE', *, *, #2405, .F. ) ;
#4749 = CARTESIAN_POINT ( 'NONE',  ( 2.624203941553751918, 129.6252754751157568, 9.055385704036003958 ) ) ;
#4750 = CARTESIAN_POINT ( 'NONE',  ( 7.641895647065396702, 170.2672858825060587, 35.60996273808643053 ) ) ;
#4751 = CARTESIAN_POINT ( 'NONE',  ( 29.87080661069024856, 159.5042285470920262, 28.08884515332696097 ) ) ;
#4752 = CARTESIAN_POINT ( 'NONE',  ( 17.81157917555397674, 145.6277332863656397, 18.41766256866113949 ) ) ;
#4753 = CARTESIAN_POINT ( 'NONE',  ( 25.19809251513342829, 136.7573696380006254, 12.05459046188254923 ) ) ;
#4754 = CARTESIAN_POINT ( 'NONE',  ( 23.58610662343825837, 167.7125257405868126, 33.82595048321818609 ) ) ;
#4755 = CARTESIAN_POINT ( 'NONE',  ( -7.576289936702607974, 129.4463092327646621, 8.919731817968202137 ) ) ;
#4756 = CARTESIAN_POINT ( 'NONE',  ( 8.742442885652403461, 151.7873712496098904, 22.65755709715836019 ) ) ;
#4757 = CARTESIAN_POINT ( 'NONE',  ( -13.81453872265912253, 132.1718450351435763, 8.956497903849502507 ) ) ;
#4758 = CARTESIAN_POINT ( 'NONE',  ( 29.51849156095482130, 131.3654957008648410, 8.448236190054331018 ) ) ;
#4759 = CIRCLE ( 'NONE', #1902, 2.600000000000009859 ) ;
#4760 = CARTESIAN_POINT ( 'NONE',  ( -10.34707737647475234, 140.9944940736740477, 17.37693549756564337 ) ) ;
#4761 = ORIENTED_EDGE ( 'NONE', *, *, #6094, .T. ) ;
#4762 = CARTESIAN_POINT ( 'NONE',  ( 30.62769467283808567, 162.0987539878451855, 32.00907116493998217 ) ) ;
#4763 = CARTESIAN_POINT ( 'NONE',  ( -0.4262685340810455914, 170.5605188813406699, 37.95527939266478512 ) ) ;
#4764 = B_SPLINE_CURVE_WITH_KNOTS ( 'NONE', 3,
 ( #311, #6393, #348, #3171 ),
 .UNSPECIFIED., .F., .F.,
 ( 4, 4 ),
 ( 0.03056923445298110817, 0.03064267437347146725 ),
 .UNSPECIFIED. ) ;
#4765 = CARTESIAN_POINT ( 'NONE',  ( 17.34898916789203938, 174.5693420624195937, 38.66243940024724424 ) ) ;
#4766 = CARTESIAN_POINT ( 'NONE',  ( -9.351156203932989186, 135.3603168577427880, 11.07126889083187571 ) ) ;
#4767 = DIRECTION ( 'NONE',  ( -0.0007442459860544277123, -0.5767790251485576114, 0.8168998728403572551 ) ) ;
#4768 = AXIS2_PLACEMENT_3D ( 'NONE', #6917, #4770, #6956 ) ;
#4769 = EDGE_CURVE ( 'NONE', #2381, #412, #6659, .T. ) ;
#4770 = DIRECTION ( 'NONE',  ( 0.0001635243220479844868, 0.5738412646324201338, -0.8189665293922949729 ) ) ;
#4771 = ADVANCED_FACE ( 'NONE', ( #1072 ), #3313, .F. ) ;
#4772 = CARTESIAN_POINT ( 'NONE',  ( -13.13179035787966598, 134.2758181890542915, 10.35971825648298150 ) ) ;
#4773 = CARTESIAN_POINT ( 'NONE',  ( 23.61425263793267249, 167.6705899272931788, 33.16696936441112342 ) ) ;
#4774 = CARTESIAN_POINT ( 'NONE',  ( -16.32799638776701201, 136.9409238305535439, 12.27422564688410134 ) ) ;
#4775 = AXIS2_PLACEMENT_3D ( 'NONE', #6238, #4235, #3235 ) ;
#4776 = VERTEX_POINT ( 'NONE', #54 ) ;
#4777 = CARTESIAN_POINT ( 'NONE',  ( 16.83688839531786741, 145.1568711462946908, 18.08658441626809932 ) ) ;
#4778 = CARTESIAN_POINT ( 'NONE',  ( -7.003651467230276317, 80.81391100525212323, 144.4776148271996590 ) ) ;
#4779 = CARTESIAN_POINT ( 'NONE',  ( -8.813760602447691994, 130.6659548006974205, 9.779745417390545370 ) ) ;
#4780 = ORIENTED_EDGE ( 'NONE', *, *, #5689, .F. ) ;
#4781 = CARTESIAN_POINT ( 'NONE',  ( -7.309465488648721809, 170.2850685863305671, 35.64941216965497262 ) ) ;
#4782 = CARTESIAN_POINT ( 'NONE',  ( -13.72265783485611301, 132.0368003565054380, 11.96731038061722607 ) ) ;
#4783 = CARTESIAN_POINT ( 'NONE',  ( -0.2017020040542153725, 157.1523306936859399, 26.23038590447741569 ) ) ;
#4784 = CARTESIAN_POINT ( 'NONE',  ( 18.05418319948573114, 148.3443343568033299, 20.31538358095638586 ) ) ;
#4785 = CARTESIAN_POINT ( 'NONE',  ( 11.53442100430237183, 143.7391094738698030, 17.06172211899517777 ) ) ;
#4786 = CARTESIAN_POINT ( 'NONE',  ( 21.24514298551053315, 129.6690609632771043, 7.361377364398125067 ) ) ;
#4787 = ORIENTED_EDGE ( 'NONE', *, *, #638, .T. ) ;
#4788 = CARTESIAN_POINT ( 'NONE',  ( 28.37275632008240223, 165.2857164760832234, 34.25719844573620065 ) ) ;
#4789 = CARTESIAN_POINT ( 'NONE',  ( 15.68303807857431309, 144.9425103578665812, 17.93262208719700013 ) ) ;
#4790 = CARTESIAN_POINT ( 'NONE',  ( 30.36106978391604727, 159.4195867445006911, 28.02906818516327903 ) ) ;
#4791 = CARTESIAN_POINT ( 'NONE',  ( 21.92511692658581879, 167.7349151600609787, 33.83935834238506146 ) ) ;
#4792 = CARTESIAN_POINT ( 'NONE',  ( 28.21180019526611815, 139.0338457936103396, 13.66466126524508518 ) ) ;
#4793 = CARTESIAN_POINT ( 'NONE',  ( -5.574666109834535810, 134.2918103479600518, 13.56690241915956463 ) ) ;
#4794 = CARTESIAN_POINT ( 'NONE',  ( -1.472727555789186127, 133.1664238088335139, 9.456619813749846060 ) ) ;
#4795 = VERTEX_POINT ( 'NONE', #2671 ) ;
#4796 = CARTESIAN_POINT ( 'NONE',  ( 12.18134296354379487, 156.8023380109752054, 26.15790487917529816 ) ) ;
#4797 = CARTESIAN_POINT ( 'NONE',  ( 27.67646010540455137, 133.0442681026121079, 9.580112227851294904 ) ) ;
#4798 = CARTESIAN_POINT ( 'NONE',  ( 13.40285555490762448, 131.4127501339554840, 8.341186258064709591 ) ) ;
#4799 = CARTESIAN_POINT ( 'NONE',  ( 30.20315661384792705, 150.7182630760170809, 21.94561778494938409 ) ) ;
#4800 = ORIENTED_EDGE ( 'NONE', *, *, #1198, .T. ) ;
#4801 = CARTESIAN_POINT ( 'NONE',  ( 21.54472891638617682, 163.6724704228062421, 25.20613589933813614 ) ) ;
#4802 = CARTESIAN_POINT ( 'NONE',  ( 30.51683899670038258, 161.6321440966861473, 29.57584632577686534 ) ) ;
#4803 = CARTESIAN_POINT ( 'NONE',  ( 7.983431312184070983, 174.5650830787701011, 38.64538103154713156 ) ) ;
#4804 = CARTESIAN_POINT ( 'NONE',  ( 31.35078642441634855, 135.3519727376200592, 11.18362790814989083 ) ) ;
#4805 = CARTESIAN_POINT ( 'NONE',  ( 29.98526448829233360, 158.3040697490597779, 27.24989877029022978 ) ) ;
#4806 = CARTESIAN_POINT ( 'NONE',  ( 31.20168398801809317, 154.1506226526902310, 27.62188936660080785 ) ) ;
#4807 = ORIENTED_EDGE ( 'NONE', *, *, #5618, .T. ) ;
#4808 = CARTESIAN_POINT ( 'NONE',  ( 9.043145329272123334, 131.4592022452965523, 8.255284235138120152 ) ) ;
#4809 = CARTESIAN_POINT ( 'NONE',  ( 24.91617322784721011, 166.0320485349807598, 34.78100331634038866 ) ) ;
#4810 = CARTESIAN_POINT ( 'NONE',  ( 31.34795530029241917, 136.9895290528711485, 12.32273609588269103 ) ) ;
#4811 = ADVANCED_FACE ( 'NONE', ( #6502 ), #5437, .F. ) ;
#4812 = EDGE_CURVE ( 'NONE', #3950, #960, #2597, .T. ) ;
#4813 = ORIENTED_EDGE ( 'NONE', *, *, #4026, .F. ) ;
#4814 = DIRECTION ( 'NONE',  ( 1.118896642005043226E-13, 0.8169000990817231189, 0.5767791848881778094 ) ) ;
#4815 = CARTESIAN_POINT ( 'NONE',  ( 18.31967406131182230, 131.3853177951704083, 11.53651813785280211 ) ) ;
#4816 = CARTESIAN_POINT ( 'NONE',  ( 20.45463620773548286, 142.1026083199058689, 18.18739113405813512 ) ) ;
#4817 = EDGE_LOOP ( 'NONE', ( #353, #747 ) ) ;
#4818 = CARTESIAN_POINT ( 'NONE',  ( -13.02081175430891413, 166.0050029663483429, 32.67717019348751251 ) ) ;
#4819 = CARTESIAN_POINT ( 'NONE',  ( 13.40569487860411257, 129.7843604630275536, 7.177899194902942703 ) ) ;
#4820 = CARTESIAN_POINT ( 'NONE',  ( -15.70053909398346548, 135.4272205470477957, 14.35934309878962978 ) ) ;
#4821 = B_SPLINE_SURFACE_WITH_KNOTS ( 'NONE', 1, 3, ( 
 ( #6239, #711, #5133, #4462, #4560, #2979, #2880, #4020, #6206, #160, #1302, #5675, #2342, #774 ),
 ( #2946, #2408, #4662, #3624, #299, #2441, #2514, #2588, #5817, #2052, #4202, #1409, #2477, #3161 ) ),
 .UNSPECIFIED., .F., .F., .F.,
 ( 2, 2 ),
 ( 4, 2, 2, 2, 2, 2, 4 ),
 ( 0.0000000000000000000, 1.000000000000000000 ),
 ( 0.0000000000000000000, 0.2500000000000304756, 0.3750000000000461853, 0.5000000000000613953, 0.7500000000000582867, 0.8750000000000327516, 1.000000000000000000 ),
 .UNSPECIFIED. ) ;
#4822 = DIRECTION ( 'NONE',  ( -0.0007442459860544277123, -0.5767790251485576114, 0.8168998728403572551 ) ) ;
#4823 = CARTESIAN_POINT ( 'NONE',  ( -14.00418514078359600, 143.7097753908337268, 17.04043064939897434 ) ) ;
#4824 = CARTESIAN_POINT ( 'NONE',  ( 21.22086755275616810, 143.7353474078851718, 17.09099035435238179 ) ) ;
#4825 = CARTESIAN_POINT ( 'NONE',  ( -14.99276136411687332, 129.6220260571078597, 7.338868892161620749 ) ) ;
#4826 = VERTEX_POINT ( 'NONE', #6007 ) ;
#4827 = CARTESIAN_POINT ( 'NONE',  ( 5.123532931236553623, 169.9390096128871050, 38.74565398320626741 ) ) ;
#4828 = CARTESIAN_POINT ( 'NONE',  ( -2.682459376014235453, 128.2062796046764106, 9.272797278035527668 ) ) ;
#4829 = CARTESIAN_POINT ( 'NONE',  ( 19.05832199817558248, 154.5586154622440631, 24.02874978262321548 ) ) ;
#4830 = CARTESIAN_POINT ( 'NONE',  ( 25.77475526748837353, 166.7553579026717330, 33.15719854332780869 ) ) ;
#4831 = CARTESIAN_POINT ( 'NONE',  ( 29.06904639582101169, 139.2892148206629770, 15.90278419573637159 ) ) ;
#4832 = CARTESIAN_POINT ( 'NONE',  ( 20.79262505344338052, 132.9347023472061267, 11.40858690597242564 ) ) ;
#4833 = CARTESIAN_POINT ( 'NONE',  ( 15.73412532377494877, 184.5343281660618686, -38.14180073825684758 ) ) ;
#4834 = CARTESIAN_POINT ( 'NONE',  ( -19.29047066963215684, 151.7378931440608767, 22.65878220920464159 ) ) ;
#4835 = CARTESIAN_POINT ( 'NONE',  ( -0.7468506811591337780, 133.1105149098657705, 9.415643185564453788 ) ) ;
#4836 = CARTESIAN_POINT ( 'NONE',  ( -11.16474516165992092, 131.2510880400556346, 8.156869910174391336 ) ) ;
#4837 =( BOUNDED_SURFACE ( )  B_SPLINE_SURFACE ( 3, 2, ( 
 ( #2543, #6412, #3730 ),
 ( #6378, #5921, #4802 ),
 ( #6986, #3194, #4843 ),
 ( #5960, #7026, #6490 ),
 ( #3768, #1058, #5259 ),
 ( #2069, #4751, #4790 ),
 ( #1505, #4643, #2605 ),
 ( #6901, #897, #3604 ),
 ( #2567, #6826, #4714 ),
 ( #2035, #1468, #6437 ),
 ( #934, #2997, #1388 ),
 ( #5186, #3680, #3716 ),
 ( #6975, #4256, #2530 ),
 ( #282, #6365, #1539 ),
 ( #861, #3106, #5870 ),
 ( #5221, #4181, #3031 ),
 ( #3071, #3140, #6864 ),
 ( #1929, #356, #6938 ),
 ( #1999, #824, #5836 ),
 ( #5332, #5799, #432 ),
 ( #4142, #3565, #3643 ),
 ( #1963, #4109, #6292 ),
 ( #6327, #5293, #2460 ),
 ( #5762, #394, #4221 ),
 ( #6401, #970, #321 ),
 ( #2498, #4680, #1425 ),
 ( #2142, #2755, #2105 ),
 ( #4904, #7087, #1649 ),
 ( #4293, #6475, #3863 ),
 ( #4367, #33, #6513 ),
 ( #5450, #1615, #508 ),
 ( #4829, #6019, #2683 ),
 ( #5908, #3755, #6052 ),
 ( #1578, #1151, #7050 ),
 ( #3827, #472, #3791 ),
 ( #2645, #3324, #5948 ),
 ( #5518, #1686, #5983 ),
 ( #1083, #1045, #3218 ),
 ( #3180, #616, #1720 ),
 ( #2789, #2250, #544 ),
 ( #5373, #6548, #4437 ),
 ( #1119, #3289, #4972 ),
 ( #4936, #4866, #4333 ),
 ( #5485, #7012, #582 ),
 ( #5411, #2720, #3255 ),
 ( #6582, #2177, #2213 ),
 ( #4402, #64, #6616 ),
 ( #1008, #3894, #2858 ),
 ( #3929, #4534, #6214 ),
 ( #2917, #5587, #5044 ),
 ( #3453, #5009, #5651 ),
 ( #6119, #1218, #6778 ),
 ( #3964, #1252, #1308 ),
 ( #3392, #2886, #2821 ),
 ( #6086, #5073, #688 ),
 ( #133, #102, #3424 ),
 ( #720, #5621, #237 ),
 ( #5107, #3485, #6682 ),
 ( #749, #2317, #4469 ),
 ( #1849, #6645, #4504 ),
 ( #2285, #1786, #6154 ),
 ( #2383, #2414, #167 ),
 ( #5140, #2350, #6717 ),
 ( #4595, #3995, #6184 ),
 ( #652, #1819, #204 ),
 ( #4029, #1281, #4566 ),
 ( #6748, #1752, #5681 ),
 ( #781, #2952, #1184 ),
 ( #3355, #5550, #4668 ),
 ( #4702, #5789, #1491 ),
 ( #4209, #3128, #5822 ),
 ( #5318, #4629, #6389 ),
 ( #6887, #886, #1952 ),
 ( #2519, #3631, #5715 ) ),
 .UNSPECIFIED., .F., .F., .F. ) 
 B_SPLINE_SURFACE_WITH_KNOTS ( ( 4, 2, 2, 2, 2, 2, 2, 2, 2, 2, 2, 2, 2, 2, 2, 2, 2, 2, 2, 2, 2, 2, 2, 2, 2, 2, 2, 2, 2, 2, 2, 2, 2, 2, 2, 2, 4 ),
 ( 3, 3 ),
 ( 0.008632972489274099576, 0.009983839248583233419, 0.01133470600789236726, 0.01268557276720150284, 0.01403643952651063669, 0.01471187290616520274, 0.01538730628581977053, 0.01673817304512890611, 0.01808903980443803822, 0.01943990656374717380, 0.02079077332305630937, 0.02146620670271087716, 0.02214164008236544495, 0.02349250684167458053, 0.02484337360098371264, 0.02619424036029284475, 0.02754510711960198033, 0.02889597387891111591, 0.03024684063822025148, 0.03159770739752938706, 0.03294857415683852264, 0.03429944091614765822, 0.03565030767545679380, 0.03700117443476592938, 0.03767660781442049717, 0.03835204119407506496, 0.04105377471269332917, 0.04240464147200245781, 0.04375550823131159339, 0.04443094161096616118, 0.04510637499062072897, 0.04645724174992986455, 0.04780810850923900013, 0.04915897526854813571, 0.04983440864820270350, 0.05050984202785727128, 0.05186070878716640686 ),
 ( 0.0000000000000000000, 1.000000000000000000 ),
 .UNSPECIFIED. ) 
 GEOMETRIC_REPRESENTATION_ITEM ( )  RATIONAL_B_SPLINE_SURFACE ( (
 ( 1.000000000000000000, 0.7069273651331299257, 1.000000000000000000),
 ( 1.000000000000000000, 0.7069008990207955589, 1.000000000000000000),
 ( 1.000000000000000000, 0.7068743869750684361, 1.000000000000000000),
 ( 1.000000000000000000, 0.7068274896582269484, 1.000000000000000000),
 ( 1.000000000000000000, 0.7068069636096774300, 1.000000000000000000),
 ( 1.000000000000000000, 0.7067785328927940203, 1.000000000000000000),
 ( 1.000000000000000000, 0.7067707689449317376, 1.000000000000000000),
 ( 1.000000000000000000, 0.7067754279723593713, 1.000000000000000000),
 ( 1.000000000000000000, 0.7067876888164991156, 1.000000000000000000),
 ( 1.000000000000000000, 0.7068241289341201661, 1.000000000000000000),
 ( 1.000000000000000000, 0.7068392719340910180, 1.000000000000000000),
 ( 1.000000000000000000, 0.7068759262318156100, 1.000000000000000000),
 ( 1.000000000000000000, 0.7068975522135866330, 1.000000000000000000),
 ( 1.000000000000000000, 0.7069712160201175877, 1.000000000000000000),
 ( 1.000000000000000000, 0.7070321071301628457, 1.000000000000000000),
 ( 1.000000000000000000, 0.7071744822838557099, 1.000000000000000000),
 ( 1.000000000000000000, 0.7072559717227907550, 1.000000000000000000),
 ( 1.000000000000000000, 0.7074350001563779466, 1.000000000000000000),
 ( 1.000000000000000000, 0.7075304929685104494, 1.000000000000000000),
 ( 1.000000000000000000, 0.7077244601375645150, 1.000000000000000000),
 ( 1.000000000000000000, 0.7078231421217416885, 1.000000000000000000),
 ( 1.000000000000000000, 0.7079659821652594109, 1.000000000000000000),
 ( 1.000000000000000000, 0.7080128619365517739, 1.000000000000000000),
 ( 1.000000000000000000, 0.7081017985162518791, 1.000000000000000000),
 ( 1.000000000000000000, 0.7081439835251812642, 1.000000000000000000),
 ( 1.000000000000000000, 0.7082613731382068067, 1.000000000000000000),
 ( 1.000000000000000000, 0.7083275480319448647, 1.000000000000000000),
 ( 1.000000000000000000, 0.7084207988655819577, 1.000000000000000000),
 ( 1.000000000000000000, 0.7084474064746399957, 1.000000000000000000),
 ( 1.000000000000000000, 0.7084455280283767920, 1.000000000000000000),
 ( 1.000000000000000000, 0.7084174646421789179, 1.000000000000000000),
 ( 1.000000000000000000, 0.7083036255428100114, 1.000000000000000000),
 ( 1.000000000000000000, 0.7082164834641400120, 1.000000000000000000),
 ( 1.000000000000000000, 0.7079955326799771687, 1.000000000000000000),
 ( 1.000000000000000000, 0.7078628687178964984, 1.000000000000000000),
 ( 1.000000000000000000, 0.7075774833970174260, 1.000000000000000000),
 ( 1.000000000000000000, 0.7074267442082226021, 1.000000000000000000),
 ( 1.000000000000000000, 0.7071408428129858370, 1.000000000000000000),
 ( 1.000000000000000000, 0.7070050988066574060, 1.000000000000000000),
 ( 1.000000000000000000, 0.7067688073840190377, 1.000000000000000000),
 ( 1.000000000000000000, 0.7066687052688629400, 1.000000000000000000),
 ( 1.000000000000000000, 0.7065185510639053756, 1.000000000000000000),
 ( 1.000000000000000000, 0.7064672469323313164, 1.000000000000000000),
 ( 1.000000000000000000, 0.7064051825950131702, 1.000000000000000000),
 ( 1.000000000000000000, 0.7063943799103752363, 1.000000000000000000),
 ( 1.000000000000000000, 0.7063998270779160427, 1.000000000000000000),
 ( 1.000000000000000000, 0.7064154189578947252, 1.000000000000000000),
 ( 1.000000000000000000, 0.7064481066037371360, 1.000000000000000000),
 ( 1.000000000000000000, 0.7064606064838436783, 1.000000000000000000),
 ( 1.000000000000000000, 0.7064878553536233508, 1.000000000000000000),
 ( 1.000000000000000000, 0.7065026740620573564, 1.000000000000000000),
 ( 1.000000000000000000, 0.7065802317453322434, 1.000000000000000000),
 ( 1.000000000000000000, 0.7066506769904381535, 1.000000000000000000),
 ( 1.000000000000000000, 0.7067821779250575975, 1.000000000000000000),
 ( 1.000000000000000000, 0.7068300618545921843, 1.000000000000000000),
 ( 1.000000000000000000, 0.7069348097875640669, 1.000000000000000000),
 ( 1.000000000000000000, 0.7069918621939302872, 1.000000000000000000),
 ( 1.000000000000000000, 0.7070837875442647080, 1.000000000000000000),
 ( 1.000000000000000000, 0.7071156024305085275, 1.000000000000000000),
 ( 1.000000000000000000, 0.7071799549288082520, 1.000000000000000000),
 ( 1.000000000000000000, 0.7072125096880492734, 1.000000000000000000),
 ( 1.000000000000000000, 0.7073102363882924903, 1.000000000000000000),
 ( 1.000000000000000000, 0.7073755017968448300, 1.000000000000000000),
 ( 1.000000000000000000, 0.7074991580573559702, 1.000000000000000000),
 ( 1.000000000000000000, 0.7075578075360419161, 1.000000000000000000),
 ( 1.000000000000000000, 0.7076564698813375687, 1.000000000000000000),
 ( 1.000000000000000000, 0.7076968379010087906, 1.000000000000000000),
 ( 1.000000000000000000, 0.7077404812409064938, 1.000000000000000000),
 ( 1.000000000000000000, 0.7077522317251669914, 1.000000000000000000),
 ( 1.000000000000000000, 0.7077698353123969000, 1.000000000000000000),
 ( 1.000000000000000000, 0.7077756754074362444, 1.000000000000000000),
 ( 1.000000000000000000, 0.7077841063961570756, 1.000000000000000000),
 ( 1.000000000000000000, 0.7077777645001961382, 1.000000000000000000),
 ( 1.000000000000000000, 0.7077618667903856631, 1.000000000000000000) ) ) 
 REPRESENTATION_ITEM ( '' )  SURFACE ( )  );
#4838 = CARTESIAN_POINT ( 'NONE',  ( 31.20177743487951716, 151.7556699636649284, 25.93091296523546063 ) ) ;
#4839 = DIRECTION ( 'NONE',  ( 0.0000000000000000000, 0.8189665403419612577, 0.5738412723047368047 ) ) ;
#4840 = CARTESIAN_POINT ( 'NONE',  ( -17.87480268219029256, 167.4865619728329023, 35.76898959910290898 ) ) ;
#4841 = ORIENTED_EDGE ( 'NONE', *, *, #6300, .F. ) ;
#4842 = VECTOR ( 'NONE', #2163, 1000.000000000000000 ) ;
#4843 = CARTESIAN_POINT ( 'NONE',  ( 30.54754339162544596, 161.2585287823912381, 29.31456692649109286 ) ) ;
#4844 = CARTESIAN_POINT ( 'NONE',  ( -22.58204825657514547, 170.2856223547846639, 35.61092026147799317 ) ) ;
#4845 = CARTESIAN_POINT ( 'NONE',  ( -13.39377700978968022, 135.3289725772511929, 11.10590630600638562 ) ) ;
#4846 = FACE_OUTER_BOUND ( 'NONE', #529, .T. ) ;
#4847 = DIRECTION ( 'NONE',  ( 0.0001635243220480099926, 0.5738412646324208000, -0.8189665293922945288 ) ) ;
#4848 = DIRECTION ( 'NONE',  ( -0.0007442459860544277123, -0.5767790251485576114, 0.8168998728403572551 ) ) ;
#4849 = CARTESIAN_POINT ( 'NONE',  ( 22.95368799889564926, 166.5103833144686121, 35.11694766747611141 ) ) ;
#4850 = CARTESIAN_POINT ( 'NONE',  ( -8.043481491414700812, 135.3612701004685164, 11.07314025787692380 ) ) ;
#4851 = EDGE_LOOP ( 'NONE', ( #5969, #1203 ) ) ;
#4852 = CARTESIAN_POINT ( 'NONE',  ( 26.20670191522846437, 137.3013685018251238, 12.53531352323058634 ) ) ;
#4853 = CARTESIAN_POINT ( 'NONE',  ( 25.43934369032833942, 134.3721962202343718, 13.65191521686742782 ) ) ;
#4854 = CARTESIAN_POINT ( 'NONE',  ( 16.43001372166335372, 155.6558933569820624, 24.77674709314017321 ) ) ;
#4855 = ORIENTED_EDGE ( 'NONE', *, *, #5830, .F. ) ;
#4856 = CARTESIAN_POINT ( 'NONE',  ( -16.31447093841591567, 128.9708562221713919, 7.052578011740584074 ) ) ;
#4857 = DIRECTION ( 'NONE',  ( 0.0000000000000000000, 0.8189665403419612577, 0.5738412723047365827 ) ) ;
#4858 = EDGE_CURVE ( 'NONE', #1890, #5433, #1638, .T. ) ;
#4859 = CARTESIAN_POINT ( 'NONE',  ( -5.799613985998076870, 171.9239064798811398, 38.91301523003998852 ) ) ;
#4860 = CARTESIAN_POINT ( 'NONE',  ( -16.33973997714007353, 143.7138484947011534, 17.02886691137020492 ) ) ;
#4861 = CARTESIAN_POINT ( 'NONE',  ( -22.52595049149467243, 137.8000261780223923, 13.09687951613128298 ) ) ;
#4862 = CARTESIAN_POINT ( 'NONE',  ( -21.20557487741813318, 128.6385640001594197, 7.513509658177152772 ) ) ;
#4863 = ORIENTED_EDGE ( 'NONE', *, *, #5916, .T. ) ;
#4864 = CARTESIAN_POINT ( 'NONE',  ( 16.33584698748356345, 130.6803930227877117, 11.03699268802511924 ) ) ;
#4865 = CARTESIAN_POINT ( 'NONE',  ( -0.4262685071023330496, 170.5605189735750287, 37.95527945782091450 ) ) ;
#4866 = CARTESIAN_POINT ( 'NONE',  ( 13.94971432139764467, 157.8140767762972985, 26.87219279779076686 ) ) ;
#4867 = CARTESIAN_POINT ( 'NONE',  ( -20.34747527482238993, 156.2478201008339340, 25.84592648551214111 ) ) ;
#4868 = CARTESIAN_POINT ( 'NONE',  ( -10.57931823590131870, 171.5676650417871940, 38.65713336779404585 ) ) ;
#4869 = CARTESIAN_POINT ( 'NONE',  ( 14.09799080276392758, 145.3831103396896651, 18.23101914915734412 ) ) ;
#4870 = EDGE_CURVE ( 'NONE', #1337, #2079, #2481, .T. ) ;
#4871 = EDGE_CURVE ( 'NONE', #131, #5767, #4007, .T. ) ;
#4872 = CARTESIAN_POINT ( 'NONE',  ( 10.12280020192745411, 156.8025633787890172, 26.15250212272779606 ) ) ;
#4873 = CARTESIAN_POINT ( 'NONE',  ( 16.22073306222187128, 151.7762914131914442, 22.69179061694523369 ) ) ;
#4874 = CARTESIAN_POINT ( 'NONE',  ( 10.16394174522628369, 133.1021804495575509, 9.454442624437453091 ) ) ;
#4875 = CARTESIAN_POINT ( 'NONE',  ( -13.81310018220418634, 131.3375133528327581, 8.381094781121506188 ) ) ;
#4876 = CARTESIAN_POINT ( 'NONE',  ( 26.86819357496001004, 140.9327584136029543, 15.08876383948294908 ) ) ;
#4877 = CARTESIAN_POINT ( 'NONE',  ( 26.84329534032526965, 136.8117744219125314, 14.15153877453825970 ) ) ;
#4878 = CARTESIAN_POINT ( 'NONE',  ( -11.92174987241307882, 132.2846962295057551, 10.91983985024632986 ) ) ;
#4879 = ORIENTED_EDGE ( 'NONE', *, *, #4681, .T. ) ;
#4880 = DIRECTION ( 'NONE',  ( 0.0001635243220480099926, 0.5738412646324208000, -0.8189665293922945288 ) ) ;
#4881 = CARTESIAN_POINT ( 'NONE',  ( -6.980515771748308396, 162.0019360479453496, 28.60885599888464270 ) ) ;
#4882 = CARTESIAN_POINT ( 'NONE',  ( -16.39315229414699360, 174.5509305699869458, 38.60534782200095094 ) ) ;
#4883 = VECTOR ( 'NONE', #3957, 1000.000000000000000 ) ;
#4884 = CLOSED_SHELL ( 'NONE', ( #2538, #2018, #2400, #6428, #187, #1453, #6132, #926, #4635, #1838, #1971, #4811, #1683, #1671, #1200, #1930, #1807, #2235, #4771, #5533, #6775, #5442, #4199, #6569, #6699, #3857, #2109, #3149, #2629, #839, #1839, #357, #3685, #3240, #3147, #2399, #1763, #3200, #98, #2926, #3414, #2973, #5607, #3981, #1497, #1152, #1440, #5038, #4250, #5656, #5964, #4948, #13, #4025, #4248, #6861, #6568, #2855, #6954, #3447, #5777, #3582, #1725, #842, #6646, #1161, #5701, #6386, #6208, #86, #5397, #6057, #4474, #3107, #2234, #1631, #3155, #6872, #6210, #4294, #4994, #2330, #1808, #1593, #2724, #6142, #549, #1022, #3500, #4585, #1441 ) ) ;
#4885 = CARTESIAN_POINT ( 'NONE',  ( -21.21344294772561412, 133.4131823404249815, 10.34354288927050192 ) ) ;
#4886 = CARTESIAN_POINT ( 'NONE',  ( 0.04995360427985733737, 38.71326378518870825, -54.83011497377250265 ) ) ;
#4887 = VECTOR ( 'NONE', #6843, 1000.000000000000227 ) ;
#4888 = CARTESIAN_POINT ( 'NONE',  ( 31.20129753879698953, 157.4434011559678481, 29.94678296751346380 ) ) ;
#4889 = VERTEX_POINT ( 'NONE', #5540 ) ;
#4890 = FACE_BOUND ( 'NONE', #5173, .T. ) ;
#4891 = CARTESIAN_POINT ( 'NONE',  ( 19.63570077028387217, 167.1613953532147718, 35.57357730551034791 ) ) ;
#4892 = CARTESIAN_POINT ( 'NONE',  ( -13.76741779584691372, 170.5785806541492491, 35.57254024285231253 ) ) ;
#4893 = CARTESIAN_POINT ( 'NONE',  ( 27.24028415790809632, 135.4325103086725335, 14.40219966123052053 ) ) ;
#4894 = CARTESIAN_POINT ( 'NONE',  ( 16.93135915000129543, 167.1090935257171566, 32.77938279475382899 ) ) ;
#4895 = ORIENTED_EDGE ( 'NONE', *, *, #4623, .T. ) ;
#4896 = CARTESIAN_POINT ( 'NONE',  ( 14.58318950010465187, 129.7531133614749308, 7.225285251015566956 ) ) ;
#4897 = CARTESIAN_POINT ( 'NONE',  ( 27.55079097271728727, 137.9101752355726092, 13.82303408008192314 ) ) ;
#4898 = CARTESIAN_POINT ( 'NONE',  ( -12.53333885982658380, 131.6386473886856550, 10.46313443873556004 ) ) ;
#4899 = CARTESIAN_POINT ( 'NONE',  ( -4.017767894967034792, 145.6400349327479091, 18.42398765533734206 ) ) ;
#4900 = CARTESIAN_POINT ( 'NONE',  ( 19.64655100201318305, 140.8340603065674088, 15.04956720738553955 ) ) ;
#4901 = CARTESIAN_POINT ( 'NONE',  ( 24.92443708478061737, 129.1088771065136882, 6.957917166457050939 ) ) ;
#4902 = ORIENTED_EDGE ( 'NONE', *, *, #6056, .F. ) ;
#4903 = CARTESIAN_POINT ( 'NONE',  ( -0.4894465217938693269, 128.1502872299392095, 9.235261358040171231 ) ) ;
#4904 = CARTESIAN_POINT ( 'NONE',  ( 21.58799448427035372, 154.2507247480745889, 23.82158115435542456 ) ) ;
#4905 = CARTESIAN_POINT ( 'NONE',  ( -19.71618896923891029, 155.4531694201103846, 24.96744602123349210 ) ) ;
#4906 = CARTESIAN_POINT ( 'NONE',  ( -18.66613046028402323, 165.9692186805944232, 35.92107589218011299 ) ) ;
#4907 = DIRECTION ( 'NONE',  ( -0.0001635243220480100197, -0.5738412646324202449, 0.8189665293922949729 ) ) ;
#4908 = CARTESIAN_POINT ( 'NONE',  ( 22.11785433017549352, 156.7914390825648638, 26.19794952766493878 ) ) ;
#4909 = CARTESIAN_POINT ( 'NONE',  ( 27.64398794390074698, 151.7867606472911746, 22.70508877618043897 ) ) ;
#4910 = CARTESIAN_POINT ( 'NONE',  ( -9.344301435041767689, 131.4413177073684551, 8.244365090411932329 ) ) ;
#4911 = CARTESIAN_POINT ( 'NONE',  ( 11.55613704731994495, 131.2766859089319667, 8.176523595871676875 ) ) ;
#4912 = EDGE_CURVE ( 'NONE', #6838, #7021, #5577, .T. ) ;
#4913 = CARTESIAN_POINT ( 'NONE',  ( 27.64967247445915888, 140.0704071276171589, 14.47983380839249357 ) ) ;
#4914 = DIRECTION ( 'NONE',  ( 0.0000000000000000000, -0.8169000990817221197, -0.5767791848881794747 ) ) ;
#4915 = CARTESIAN_POINT ( 'NONE',  ( -2.094725704385373533, 130.5836984494290220, 7.582661166696793131 ) ) ;
#4916 = CARTESIAN_POINT ( 'NONE',  ( -0.4894465217938693269, 128.1502872299392095, 9.235261358040171231 ) ) ;
#4917 = CARTESIAN_POINT ( 'NONE',  ( 18.01614236765752608, 170.3254168577259406, 35.65449949460749934 ) ) ;
#4918 = CARTESIAN_POINT ( 'NONE',  ( 24.91657962950559124, 133.7098265824009786, 10.03516199215712135 ) ) ;
#4919 = CARTESIAN_POINT ( 'NONE',  ( 29.98816072680429912, 162.0309464843559226, 29.24445134299147853 ) ) ;
#4920 = CARTESIAN_POINT ( 'NONE',  ( 2.828067735292097762, 170.4575948815709410, 35.75005595599301955 ) ) ;
#4921 = ORIENTED_EDGE ( 'NONE', *, *, #6004, .T. ) ;
#4922 = DIRECTION ( 'NONE',  ( 0.02436054832406962800, -0.8166681311046027902, -0.5765932078367433933 ) ) ;
#4923 = CARTESIAN_POINT ( 'NONE',  ( 31.20177747628606468, 151.7556671281709839, 25.93091096326356393 ) ) ;
#4924 = CARTESIAN_POINT ( 'NONE',  ( -16.65685297697762124, 168.5201723925901263, 34.11655132968049031 ) ) ;
#4925 = CARTESIAN_POINT ( 'NONE',  ( 31.20252163856222793, 152.3324518241712724, 25.11401509429952128 ) ) ;
#4926 = CARTESIAN_POINT ( 'NONE',  ( 14.24615674414261157, 157.6492129989177897, 26.14864622721623633 ) ) ;
#4927 = VERTEX_POINT ( 'NONE', #677 ) ;
#4928 = CARTESIAN_POINT ( 'NONE',  ( -14.48534902687176817, 129.0721594418263862, 6.912891992235464578 ) ) ;
#4929 = CARTESIAN_POINT ( 'NONE',  ( -12.57125418783751059, 131.0860526730290303, 11.29707598157179049 ) ) ;
#4930 = CARTESIAN_POINT ( 'NONE',  ( -17.41919851024655941, 142.3656160753617712, 19.25668980773330574 ) ) ;
#4931 = CARTESIAN_POINT ( 'NONE',  ( -14.00753466357843280, 145.6338162322478524, 18.40817788194118521 ) ) ;
#4932 = CARTESIAN_POINT ( 'NONE',  ( -15.01200813470943096, 140.8281842730353048, 14.97236946771343646 ) ) ;
#4933 = CARTESIAN_POINT ( 'NONE',  ( -20.55300003281578469, 128.6854471150851396, 7.448384200651636533 ) ) ;
#4934 = EDGE_LOOP ( 'NONE', ( #3451, #2745, #3508, #791 ) ) ;
#4935 = CARTESIAN_POINT ( 'NONE',  ( -12.58600208176031998, 131.0970226338569660, 11.30480797844535346 ) ) ;
#4936 = CARTESIAN_POINT ( 'NONE',  ( 13.95074181913786049, 158.0999639352396571, 26.46088610141007536 ) ) ;
#4937 = CARTESIAN_POINT ( 'NONE',  ( -20.70019609824226237, 157.0588863293162660, 26.10027945841947172 ) ) ;
#4938 = CARTESIAN_POINT ( 'NONE',  ( -16.48930805032262725, 168.7459585610024533, 36.65945942039274996 ) ) ;
#4939 = CARTESIAN_POINT ( 'NONE',  ( 15.68303807857431309, 144.9425103578665812, 17.93262208719700013 ) ) ;
#4940 = CARTESIAN_POINT ( 'NONE',  ( -17.98873826086383332, 151.7325835932630298, 22.66955377444693198 ) ) ;
#4941 = CARTESIAN_POINT ( 'NONE',  ( 17.38848410980688541, 151.7749166987794069, 22.69663031824037347 ) ) ;
#4942 = CARTESIAN_POINT ( 'NONE',  ( 31.35620651138735226, 132.2041771212274455, 9.021987956321918745 ) ) ;
#4943 = CARTESIAN_POINT ( 'NONE',  ( 0.04588735562171743915, 128.7284135177637552, 8.419799774783214730 ) ) ;
#4944 = CARTESIAN_POINT ( 'NONE',  ( 30.20260775151642108, 151.2045825973486330, 24.31676255992173452 ) ) ;
#4945 = CARTESIAN_POINT ( 'NONE',  ( -2.096029885778383672, 129.5729770049215119, 9.014159511397958013 ) ) ;
#4946 = ORIENTED_EDGE ( 'NONE', *, *, #2015, .T. ) ;
#4947 = EDGE_CURVE ( 'NONE', #2553, #4969, #6635, .T. ) ;
#4948 = ADVANCED_FACE ( 'NONE', ( #2274 ), #4980, .T. ) ;
#4949 = CARTESIAN_POINT ( 'NONE',  ( 17.35637160233640941, 170.3248607513262982, 35.65366230737160436 ) ) ;
#4950 = CARTESIAN_POINT ( 'NONE',  ( -14.99848032129440689, 132.9608408242389430, 9.593515826815085745 ) ) ;
#4951 = CARTESIAN_POINT ( 'NONE',  ( -12.81253392022987470, 142.2732067124948117, 16.01890043460787538 ) ) ;
#4952 = AXIS2_PLACEMENT_3D ( 'NONE', #5498, #4880, #1661 ) ;
#4953 = CARTESIAN_POINT ( 'NONE',  ( 30.73513845162671743, 161.2071090391615371, 32.60375587042241108 ) ) ;
#4954 = VERTEX_POINT ( 'NONE', #5743 ) ;
#4955 = CARTESIAN_POINT ( 'NONE',  ( -11.75463303903654300, 166.8063006491719023, 31.97427067129954281 ) ) ;
#4956 = EDGE_CURVE ( 'NONE', #6764, #6496, #322, .T. ) ;
#4957 = CARTESIAN_POINT ( 'NONE',  ( 16.97087927339050140, 168.9496837904970619, 34.06403182899773441 ) ) ;
#4958 = CARTESIAN_POINT ( 'NONE',  ( -19.13579550193631817, 164.6073064108366850, 31.35158093162964477 ) ) ;
#4959 = CARTESIAN_POINT ( 'NONE',  ( 15.65884127830012496, 131.0654019703827657, 10.08407446811554564 ) ) ;
#4960 = CARTESIAN_POINT ( 'NONE',  ( 15.09632701058282400, 165.7904541444881374, 31.84710933008439682 ) ) ;
#4961 = FACE_OUTER_BOUND ( 'NONE', #5605, .T. ) ;
#4962 = CARTESIAN_POINT ( 'NONE',  ( -11.16120562702215935, 129.1907512107387390, 6.752287106534248906 ) ) ;
#4963 = B_SPLINE_CURVE_WITH_KNOTS ( 'NONE', 3,
 ( #5526, #4481, #2259, #5420, #4447, #6829, #4073, #1894, #6728, #6791, #4006, #6166, #4515, #5727, #3403, #6259, #1932, #1291, #2999, #2462, #761, #826, #1830 ),
 .UNSPECIFIED., .F., .F.,
 ( 4, 2, 2, 2, 2, 2, 1, 2, 2, 2, 2, 4 ),
 ( 0.0000000000000000000, 0.001807934335003669310, 0.002711901502505504723, 0.003615868670007340354, 0.005423803005011011182, 0.006327770172512813852, 0.007231737340014616523, 0.008135704507516418327, 0.009039671675018220998, 0.01084760601002185583, 0.01265554034502548893, 0.01446347468002912376 ),
 .UNSPECIFIED. ) ;
#4964 = CYLINDRICAL_SURFACE ( 'NONE', #5994, 2.599999999999996536 ) ;
#4965 = FACE_OUTER_BOUND ( 'NONE', #5881, .T. ) ;
#4966 = CARTESIAN_POINT ( 'NONE',  ( 4.859570863514821148, 145.6957365764651797, 18.36661391918747910 ) ) ;
#4967 = CARTESIAN_POINT ( 'NONE',  ( -17.96475893154448045, 137.8939221762329623, 12.97448211633164838 ) ) ;
#4968 = CARTESIAN_POINT ( 'NONE',  ( 27.68217933495159144, 129.7009971923577325, 7.331808458112709204 ) ) ;
#4969 = VERTEX_POINT ( 'NONE', #5851 ) ;
#4970 = APPLICATION_CONTEXT ( 'automotive_design' ) ;
#4971 = FACE_OUTER_BOUND ( 'NONE', #6960, .T. ) ;
#4972 = CARTESIAN_POINT ( 'NONE',  ( 13.71548826416578315, 157.3033107918420512, 26.51556022761802112 ) ) ;
#4973 = CARTESIAN_POINT ( 'NONE',  ( -21.64598605067343939, 160.0544318517404747, 28.53243370237124665 ) ) ;
#4974 = DIRECTION ( 'NONE',  ( 0.0000000000000000000, 0.8189665403419611467, 0.5738412723047369157 ) ) ;
#4975 = CARTESIAN_POINT ( 'NONE',  ( -2.760018564542918273, 136.5932703678679445, 11.94333042573517112 ) ) ;
#4976 = CARTESIAN_POINT ( 'NONE',  ( -19.29914254715108868, 156.7366152018143168, 26.17374269099351380 ) ) ;
#4977 = CARTESIAN_POINT ( 'NONE',  ( 29.48443016731850008, 151.0484946074895447, 22.18070629160054352 ) ) ;
#4978 = CARTESIAN_POINT ( 'NONE',  ( -11.16503384977546709, 131.4188385387676021, 8.271868535013771506 ) ) ;
#4979 = DIRECTION ( 'NONE',  ( -0.6484655329900986809, -0.6215818238408554741, -0.4394638651749914193 ) ) ;
#4980 = B_SPLINE_SURFACE_WITH_KNOTS ( 'NONE', 5, 5, ( 
 ( #4459, #1742, #6109, #5961, #2581, #6379, #3731, #4882, #4196, #6987, #1059, #1481, #446, #1517, #909, #2082, #5308, #4269, #3231, #3655, #5848, #5426, #4309, #947, #2012, #5812, #4803, #2544, #5922, #407, #522, #3618, #3119, #1592, #7066, #4765, #2698, #6951, #6451, #2618, #3695, #6413, #1553, #5387, #371 ),
 ( #4844, #1024, #4729, #2047, #3154, #4232, #5884, #3195, #486, #2659, #6491, #983, #3083, #5348, #7027, #2119, #2158, #3769, #4346, #6528, #5271, #6914, #2263, #3943, #2298, #664, #3304, #596, #2800, #1196, #5499, #2736, #6031, #2767, #3335, #4949, #4917, #4485, #1733, #5025, #3367, #115, #2192, #1096, #4517 ),
 ( #44, #5601, #77, #6133, #4413, #12, #4379, #6662, #5464, #4450, #2835, #2226, #6594, #1165, #1698, #3874, #6626, #5529, #1231, #6067, #3405, #2870, #5565, #702, #6561, #1767, #561, #5056, #147, #2332, #3907, #3267, #631, #1628, #1662, #3804, #3840, #5996, #1131, #4985, #6098, #797, #4076, #6833, #5088 ),
 ( #2465, #2503, #1862, #3572, #3036, #1323, #252, #6168, #5156, #6263, #6695, #1800, #3468, #287, #2430, #4010, #2967, #6730, #3976, #4042, #1936, #4610, #1393, #3536, #764, #1832, #1264, #1293, #6761, #184, #1896, #5634, #4649, #5697, #732, #866, #3436, #6793, #6197, #3001, #5665, #2900, #6228, #5730, #3503 ),
 ( #1357, #2364, #4114, #828, #2934, #5190, #4548, #6298, #5123, #219, #5768, #5227, #327, #2396, #4579, #3187, #5298, #1582, #5378, #3721, #903, #6332, #5877, #3076, #4148, #6943, #2075, #7018, #3648, #364, #4796, #5953, #5264, #975, #2111, #2535, #1510, #2572, #1546, #3760, #4719, #477, #1431, #6479, #1050 ),
 ( #3610, #399, #2650, #5805, #4834, #6906, #5416, #4299, #3223, #513, #3145, #4261, #4686, #2005, #6869, #1969, #4187, #6370, #2040, #1474, #5841, #6406, #5338, #940, #438, #6444, #3112, #4756, #4225, #3687, #2611, #6980, #5914, #1013, #4873, #4941, #5016, #6059, #4477, #6621, #3832, #4909, #5594, #4372, #2760 ),
 ( #1620, #3361, #1692, #3796, #3935, #7057, #3868, #2182, #6092, #2728, #5988, #38, #1727, #6588, #2218, #6125, #621, #3901, #108, #5492, #2291, #1190, #6024, #3260, #5523, #658, #5456, #1655, #1089, #553, #5, #1125, #587, #2147, #6553, #4339, #4407, #1158, #1224, #3329, #2794, #6652, #4977, #3296, #3399 ),
 ( #70, #2256, #4443, #2828, #5557, #1758, #2688, #6518, #6161, #3970, #5722, #4510, #6221, #1888, #1287, #4541, #211, #3461, #2356, #3491, #4572, #278, #5114, #2993, #1924, #4035, #2456, #4602, #1825, #2894, #3560, #6724, #755, #1258, #2959, #6688, #1347, #6754, #1793, #4104, #2864, #1855, #173, #4066, #726 ),
 ( #6785, #1315, #2389, #6287, #5687, #6253, #5182, #5659, #4638, #3529, #4001, #3430, #789, #821, #5627, #6190, #5079, #2923, #5148, #244, #2421, #5050, #6820, #140, #1383, #696, #2324, #2030, #929, #5368, #6932, #892, #4287, #5902, #6858, #3638, #6396, #2562, #3711, #4745, #4216, #1500, #1462, #4138, #1959 ),
 ( #5795, #6323, #3175, #6432, #1421, #3599, #856, #3675, #4675, #5865, #351, #467, #5757, #3066, #1003, #2100, #5254, #2640, #6896, #965, #3135, #5831, #3101, #5326, #427, #2493, #2600, #2526, #6970, #4785, #4709, #1994, #5288, #4175, #6360, #2065, #4251, #1534, #4824, #389, #5217, #7007, #6469, #1573, #3026 ),
 ( #316, #6082, #1610, #4397, #1180, #4432, #2785, #5445, #2715, #4932, #3319, #3351, #1040, #6612, #6641, #6013, #647, #96, #5481, #6578, #3213, #2209, #5514, #3750, #5943, #539, #1716, #1681, #1078, #29, #3786, #5406, #1114, #5546, #3859, #2817, #612, #4900, #5978, #503, #7083, #3822, #4328, #6048, #2678 ),
 ( #4861, #1147, #7044, #2173, #5005, #4967, #2281, #60, #4363, #2245, #6508, #3889, #4465, #2137, #3250, #6543, #3285, #1644, #577, #2750, #6841, #4731, #3388, #3045, #295, #3619, #2313, #6678, #335, #2436, #5813, #2510, #875, #5040, #5583, #3009, #129, #1214, #4086, #6306, #4157, #804, #4500, #1943, #3084 ),
 ( #6339, #1781, #5740, #6800, #6115, #2473, #3512, #4656, #1439, #3959, #6150, #910, #4693, #1248, #5705, #3925, #5197, #684, #4122, #2975, #5272, #1748, #5164, #6878, #372, #259, #2545, #4616, #1403, #836, #1904, #6271, #3580, #5775, #2852, #5236, #1366, #1977, #3543, #948, #2048, #6452, #3156, #409, #1025 ),
 ( #3196, #984, #2120, #2583, #487, #6492, #2660, #4197, #523, #4270, #6952, #3732, #5849, #4845, #2737, #1482, #1060, #5388, #1629, #4766, #4233, #5427, #447, #3805, #2699, #5962, #3120, #3656, #7028, #5309, #6380, #2083, #4311, #2159, #5886, #6414, #1594, #1097, #1518, #3770, #4348, #3696, #5924, #4804, #5349 ),
 ( #2619, #3232, #4885, #6988, #1554, #7067, #6529, #5997, #3268, #5466, #562, #6915, #2013, #6170, #1769, #1803, #2769, #5603, #1663, #6698, #3979, #3408, #2838, #6562, #633, #704, #3841, #2872, #3305, #5636, #5058, #150, #734, #6100, #2300, #2334, #5500, #4519, #2193, #1266, #4918, #80, #3438, #14, #6628 ),
 ( #3370, #4487, #4380, #6033, #1701, #1132, #5567, #2228, #1199, #4950, #597, #2266, #45, #667, #4415, #3946, #6069, #6597, #3876, #1167, #4987, #3337, #117, #5532, #2802, #3909, #4452, #1735, #5027, #6665, #6135, #1234, #4116, #3538, #4012, #5126, #2432, #6230, #3470, #4078, #6266, #5732, #5770, #3505, #2367 ),
 ( #2969, #2505, #5700, #830, #289, #5229, #766, #3004, #330, #3574, #1938, #4581, #1865, #1359, #2467, #6763, #6199, #221, #4044, #4612, #1325, #1295, #868, #5192, #6301, #4651, #1395, #5667, #4551, #5807, #6836, #2902, #800, #6871, #3038, #4688, #1972, #5158, #4151, #2936, #6334, #1433, #3612, #186, #5090 ),
 ( #6795, #1834, #6732, #2398, #254, #1898, #6446, #2690, #1476, #5843, #6481, #1512, #4875, #1585, #7020, #4189, #2537, #2077, #6372, #366, #3148, #5380, #3225, #6945, #3650, #1015, #2149, #942, #4263, #5418, #3114, #4798, #5879, #5266, #1548, #2574, #3723, #515, #5300, #402, #7059, #3762, #4758, #2042, #3078 ),
 ( #3189, #4227, #4341, #905, #6408, #5955, #6520, #3689, #1622, #977, #5917, #6982, #5340, #440, #479, #2652, #4723, #4836, #2613, #2113, #4301, #3798, #1052, #6908, #2007, #4374, #2184, #5458, #555, #4911, #7, #2730, #1091, #3262, #6555, #1657, #5990, #1837, #6305, #5739, #1942, #5196, #4121, #6202, #5095 ),
 ( #6799, #5129, #1402, #5670, #6737, #2974, #2472, #2435, #5163, #1976, #3542, #6840, #873, #1328, #5235, #4655, #1868, #1298, #1365, #3579, #3473, #4584, #4015, #770, #2942, #6766, #3511, #2906, #227, #193, #803, #4615, #6877, #1903, #258, #334, #4085, #2403, #4156, #5774, #4047, #5704, #6270, #835, #3044 ),
 ( #3008, #293, #6234, #2509, #4692, #2371, #6338, #1438, #5640, #739, #4556, #3209, #3170, #2169, #7001, #1109, #2673, #2780, #999, #5939, #6043, #4428, #3745, #3315, #2131, #3818, #7079, #1074, #3782, #1640, #2746, #4819, #4896, #1036, #2204, #6009, #2095, #5402, #535, #4323, #1568, #4359, #6539, #3281, #3854 ),
 ( #6607, #2711, #5476, #463, #4393, #1606, #573, #4856, #5974, #25, #4928, #6574, #608, #5439, #5510, #2241, #1677, #4962, #499, #1144, #4283, #56, #1712, #3885, #5364, #2635, #3246, #6465, #7040, #6504, #4461, #6769, #4019, #1842, #1871, #159, #3444, #6205, #6637, #5674, #3346, #1301, #6078, #1243, #2945 ),
 ( #6710, #5542, #4527, #5643, #1176, #643, #2848, #6741, #1812, #3384, #2341, #6111, #2813, #3417, #3476, #3988, #773, #2909, #125, #1210, #5001, #679, #6146, #1744, #1272, #92, #5132, #5065, #2276, #230, #3920, #6177, #5579, #2375, #5035, #2309, #5611, #5099, #2879, #710, #2407, #742, #197, #4588, #1777 ),
 ( #4495, #6674, #4559, #3955, #6803, #3013, #5168, #2440, #1369, #5200, #6844, #1331, #4620, #3515, #6309, #3048, #5311, #338, #1407, #3658, #5240, #6274, #2586, #4201, #264, #1946, #4696, #878, #2017, #2513, #6881, #1980, #4125, #1907, #4090, #6382, #807, #4160, #6343, #5708, #3584, #2548, #2978, #1484, #3546 ) ),
 .UNSPECIFIED., .F., .F., .F.,
 ( 6, 3, 3, 3, 3, 3, 3, 6 ),
 ( 6, 3, 3, 3, 3, 3, 3, 3, 3, 3, 3, 3, 3, 3, 6 ),
 ( -31.08332071554546516, -5.069897142880325447, -0.5291731671209092269, 11.27390226869413326, 17.19721724735520141, 21.24771895330589544, 22.26457152590491617, 25.74219664601405100 ),
 ( -25.89447700599419022, -22.63158540302328703, -19.38581049691950042, -17.70194080836238726, -16.85367570861364328, -15.57102696406478159, -13.00572947496705467, -9.032646994467484092, 3.239379079384015370, 6.836970710009026675, 10.18453657795753031, 12.72443977489892575, 16.02329685704812334, 20.62118580427227954, 29.81696318932368683 ),
 .UNSPECIFIED. ) ;
#4981 = CARTESIAN_POINT ( 'NONE',  ( 16.61499037409312862, 132.2255982758974824, 10.90411193587773475 ) ) ;
#4982 = CARTESIAN_POINT ( 'NONE',  ( -1.035638171493720616, 129.5435891413798970, 8.994376044059974262 ) ) ;
#4983 = CIRCLE ( 'NONE', #2700, 10.00000000000000355 ) ;
#4984 = ORIENTED_EDGE ( 'NONE', *, *, #360, .F. ) ;
#4985 = CARTESIAN_POINT ( 'NONE',  ( 22.10179747574672859, 166.0762388475962155, 32.66247607755726534 ) ) ;
#4986 = CARTESIAN_POINT ( 'NONE',  ( -11.94430805857249567, 136.9719400921318027, 12.24089715333900941 ) ) ;
#4987 = CARTESIAN_POINT ( 'NONE',  ( -8.039502892324899008, 133.0960279853472912, 9.418261344873418039 ) ) ;
#4988 = AXIS2_PLACEMENT_3D ( 'NONE', #6707, #1270, #4586 ) ;
#4989 = CARTESIAN_POINT ( 'NONE',  ( -12.68314384249041815, 143.8928776118455630, 17.17508996366854745 ) ) ;
#4990 = CARTESIAN_POINT ( 'NONE',  ( -5.574666109834536698, 140.8270111406138483, 18.18113589826498355 ) ) ;
#4991 = ORIENTED_EDGE ( 'NONE', *, *, #5495, .T. ) ;
#4992 = CIRCLE ( 'NONE', #3961, 2.599999999999994316 ) ;
#4993 = CARTESIAN_POINT ( 'NONE',  ( -5.574107925344994996, 137.9919950131483404, 15.26134425408205253 ) ) ;
#4994 = ADVANCED_FACE ( 'NONE', ( #913 ), #4050, .F. ) ;
#4995 = CIRCLE ( 'NONE', #2930, 4.649999999999997691 ) ;
#4996 = EDGE_CURVE ( 'NONE', #2812, #6303, #1123, .T. ) ;
#4997 = CARTESIAN_POINT ( 'NONE',  ( -19.52503780740878270, 161.6772617428513286, 31.66578085445057766 ) ) ;
#4998 = PLANE ( 'NONE',  #3838 ) ;
#4999 = CARTESIAN_POINT ( 'NONE',  ( -5.553674048840101740, 146.4758491249121164, -12.35834398383779309 ) ) ;
#5000 = ORIENTED_EDGE ( 'NONE', *, *, #2446, .F. ) ;
#5001 = CARTESIAN_POINT ( 'NONE',  ( -8.031812843551447756, 128.6675409139471640, 6.294838787089168441 ) ) ;
#5002 = CARTESIAN_POINT ( 'NONE',  ( 22.89179529094964849, 138.3260287508964552, 13.26434331654824561 ) ) ;
#5003 = DIRECTION ( 'NONE',  ( 0.0000000000000000000, 0.8169000990817240071, 0.5767791848881768102 ) ) ;
#5004 = CARTESIAN_POINT ( 'NONE',  ( -13.99915515564344481, 140.8280023725079957, 14.97512884104365583 ) ) ;
#5005 = CARTESIAN_POINT ( 'NONE',  ( -19.26648966030453280, 137.8717456943363118, 13.00283596367338212 ) ) ;
#5006 = CARTESIAN_POINT ( 'NONE',  ( 18.08743506295007109, 129.0916851518428814, 6.965510711775841024 ) ) ;
#5007 = VERTEX_POINT ( 'NONE', #411 ) ;
#5008 = CARTESIAN_POINT ( 'NONE',  ( -17.41845426515689255, 142.9423951004077367, 18.43978993481558959 ) ) ;
#5009 = CARTESIAN_POINT ( 'NONE',  ( 13.04160432260944624, 161.0302111292214704, 29.11353003099963033 ) ) ;
#5010 = CARTESIAN_POINT ( 'NONE',  ( -18.99880429996413511, 154.3970097054294683, 24.54037496204781377 ) ) ;
#5011 = CARTESIAN_POINT ( 'NONE',  ( -13.15554105508623906, 170.1364105669885589, 38.86837724723007170 ) ) ;
#5012 = CIRCLE ( 'NONE', #207, 1.100000000000007860 ) ;
#5013 = PLANE ( 'NONE',  #5018 ) ;
#5014 = CARTESIAN_POINT ( 'NONE',  ( -10.08472171541830775, 170.4141110596173405, 35.49825115648098262 ) ) ;
#5015 = CARTESIAN_POINT ( 'NONE',  ( 22.10918108575125629, 161.8125246040692957, 29.68107639578559898 ) ) ;
#5016 = CARTESIAN_POINT ( 'NONE',  ( 18.04825494281725895, 151.7743653646184043, 22.69904390863816701 ) ) ;
#5017 = CARTESIAN_POINT ( 'NONE',  ( 18.08216769992165496, 132.1639176124083974, 9.046526157538870905 ) ) ;
#5018 = AXIS2_PLACEMENT_3D ( 'NONE', #105, #1723, #619 ) ;
#5019 = CARTESIAN_POINT ( 'NONE',  ( 1.157377779997341927, 136.6147308493607966, 11.91894436526881407 ) ) ;
#5020 = CARTESIAN_POINT ( 'NONE',  ( -9.404371670025204466, 166.0093741610645282, 32.67987590641832440 ) ) ;
#5021 = CARTESIAN_POINT ( 'NONE',  ( 24.02161822884389153, 135.2077463412882992, 13.01643054094390806 ) ) ;
#5022 = CARTESIAN_POINT ( 'NONE',  ( 28.98440325921308158, 163.2488851528342479, 32.81963380838975297 ) ) ;
#5023 = ORIENTED_EDGE ( 'NONE', *, *, #1584, .T. ) ;
#5024 = DIRECTION ( 'NONE',  ( 1.000000000000000000, 0.0000000000000000000, 0.0000000000000000000 ) ) ;
#5025 = CARTESIAN_POINT ( 'NONE',  ( 22.09441452291624941, 170.3292012942201268, 35.65918056866740216 ) ) ;
#5026 = CARTESIAN_POINT ( 'NONE',  ( -17.96024336362526697, 135.2334945619950020, 11.23054262990993912 ) ) ;
#5027 = CARTESIAN_POINT ( 'NONE',  ( 10.16394174522628369, 133.1021804495575509, 9.454442624437453091 ) ) ;
#5028 = CARTESIAN_POINT ( 'NONE',  ( 14.70397173188666962, 131.6609780846099795, 10.50371604832865380 ) ) ;
#5029 = CARTESIAN_POINT ( 'NONE',  ( -11.86980694866742247, 172.5397000212276453, -46.09386220083428043 ) ) ;
#5030 = ORIENTED_EDGE ( 'NONE', *, *, #6658, .F. ) ;
#5031 = CARTESIAN_POINT ( 'NONE',  ( 19.84460322920295283, 167.9601864703780052, 36.13776081398287943 ) ) ;
#5032 = CARTESIAN_POINT ( 'NONE',  ( -6.608190924522527432, 142.2114072051631410, 15.99923692931256447 ) ) ;
#5033 = CARTESIAN_POINT ( 'NONE',  ( -20.44786514893237239, 166.4809251315002427, 32.73111120612308156 ) ) ;
#5034 = ORIENTED_EDGE ( 'NONE', *, *, #6610, .T. ) ;
#5035 = CARTESIAN_POINT ( 'NONE',  ( 16.26089797240434365, 128.5611395838672877, 6.506269121696245605 ) ) ;
#5036 = CARTESIAN_POINT ( 'NONE',  ( -3.802487908459950550, 136.1511521006499663, 11.63320527181762820 ) ) ;
#5037 = DIRECTION ( 'NONE',  ( 0.0000000000000000000, 0.8169000990817243402, 0.5767791848881762551 ) ) ;
#5038 = ADVANCED_FACE ( 'NONE', ( #374 ), #4733, .F. ) ;
#5039 = CARTESIAN_POINT ( 'NONE',  ( 27.65790452861328674, 143.7570350610488106, 17.07600993981536774 ) ) ;
#5040 = CARTESIAN_POINT ( 'NONE',  ( 15.07696188918134972, 137.9300844713955883, 13.00457690808581823 ) ) ;
#5041 = CARTESIAN_POINT ( 'NONE',  ( -7.237197542491608182, 128.6749325631626277, 6.286278710234100231 ) ) ;
#5042 = ORIENTED_EDGE ( 'NONE', *, *, #4383, .F. ) ;
#5043 = CARTESIAN_POINT ( 'NONE',  ( -15.46191321594202606, 135.4253870294553792, 13.13412569881751146 ) ) ;
#5044 = CARTESIAN_POINT ( 'NONE',  ( 12.54141189687024216, 160.8470762621209076, 28.98423956855291905 ) ) ;
#5045 = CARTESIAN_POINT ( 'NONE',  ( -8.009831324331985414, 143.8854828867884805, 17.19094370445364817 ) ) ;
#5046 = CARTESIAN_POINT ( 'NONE',  ( 20.45600112370113166, 139.8927964972952225, 14.38211424359109714 ) ) ;
#5047 = CARTESIAN_POINT ( 'NONE',  ( -18.12968102054613695, 166.7564478886674806, 32.93687041793588577 ) ) ;
#5048 = CARTESIAN_POINT ( 'NONE',  ( -14.03477132643376990, 173.7344206397900450, 37.80467726510303095 ) ) ;
#5049 = CARTESIAN_POINT ( 'NONE',  ( -9.379642134649294860, 151.7127077283161327, 22.71909977033390149 ) ) ;
#5050 = CARTESIAN_POINT ( 'NONE',  ( -7.266785912830935779, 145.6293345965832202, 18.43119831438910694 ) ) ;
#5051 = CARTESIAN_POINT ( 'NONE',  ( -11.93305652426588992, 130.4905585678814361, 7.673828520305431056 ) ) ;
#5052 = CARTESIAN_POINT ( 'NONE',  ( 1.536160793053974682, 136.1564315956347855, 11.58741940608258680 ) ) ;
#5053 = CARTESIAN_POINT ( 'NONE',  ( 14.52027235475311961, 166.0736823889796199, 32.64739849037748343 ) ) ;
#5054 = CARTESIAN_POINT ( 'NONE',  ( 6.680302417845532581, 129.2425104518276839, 8.788826590975672204 ) ) ;
#5055 = CARTESIAN_POINT ( 'NONE',  ( 30.20215149663792076, 158.0084850478909857, 29.12071468711086197 ) ) ;
#5056 = CARTESIAN_POINT ( 'NONE',  ( 8.717714475434000576, 166.0656293706390727, 32.64453682540926849 ) ) ;
#5057 = CARTESIAN_POINT ( 'NONE',  ( 11.54899361922887024, 135.3629624786246097, 11.11909943321123784 ) ) ;
#5058 = CARTESIAN_POINT ( 'NONE',  ( 12.22133668304769039, 133.7353479531479934, 9.967492288109808030 ) ) ;
#5059 = CARTESIAN_POINT ( 'NONE',  ( -0.6092547145807930553, 150.5105441859039388, 21.81685693570680940 ) ) ;
#5060 = EDGE_LOOP ( 'NONE', ( #3006, #2878, #1117, #4502 ) ) ;
#5061 = CARTESIAN_POINT ( 'NONE',  ( 7.804467929005405757, 170.0621626247227312, 37.61090946439631466 ) ) ;
#5062 = CARTESIAN_POINT ( 'NONE',  ( -18.44369600179848945, 153.9493320915458412, 23.82705907933519640 ) ) ;
#5063 = CARTESIAN_POINT ( 'NONE',  ( -17.00340450741268228, 170.4264210136072677, 35.49404360433382521 ) ) ;
#5064 = DIRECTION ( 'NONE',  ( 0.0001635243220480099926, 0.5738412646324203559, -0.8189665293922949729 ) ) ;
#5065 = CARTESIAN_POINT ( 'NONE',  ( 8.782600021031891302, 128.6994202754787295, 6.290969603924223108 ) ) ;
#5066 = CARTESIAN_POINT ( 'NONE',  ( -2.557832623079633549, 141.2252105486171558, 15.26220299729679830 ) ) ;
#5067 = VECTOR ( 'NONE', #3123, 1000.000000000000114 ) ;
#5068 = DIRECTION ( 'NONE',  ( 4.270088556250601108E-15, 0.8189665403419611467, 0.5738412723047364716 ) ) ;
#5069 = CARTESIAN_POINT ( 'NONE',  ( -9.360696371397088100, 140.8144056345907131, 15.00593435092004135 ) ) ;
#5070 = CARTESIAN_POINT ( 'NONE',  ( -13.80729647738130872, 127.9479227035411100, 6.094986686552755550 ) ) ;
#5071 = EDGE_LOOP ( 'NONE', ( #1478, #2056, #5408, #1605 ) ) ;
#5072 = CARTESIAN_POINT ( 'NONE',  ( -13.95617176067610821, 132.8851129167570093, 11.34191562037049827 ) ) ;
#5073 = CARTESIAN_POINT ( 'NONE',  ( 13.83211168193743212, 163.9129760120869150, 31.13602069514368509 ) ) ;
#5074 = CARTESIAN_POINT ( 'NONE',  ( 23.10195498349876431, 145.6305834288964149, 18.41134665025790085 ) ) ;
#5075 = CARTESIAN_POINT ( 'NONE',  ( -19.85894944334892642, 154.1832869009571994, 27.59843291486793504 ) ) ;
#5076 = CARTESIAN_POINT ( 'NONE',  ( -10.34648197968590644, 142.3545074027827866, 17.35787270267036320 ) ) ;
#5077 = CARTESIAN_POINT ( 'NONE',  ( -8.095437483825200786, 160.4422534132120290, 28.56982817570618849 ) ) ;
#5078 = CARTESIAN_POINT ( 'NONE',  ( 8.024214101830850154, 151.0425178161651161, 22.13623491076327454 ) ) ;
#5079 = CARTESIAN_POINT ( 'NONE',  ( -11.95939872167209650, 145.6288372406346241, 18.42032156453218761 ) ) ;
#5080 = CARTESIAN_POINT ( 'NONE',  ( -14.48888865173609375, 131.1339724369119324, 8.315373525190766557 ) ) ;
#5081 = CARTESIAN_POINT ( 'NONE',  ( 29.98920421087499122, 161.7358386368953234, 29.64851346859468961 ) ) ;
#5082 = CARTESIAN_POINT ( 'NONE',  ( 8.717714475434000576, 166.0656293706390727, 32.64453682540926849 ) ) ;
#5083 = EDGE_CURVE ( 'NONE', #3440, #4574, #1017, .T. ) ;
#5084 = FACE_OUTER_BOUND ( 'NONE', #5945, .T. ) ;
#5085 = EDGE_CURVE ( 'NONE', #6362, #1776, #3413, .T. ) ;
#5086 = LINE ( 'NONE', #6660, #6931 ) ;
#5087 = ORIENTED_EDGE ( 'NONE', *, *, #3812, .F. ) ;
#5088 = CARTESIAN_POINT ( 'NONE',  ( 33.13671991077076484, 166.0796316354023361, 32.68488862943638651 ) ) ;
#5089 = CARTESIAN_POINT ( 'NONE',  ( 22.15501805992580842, 135.3434463003401618, 11.17306327246883590 ) ) ;
#5090 = CARTESIAN_POINT ( 'NONE',  ( 33.19536044340846104, 132.2013096247869157, 9.030610082410822415 ) ) ;
#5091 = CIRCLE ( 'NONE', #3478, 2.599999999999984990 ) ;
#5092 = DIRECTION ( 'NONE',  ( 0.0000000000000000000, 0.8189665403419612577, 0.5738412723047368047 ) ) ;
#5093 = VERTEX_POINT ( 'NONE', #5429 ) ;
#5094 = DIRECTION ( 'NONE',  ( -0.0007442459860544277123, -0.5767790251485576114, 0.8168998728403572551 ) ) ;
#5095 = CARTESIAN_POINT ( 'NONE',  ( 33.19708803257147878, 131.1933279143208608, 8.348606110036682182 ) ) ;
#5096 = AXIS2_PLACEMENT_3D ( 'NONE', #5188, #3974, #3534 ) ;
#5097 = CARTESIAN_POINT ( 'NONE',  ( 21.54472891638618393, 163.6724704228062706, 25.20613589933814680 ) ) ;
#5098 = CARTESIAN_POINT ( 'NONE',  ( -6.980515771748308396, 165.2778022093131938, 30.90422108810358992 ) ) ;
#5099 = CARTESIAN_POINT ( 'NONE',  ( 19.66777119885310299, 128.5000333634932019, 6.601662289598076327 ) ) ;
#5100 = CARTESIAN_POINT ( 'NONE',  ( -5.308509864166922831, 142.3184747883653642, 16.06875592071573422 ) ) ;
#5101 = CARTESIAN_POINT ( 'NONE',  ( -11.30603860117893333, 149.8293302490756673, 21.38875244153720701 ) ) ;
#5102 = CARTESIAN_POINT ( 'NONE',  ( -12.97713742914428181, 140.8259609382710380, 14.98055782086235510 ) ) ;
#5103 = CARTESIAN_POINT ( 'NONE',  ( 15.09314472916149441, 128.5984366947234605, 6.450295137126832223 ) ) ;
#5104 = AXIS2_PLACEMENT_3D ( 'NONE', #1828, #792, #4004 ) ;
#5105 = ORIENTED_EDGE ( 'NONE', *, *, #5776, .T. ) ;
#5106 = DIRECTION ( 'NONE',  ( -0.0007442450898864458753, -0.5767790250261926044, 0.8168998729275703807 ) ) ;
#5107 = CARTESIAN_POINT ( 'NONE',  ( 14.83964217126620433, 165.5322784621304208, 31.66490923490427534 ) ) ;
#5108 = CARTESIAN_POINT ( 'NONE',  ( -7.745577090001114051, 142.8065845952799293, 16.42415222371311145 ) ) ;
#5109 = CARTESIAN_POINT ( 'NONE',  ( -19.32996688351424197, 174.5531287225629455, 38.59496867337161774 ) ) ;
#5110 = CARTESIAN_POINT ( 'NONE',  ( -16.02462426298884424, 169.0570240226681449, 34.54585889695454881 ) ) ;
#5111 = B_SPLINE_CURVE_WITH_KNOTS ( 'NONE', 3,
 ( #2242, #4324, #5440, #500 ),
 .UNSPECIFIED., .F., .F.,
 ( 4, 4 ),
 ( 0.0000000000000000000, 0.0004991577656339353389 ),
 .UNSPECIFIED. ) ;
#5112 = CARTESIAN_POINT ( 'NONE',  ( 27.72502407411600700, 138.6512891736619792, 13.48209385187652387 ) ) ;
#5113 = CARTESIAN_POINT ( 'NONE',  ( 12.19001605850132641, 151.7836978625582844, 22.67129710742568705 ) ) ;
#5114 = CARTESIAN_POINT ( 'NONE',  ( -4.022406319813304876, 148.3094650287871730, 20.31051806817430005 ) ) ;
#5115 = CARTESIAN_POINT ( 'NONE',  ( 24.92089628071057561, 131.1899826772011295, 8.332936388331656730 ) ) ;
#5116 = B_SPLINE_SURFACE_WITH_KNOTS ( 'NONE', 3, 1, ( 
 ( #2479, #2020 ),
 ( #5202, #1410 ),
 ( #2515, #3051 ),
 ( #3089, #1449 ),
 ( #3548, #3587 ),
 ( #3517, #6347 ),
 ( #4622, #4127 ),
 ( #809, #5277 ),
 ( #266, #6920 ),
 ( #6240, #1333 ),
 ( #5314, #5170 ),
 ( #4663, #1910 ),
 ( #2409, #3625 ),
 ( #4698, #916 ),
 ( #6771, #376 ),
 ( #6276, #880 ),
 ( #6883, #4052 ),
 ( #2551, #5242 ),
 ( #2980, #5745 ),
 ( #3015, #6846 ),
 ( #4735, #844 ),
 ( #1983, #1948 ),
 ( #3124, #4203 ),
 ( #6384, #1487 ),
 ( #3662, #5854 ),
 ( #300, #954 ) ),
 .UNSPECIFIED., .F., .F., .F.,
 ( 4, 2, 2, 2, 2, 2, 2, 2, 2, 2, 2, 2, 4 ),
 ( 2, 2 ),
 ( 0.0000000000000000000, 0.2499999999999604761, 0.3749999999999047429, 0.4374999999999141798, 0.4999999999999237277, 0.5624999999999332756, 0.6249999999999428235, 0.6874999999999523714, 0.7499999999999618083, 0.8124999999999713562, 0.8749999999999809042, 0.9374999999999904521, 1.000000000000000000 ),
 ( 0.0000000000000000000, 1.000000000000000000 ),
 .UNSPECIFIED. ) ;
#5117 = ORIENTED_EDGE ( 'NONE', *, *, #1360, .F. ) ;
#5118 = CARTESIAN_POINT ( 'NONE',  ( 1.783229139959270348, 135.4973496109306552, 11.11305295610692490 ) ) ;
#5119 = CARTESIAN_POINT ( 'NONE',  ( 10.11412732689733573, 161.8176053709503037, 29.64423174489574819 ) ) ;
#5120 = DIRECTION ( 'NONE',  ( 0.0000000000000000000, 0.8189665403419613687, 0.5738412723047364716 ) ) ;
#5121 = CARTESIAN_POINT ( 'NONE',  ( 29.98816072680429912, 162.0309464843559226, 29.24445134299147853 ) ) ;
#5122 = VERTEX_POINT ( 'NONE', #2161 ) ;
#5123 = CARTESIAN_POINT ( 'NONE',  ( -15.37639926722533623, 156.7230657577947568, 26.20271398280832287 ) ) ;
#5124 = CARTESIAN_POINT ( 'NONE',  ( -0.7479999651621499490, 133.7677977392026207, 9.889283567689115984 ) ) ;
#5125 = EDGE_CURVE ( 'NONE', #1562, #6303, #4549, .T. ) ;
#5126 = CARTESIAN_POINT ( 'NONE',  ( 17.42095790768642161, 133.0056519783299507, 9.609763031966062741 ) ) ;
#5127 = VERTEX_POINT ( 'NONE', #6454 ) ;
#5128 = CARTESIAN_POINT ( 'NONE',  ( 11.81810004698710692, 169.3753837725569156, 37.12966014150775607 ) ) ;
#5129 = CARTESIAN_POINT ( 'NONE',  ( -21.86041687667382050, 129.9697625548216706, 8.390655659149370393 ) ) ;
#5130 = CARTESIAN_POINT ( 'NONE',  ( -19.29373769024022778, 156.9793692697188590, 28.34900509508531385 ) ) ;
#5131 = CARTESIAN_POINT ( 'NONE',  ( 21.52098000469652916, 76.52434622515126250, 141.4776572966572132 ) ) ;
#5132 = CARTESIAN_POINT ( 'NONE',  ( 8.063082207057533424, 128.7020519187920513, 6.285447267833560225 ) ) ;
#5133 = CARTESIAN_POINT ( 'NONE',  ( 2.715695087515759276, 128.8113380799082677, 8.480781715225518269 ) ) ;
#5134 = B_SPLINE_CURVE_WITH_KNOTS ( 'NONE', 3,
 ( #1795, #4544, #3401, #5597, #5629, #2897, #2866, #142, #214, #3972, #4575, #6224, #3494, #5081 ),
 .UNSPECIFIED., .F., .F.,
 ( 4, 2, 2, 2, 2, 2, 4 ),
 ( 3.469446951953614189E-18, 0.001815565541714010342, 0.002723348312570998166, 0.003631131083427985989, 0.004538913854284973813, 0.005446696625141956433, 0.007262262166855985857 ),
 .UNSPECIFIED. ) ;
#5135 = CARTESIAN_POINT ( 'NONE',  ( -3.003549652693069838, 171.1384803155247312, 39.58514609702830711 ) ) ;
#5136 = CARTESIAN_POINT ( 'NONE',  ( 10.14539040560981320, 143.7456244608147813, 17.04901914320092260 ) ) ;
#5137 = CARTESIAN_POINT ( 'NONE',  ( -10.64617249061062587, 128.0515570564196253, 5.955270712349247653 ) ) ;
#5138 = EDGE_LOOP ( 'NONE', ( #4761, #218, #5578, #1847 ) ) ;
#5139 = CARTESIAN_POINT ( 'NONE',  ( -9.769211830375860828, 132.0108405023095202, 8.654791579401742041 ) ) ;
#5140 = CARTESIAN_POINT ( 'NONE',  ( 16.17843587899264435, 166.6568213365663382, 32.45929589670103610 ) ) ;
#5141 = CARTESIAN_POINT ( 'NONE',  ( -8.278778401095490125, 144.2377572440976223, 17.44104345747916440 ) ) ;
#5142 = CARTESIAN_POINT ( 'NONE',  ( 31.20209076455787311, 150.0949223313695029, 23.53418818675882918 ) ) ;
#5143 = CARTESIAN_POINT ( 'NONE',  ( -20.57893723447208245, 160.6302364276691605, 32.14969989171586207 ) ) ;
#5144 = CARTESIAN_POINT ( 'NONE',  ( 14.37870525382301068, 148.9299995577087259, 20.70341023845656281 ) ) ;
#5145 =( BOUNDED_CURVE ( )  B_SPLINE_CURVE ( 3, ( #5837, #5222, #6402, #6366 ),
 .UNSPECIFIED., .F., .T. ) 
 B_SPLINE_CURVE_WITH_KNOTS ( ( 4, 4 ),
 ( 2.981303892144688383, 6.122896545734481499 ),
 .UNSPECIFIED. ) 
 CURVE ( )  GEOMETRIC_REPRESENTATION_ITEM ( )  RATIONAL_B_SPLINE_CURVE ( ( 1.000000000000000000, 0.3333333333333333703, 0.3333333333333333703, 1.000000000000000000 ) ) 
 REPRESENTATION_ITEM ( '' )  );
#5146 = CARTESIAN_POINT ( 'NONE',  ( 26.23144825348819964, 205.8287280904356180, -22.55515144425304541 ) ) ;
#5147 = CARTESIAN_POINT ( 'NONE',  ( 11.52179235763529697, 151.0392175727114932, 22.14956721238500847 ) ) ;
#5148 = CARTESIAN_POINT ( 'NONE',  ( -10.67675107355645103, 145.6271472778850011, 18.42589365767591403 ) ) ;
#5149 = CARTESIAN_POINT ( 'NONE',  ( 15.08861945424083295, 131.2067915771622495, 8.284736426826700750 ) ) ;
#5150 = EDGE_LOOP ( 'NONE', ( #5729, #3321, #4552, #6375 ) ) ;
#5151 = CARTESIAN_POINT ( 'NONE',  ( 31.20251584938589318, 153.5285602553280171, 25.95853750554967476 ) ) ;
#5152 = CARTESIAN_POINT ( 'NONE',  ( 10.10674452102041521, 166.0681635614880065, 32.64435861101252812 ) ) ;
#5153 = CARTESIAN_POINT ( 'NONE',  ( -10.51541407745473045, 145.0670275685438924, 18.02388496159597153 ) ) ;
#5154 = CARTESIAN_POINT ( 'NONE',  ( 16.61499117745366760, 132.2255968702856705, 10.90411094415705051 ) ) ;
#5155 = CARTESIAN_POINT ( 'NONE',  ( -0.7486799070459575489, 175.6440668868756347, -44.43386132786775278 ) ) ;
#5156 = CARTESIAN_POINT ( 'NONE',  ( -15.38507181924434164, 161.7328230771172741, 29.70196615316228517 ) ) ;
#5157 = CARTESIAN_POINT ( 'NONE',  ( -13.81712759950808689, 133.6806773510349444, 9.981032462565153196 ) ) ;
#5158 = CARTESIAN_POINT ( 'NONE',  ( 19.66151471393711958, 132.1756091380772205, 9.033782634718518167 ) ) ;
#5159 = EDGE_CURVE ( 'NONE', #223, #4776, #3807, .T. ) ;
#5160 = EDGE_CURVE ( 'NONE', #4954, #3168, #777, .T. ) ;
#5161 = ORIENTED_EDGE ( 'NONE', *, *, #5396, .T. ) ;
#5162 = CARTESIAN_POINT ( 'NONE',  ( 30.91738001174155670, 161.1511463827943089, 31.34026876727107691 ) ) ;
#5163 = CARTESIAN_POINT ( 'NONE',  ( -15.33080998887856694, 130.3471799607175399, 7.869534883146456217 ) ) ;
#5164 = CARTESIAN_POINT ( 'NONE',  ( -4.002677098974874781, 136.9809635752116037, 12.24765815516376577 ) ) ;
#5165 = CARTESIAN_POINT ( 'NONE',  ( 14.92675747748161186, 165.9679908454785959, 32.58294557807268887 ) ) ;
#5166 = EDGE_CURVE ( 'NONE', #812, #944, #1707, .T. ) ;
#5167 = CARTESIAN_POINT ( 'NONE',  ( -20.63120492747635026, 160.1154738742964412, 30.56205961094757839 ) ) ;
#5168 = CARTESIAN_POINT ( 'NONE',  ( -17.29841945728179908, 127.7439788961002876, 6.376674995987430705 ) ) ;
#5169 = CARTESIAN_POINT ( 'NONE',  ( -1.572489519324223872, 139.2933887885018294, 13.86978492931898188 ) ) ;
#5170 = CARTESIAN_POINT ( 'NONE',  ( 30.10610127558928895, 160.0957265976849158, 30.59434162852249273 ) ) ;
#5171 = CARTESIAN_POINT ( 'NONE',  ( -21.87337376865946226, 137.8161801765527628, 13.07549588816267416 ) ) ;
#5172 = CARTESIAN_POINT ( 'NONE',  ( -3.987193354881405583, 128.1305885446750494, 5.859211261233731705 ) ) ;
#5173 = EDGE_LOOP ( 'NONE', ( #6669, #5959 ) ) ;
#5174 = CARTESIAN_POINT ( 'NONE',  ( -12.45949837715209796, 133.6316890080222493, 9.839143123279297853 ) ) ;
#5175 = DIRECTION ( 'NONE',  ( 0.0000000000000000000, 0.8189665403419595924, 0.5738412723047389141 ) ) ;
#5176 = CARTESIAN_POINT ( 'NONE',  ( 21.52098000469652206, 80.33254063774144527, 144.1460192128742221 ) ) ;
#5177 = CARTESIAN_POINT ( 'NONE',  ( 31.10489680447598815, 142.7699730208087772, 18.36225757710562689 ) ) ;
#5178 = CARTESIAN_POINT ( 'NONE',  ( -14.05021353097759729, 170.2779600307114265, 35.64288997181791530 ) ) ;
#5179 = CARTESIAN_POINT ( 'NONE',  ( 13.16635325696477743, 146.5290453859558966, 19.02326456471357474 ) ) ;
#5180 = CARTESIAN_POINT ( 'NONE',  ( -2.168233556051272881, 153.8252571747427169, 23.91953147984991546 ) ) ;
#5181 = CARTESIAN_POINT ( 'NONE',  ( -19.28918193489618105, 150.9952412796517933, 22.13610244904323920 ) ) ;
#5182 = CARTESIAN_POINT ( 'NONE',  ( -17.32901775231306729, 145.6420717106873894, 18.38822670482134924 ) ) ;
#5183 = CARTESIAN_POINT ( 'NONE',  ( -17.95308867491648641, 130.9629869316931092, 8.550213306545762393 ) ) ;
#5184 = ORIENTED_EDGE ( 'NONE', *, *, #2620, .T. ) ;
#5185 = DIRECTION ( 'NONE',  ( 0.0001635243220480100468, 0.5738412646324204669, -0.8189665293922950839 ) ) ;
#5186 = CARTESIAN_POINT ( 'NONE',  ( 28.74617135857533512, 157.5279829664422380, 26.09961320424597275 ) ) ;
#5187 = CARTESIAN_POINT ( 'NONE',  ( -11.64811375696988094, 141.1156261624533386, 15.19996377953829381 ) ) ;
#5188 = CARTESIAN_POINT ( 'NONE',  ( -7.003651467230276317, 80.81391100525212323, 144.4776148271996590 ) ) ;
#5189 = CARTESIAN_POINT ( 'NONE',  ( 17.01294738550543784, 131.4755944600254622, 10.37492799736265248 ) ) ;
#5190 = CARTESIAN_POINT ( 'NONE',  ( -17.99741014236417769, 156.7313707894869594, 26.18442153388650340 ) ) ;
#5191 = CARTESIAN_POINT ( 'NONE',  ( 15.08430478611506231, 133.6941910111692096, 10.03314560816601109 ) ) ;
#5192 = CARTESIAN_POINT ( 'NONE',  ( -0.7454128519269981323, 132.2878192970638054, 8.823676522166534753 ) ) ;
#5193 = LINE ( 'NONE', #640, #869 ) ;
#5194 = VERTEX_POINT ( 'NONE', #3340 ) ;
#5195 = CARTESIAN_POINT ( 'NONE',  ( 29.86015457901616799, 163.0666868469335782, 33.91592925667226410 ) ) ;
#5196 = CARTESIAN_POINT ( 'NONE',  ( 27.67962655991636467, 131.1966392340548566, 8.330271527845434676 ) ) ;
#5197 = CARTESIAN_POINT ( 'NONE',  ( -11.94430805857249567, 136.9719400921318027, 12.24089715333900941 ) ) ;
#5198 = CARTESIAN_POINT ( 'NONE',  ( 26.21819728759700752, 154.6302246262385154, 24.69195213323173022 ) ) ;
#5199 = LINE ( 'NONE', #4587, #1451 ) ;
#5200 = CARTESIAN_POINT ( 'NONE',  ( -14.98979872396771285, 127.8893086031636983, 6.175502553356166047 ) ) ;
#5201 = CARTESIAN_POINT ( 'NONE',  ( 31.20177743487951716, 151.7556699636649284, 25.93091296523546063 ) ) ;
#5202 = CARTESIAN_POINT ( 'NONE',  ( 30.20424882763609631, 154.8075055480170477, 24.12818002677438045 ) ) ;
#5203 = CARTESIAN_POINT ( 'NONE',  ( 14.56898162442240086, 137.9317288997933133, 13.00098206367766807 ) ) ;
#5204 = CARTESIAN_POINT ( 'NONE',  ( 33.20260375620860316, 127.9599219303944011, 6.193960202240445412 ) ) ;
#5205 = EDGE_CURVE ( 'NONE', #5447, #6176, #6720, .T. ) ;
#5206 = EDGE_CURVE ( 'NONE', #918, #2507, #4418, .T. ) ;
#5207 = ORIENTED_EDGE ( 'NONE', *, *, #1236, .T. ) ;
#5208 = AXIS2_PLACEMENT_3D ( 'NONE', #5918, #3651, #2506 ) ;
#5209 = CARTESIAN_POINT ( 'NONE',  ( 18.26642169932641480, 146.7929317856940088, 19.23212677510545277 ) ) ;
#5210 = CARTESIAN_POINT ( 'NONE',  ( 28.82181354958692410, 137.3540497203936752, 14.53621935880754634 ) ) ;
#5211 = CARTESIAN_POINT ( 'NONE',  ( 20.45110882135569597, 154.3147989852257922, 23.86388931071444475 ) ) ;
#5212 = DIRECTION ( 'NONE',  ( 0.0001635243220480100197, 0.5738412646324203559, -0.8189665293922948619 ) ) ;
#5213 = CARTESIAN_POINT ( 'NONE',  ( 33.12195359248459425, 174.5923073466288429, 38.66868805681058774 ) ) ;
#5214 = AXIS2_PLACEMENT_3D ( 'NONE', #5471, #3162, #6456 ) ;
#5215 = CARTESIAN_POINT ( 'NONE',  ( 19.84365385836185069, 169.8615840036481472, 27.40560380479102776 ) ) ;
#5216 = CARTESIAN_POINT ( 'NONE',  ( 31.32822245475389167, 148.3773329675299237, 20.30118101590658242 ) ) ;
#5217 = CARTESIAN_POINT ( 'NONE',  ( 24.89917443375578898, 143.7473624458482959, 17.08296805457037948 ) ) ;
#5218 = CARTESIAN_POINT ( 'NONE',  ( -22.51171351422676281, 129.1452896905520902, 7.998924332556639705 ) ) ;
#5219 = CARTESIAN_POINT ( 'NONE',  ( 30.20695620623489575, 157.9935303715495252, 27.03253973621787054 ) ) ;
#5220 = CARTESIAN_POINT ( 'NONE',  ( -2.208157341496186366, 159.4201302759782379, 25.88497631335059168 ) ) ;
#5221 = CARTESIAN_POINT ( 'NONE',  ( 27.40212524711747832, 156.1702244335498335, 25.15466659251071135 ) ) ;
#5222 = CARTESIAN_POINT ( 'NONE',  ( -9.554632697490974991, 166.8060931494629813, 31.97456455592162428 ) ) ;
#5223 = VECTOR ( 'NONE', #2033, 1000.000000000000114 ) ;
#5224 = CARTESIAN_POINT ( 'NONE',  ( 25.19684189101482019, 135.7881542953569465, 13.42730315754464421 ) ) ;
#5225 = CARTESIAN_POINT ( 'NONE',  ( -13.98803434412123181, 134.6372206061348038, 12.57897696012947719 ) ) ;
#5226 = CARTESIAN_POINT ( 'NONE',  ( -3.266511756128921196, 134.5214574120986128, 10.44729117181777944 ) ) ;
#5227 = CARTESIAN_POINT ( 'NONE',  ( -14.02677248716214109, 156.7199669519763177, 26.21045686721706858 ) ) ;
#5228 = CARTESIAN_POINT ( 'NONE',  ( 31.35361784213551317, 133.7096130127266917, 10.05135720715660774 ) ) ;
#5229 = CARTESIAN_POINT ( 'NONE',  ( -17.95481742596994224, 131.9899779285942998, 9.205158220125381874 ) ) ;
#5230 = CARTESIAN_POINT ( 'NONE',  ( 21.54472891638617327, 157.1207380998031340, 20.61540572071286803 ) ) ;
#5231 = B_SPLINE_SURFACE_WITH_KNOTS ( 'NONE', 3, 3, ( 
 ( #6251, #2387, #5048, #1285, #6752, #4570, #656, #4033, #724, #5592 ),
 ( #2289, #3458, #3359, #5014, #1853, #1823, #2419, #3933, #2862, #6218 ),
 ( #5625, #2354, #1313, #6123, #4475, #4539, #138, #4508, #6686, #4600 ),
 ( #753, #3489, #2921, #6783, #6722, #1885, #4064, #1791, #5555, #1256 ),
 ( #3968, #6159, #3428, #2892, #5077, #1922, #5720, #3673, #4136, #1957 ),
 ( #3062, #2063, #2028, #3024, #3133, #1345, #6285, #6394, #4783, #4102 ),
 ( #2491, #4173, #349, #1419, #6321, #1992, #3099, #5180, #5252, #1381 ) ),
 .UNSPECIFIED., .F., .F., .F.,
 ( 4, 3, 4 ),
 ( 4, 3, 3, 4 ),
 ( -29.95266709524045723, -17.80748730822485726, -5.662307521209260841 ),
 ( -25.23118536954585878, -13.39709094721549931, -7.480043736050318692, -1.562996524885138516 ),
 .UNSPECIFIED. ) ;
#5232 = VERTEX_POINT ( 'NONE', #2335 ) ;
#5233 = AXIS2_PLACEMENT_3D ( 'NONE', #4381, #4234, #563 ) ;
#5234 = CARTESIAN_POINT ( 'NONE',  ( 31.20248504091279784, 156.5210738764254188, 28.07142688532137598 ) ) ;
#5235 = CARTESIAN_POINT ( 'NONE',  ( -12.95917246712889970, 130.4563158184322447, 7.720038692531322688 ) ) ;
#5236 = CARTESIAN_POINT ( 'NONE',  ( 17.41414509285603884, 136.9590312764701423, 12.33175002478270699 ) ) ;
#5237 = AXIS2_PLACEMENT_3D ( 'NONE', #5263, #2039, #4147 ) ;
#5238 = CARTESIAN_POINT ( 'NONE',  ( -6.611424615277628369, 135.9219209371557042, 11.48075984377048897 ) ) ;
#5239 = DIRECTION ( 'NONE',  ( 0.0000000000000000000, -0.8169000990817233410, -0.5767791848881776984 ) ) ;
#5240 = CARTESIAN_POINT ( 'NONE',  ( -8.030825602482426717, 128.0949690198679320, 5.899931840549682782 ) ) ;
#5241 = PLANE ( 'NONE',  #385 ) ;
#5242 = CARTESIAN_POINT ( 'NONE',  ( 28.98440303245046579, 163.2488842409812548, 32.81963316435032851 ) ) ;
#5243 = CARTESIAN_POINT ( 'NONE',  ( 29.50208897829695687, 140.8636821318221735, 15.03173207683511414 ) ) ;
#5244 = ORIENTED_EDGE ( 'NONE', *, *, #4434, .F. ) ;
#5245 = CARTESIAN_POINT ( 'NONE',  ( 17.27214518292790402, 145.3786519452706898, 18.24262491918429419 ) ) ;
#5246 = DIRECTION ( 'NONE',  ( 0.0001635243220480100468, 0.5738412646324204669, -0.8189665293922950839 ) ) ;
#5247 = CARTESIAN_POINT ( 'NONE',  ( -11.72411374705549392, 132.1371045564478948, 10.81581156674430844 ) ) ;
#5248 = DIRECTION ( 'NONE',  ( 0.0001635243220480099926, 0.5738412646324202449, -0.8189665293922949729 ) ) ;
#5249 = CARTESIAN_POINT ( 'NONE',  ( 11.48839182127640690, 170.3202653625300229, 35.64571731943708244 ) ) ;
#5250 = CARTESIAN_POINT ( 'NONE',  ( -11.80936368189501628, 171.4369317756808471, 36.20896551750571746 ) ) ;
#5251 = EDGE_CURVE ( 'NONE', #2483, #5642, #736, .T. ) ;
#5252 = CARTESIAN_POINT ( 'NONE',  ( -0.1960602261975217253, 153.8382280716990635, 23.90610211757628889 ) ) ;
#5253 = CARTESIAN_POINT ( 'NONE',  ( 1.681012584936231846, 148.3534127125436441, 20.26204018367008786 ) ) ;
#5254 = CARTESIAN_POINT ( 'NONE',  ( -11.95604931449084951, 143.7066879131328392, 17.04988182765321270 ) ) ;
#5255 = CARTESIAN_POINT ( 'NONE',  ( -17.30138288251352563, 129.4895408135067782, 7.521757687313779250 ) ) ;
#5256 = VERTEX_POINT ( 'NONE', #4113 ) ;
#5257 = CARTESIAN_POINT ( 'NONE',  ( 28.06247373503209985, 165.5210837519993561, 34.42309880406850908 ) ) ;
#5258 = CARTESIAN_POINT ( 'NONE',  ( -19.78489626384241973, 155.5238691817899905, 25.06979470866874848 ) ) ;
#5259 = CARTESIAN_POINT ( 'NONE',  ( 30.50329309034068714, 160.1511224838365024, 28.54030991863982436 ) ) ;
#5260 = CARTESIAN_POINT ( 'NONE',  ( -20.33574445334254577, 162.2680804542580972, 33.30633500349870246 ) ) ;
#5261 = CARTESIAN_POINT ( 'NONE',  ( 29.94300549786988341, 141.7088983659813834, 17.61201834080635820 ) ) ;
#5262 = CARTESIAN_POINT ( 'NONE',  ( 25.51994153874823112, 167.1181353009751263, 33.41125238877812365 ) ) ;
#5263 = CARTESIAN_POINT ( 'NONE',  ( 25.22820105565412874, 138.6629423705091995, 14.78382288892532515 ) ) ;
#5264 = CARTESIAN_POINT ( 'NONE',  ( 14.53632855582911709, 156.7995719022333674, 26.16765612422752696 ) ) ;
#5265 = CARTESIAN_POINT ( 'NONE',  ( -3.995868660383178117, 133.0991824003513386, 9.423753721415851103 ) ) ;
#5266 = CARTESIAN_POINT ( 'NONE',  ( 15.08833087024094866, 131.3728386757232727, 8.402159782598895177 ) ) ;
#5267 = CARTESIAN_POINT ( 'NONE',  ( -6.980646942748078843, 173.6213859049943835, 37.72994854282554655 ) ) ;
#5268 = VERTEX_POINT ( 'NONE', #2303 ) ;
#5269 = FACE_OUTER_BOUND ( 'NONE', #3664, .T. ) ;
#5270 = DIRECTION ( 'NONE',  ( 0.0000000000000000000, -0.8169000991683916801, -0.5767791847654281101 ) ) ;
#5271 = CARTESIAN_POINT ( 'NONE',  ( -8.104081154783633778, 170.2836498036950275, 35.64947007845093196 ) ) ;
#5272 = CARTESIAN_POINT ( 'NONE',  ( -8.046311018932801318, 136.9727049015679654, 12.24943151345592085 ) ) ;
#5273 = CARTESIAN_POINT ( 'NONE',  ( 18.89301120065835704, 168.0281177777246171, 34.04089538772338130 ) ) ;
#5274 = CARTESIAN_POINT ( 'NONE',  ( 27.55052868779045028, 137.7069087667963174, 14.11092310620288082 ) ) ;
#5275 = ORIENTED_EDGE ( 'NONE', *, *, #3449, .F. ) ;
#5276 = CARTESIAN_POINT ( 'NONE',  ( -12.06109240492455115, 133.3242569835202005, 9.640571337694344933 ) ) ;
#5277 = CARTESIAN_POINT ( 'NONE',  ( 30.19215517403192450, 158.9055103726138896, 29.75405785394503511 ) ) ;
#5278 = CARTESIAN_POINT ( 'NONE',  ( 15.07696188918134972, 137.9300844713955883, 13.00457690808581823 ) ) ;
#5279 = VERTEX_POINT ( 'NONE', #635 ) ;
#5280 = CARTESIAN_POINT ( 'NONE',  ( 16.52076897785792298, 149.0980175364799436, 20.83240125112758179 ) ) ;
#5281 = CARTESIAN_POINT ( 'NONE',  ( 29.63692634356325328, 138.3911751671769252, 15.26923311920674386 ) ) ;
#5282 = CARTESIAN_POINT ( 'NONE',  ( -11.00311301982965340, 131.6589450686713008, 10.47885991447620491 ) ) ;
#5283 = DIRECTION ( 'NONE',  ( 0.1353787816513201681, -0.9907939167549446591, 0.0000000000000000000 ) ) ;
#5284 = CARTESIAN_POINT ( 'NONE',  ( 14.51288964824604477, 170.3226148238686903, 35.64983956317602320 ) ) ;
#5285 = CARTESIAN_POINT ( 'NONE',  ( -8.106692845354279697, 172.2016341424420887, 36.74183675562971985 ) ) ;
#5286 = CARTESIAN_POINT ( 'NONE',  ( -5.574666109834536698, 137.5594107442869642, 15.87401915871227587 ) ) ;
#5287 = CARTESIAN_POINT ( 'NONE',  ( 10.13740122512960795, 148.3592654511737692, 20.27458541904417189 ) ) ;
#5288 = CARTESIAN_POINT ( 'NONE',  ( 14.55891956384411401, 143.7294735770430805, 17.08290510367097070 ) ) ;
#5289 = CARTESIAN_POINT ( 'NONE',  ( 21.24386628597272164, 130.4219868384159611, 7.853342316541944257 ) ) ;
#5290 = EDGE_LOOP ( 'NONE', ( #2595, #4037 ) ) ;
#5291 = CARTESIAN_POINT ( 'NONE',  ( 14.70527981322041988, 132.6746957475503166, 9.067974130024843760 ) ) ;
#5292 = CARTESIAN_POINT ( 'NONE',  ( -2.208163222637559375, 157.6183922652103320, 24.62251736968132931 ) ) ;
#5293 = CARTESIAN_POINT ( 'NONE',  ( 24.10833948524771841, 154.2957566286825681, 24.46103333972826377 ) ) ;
#5294 = CARTESIAN_POINT ( 'NONE',  ( 18.45230334558433682, 146.0038992688184862, 18.68125583981321469 ) ) ;
#5295 = CARTESIAN_POINT ( 'NONE',  ( 18.48614222048261624, 133.9096730338133057, 10.03783533486835111 ) ) ;
#5296 = CARTESIAN_POINT ( 'NONE',  ( 25.28006422603455761, 180.9800303422557306, -40.64264567055938926 ) ) ;
#5297 = DIRECTION ( 'NONE',  ( -0.0007442450898864458753, -0.5767790250261926044, 0.8168998729275703807 ) ) ;
#5298 = CARTESIAN_POINT ( 'NONE',  ( -11.97863667087267281, 156.7170431344322878, 26.21967508092395960 ) ) ;
#5299 = CARTESIAN_POINT ( 'NONE',  ( -21.86342560603787533, 131.8033222908797484, 9.461206771675140459 ) ) ;
#5300 = CARTESIAN_POINT ( 'NONE',  ( 21.24230091433390299, 131.3424012037753528, 8.460678853509207897 ) ) ;
#5301 = EDGE_CURVE ( 'NONE', #1137, #6972, #2805, .T. ) ;
#5302 = EDGE_CURVE ( 'NONE', #3160, #4460, #3738, .T. ) ;
#5303 = CARTESIAN_POINT ( 'NONE',  ( 30.20532191343554373, 148.1508739374345964, 20.14774414193614049 ) ) ;
#5304 = B_SPLINE_CURVE_WITH_KNOTS ( 'NONE', 3,
 ( #2797, #4343, #4981, #3364, #3264, #2763, #2733, #1624, #1731, #2832, #5021, #6624, #6063, #2692, #3836, #3905, #4877, #1193, #3800, #3939, #5561, #6657, #1162, #3333, #3227, #5992, #4410, #6592, #1695, #661, #1659, #7062, #6027, #73, #1128, #112, #3300, #5496, #4944, #2186 ),
 .UNSPECIFIED., .F., .F.,
 ( 4, 2, 2, 2, 2, 2, 2, 2, 2, 2, 2, 2, 2, 2, 2, 2, 2, 2, 2, 4 ),
 ( 0.0000000000000000000, 0.06249999999998545608, 0.1249999999999710926, 0.1875000000000952294, 0.2500000000000155431, 0.3125000000000350275, 0.3437500000005032086, 0.3750000000000254241, 0.4062500000000188738, 0.4375000000000147660, 0.4687500000000330291, 0.4999999999997667421, 0.5312499999999992228, 0.5624999999999943379, 0.5937499999999330536, 0.6249999999999850120, 0.6874999999999741318, 0.7499999999999631406, 0.8749999999998304689, 1.000000000000000000 ),
 .UNSPECIFIED. ) ;
#5305 = ORIENTED_EDGE ( 'NONE', *, *, #1278, .T. ) ;
#5306 = CARTESIAN_POINT ( 'NONE',  ( 31.13560017955249393, 159.8754128665175926, 30.43972520153178962 ) ) ;
#5307 = CARTESIAN_POINT ( 'NONE',  ( 12.96119225472817682, 168.3437906132208468, 36.40233654211730396 ) ) ;
#5308 = CARTESIAN_POINT ( 'NONE',  ( -12.00946204937991446, 174.5506068132473558, 38.61663075567434333 ) ) ;
#5309 = CARTESIAN_POINT ( 'NONE',  ( 11.54899361922887024, 135.3629624786246097, 11.11909943321123784 ) ) ;
#5310 = CARTESIAN_POINT ( 'NONE',  ( 20.50743809996859213, 153.5853237639814495, 23.96400401662366875 ) ) ;
#5311 = CARTESIAN_POINT ( 'NONE',  ( -11.92881803243410133, 128.0187867034959766, 5.998751681300068306 ) ) ;
#5312 = EDGE_LOOP ( 'NONE', ( #3686, #1684, #884, #5833 ) ) ;
#5313 = DIRECTION ( 'NONE',  ( 0.0000000000000000000, 0.8169000990817237851, 0.5767791848881770322 ) ) ;
#5314 = CARTESIAN_POINT ( 'NONE',  ( 30.10776253828904814, 161.3831808157903538, 28.77090294310454510 ) ) ;
#5315 = CARTESIAN_POINT ( 'NONE',  ( 16.24471299177139372, 137.9278098387843841, 13.01069761167131311 ) ) ;
#5316 = ORIENTED_EDGE ( 'NONE', *, *, #1724, .T. ) ;
#5317 = CARTESIAN_POINT ( 'NONE',  ( -12.20264065567578449, 132.4720397014326068, 11.05185937561442699 ) ) ;
#5318 = CARTESIAN_POINT ( 'NONE',  ( 20.45298165969379767, 168.1528453198331192, 33.52086046434829569 ) ) ;
#5319 = CARTESIAN_POINT ( 'NONE',  ( -19.52503793215159078, 161.6772617569329782, 31.66578086426768124 ) ) ;
#5320 = EDGE_LOOP ( 'NONE', ( #5305, #5638 ) ) ;
#5321 = CARTESIAN_POINT ( 'NONE',  ( 22.08703198794173161, 174.5753273442806517, 38.66561643276691740 ) ) ;
#5322 = CIRCLE ( 'NONE', #6464, 4.000000000000008882 ) ;
#5323 = CARTESIAN_POINT ( 'NONE',  ( -14.56447773349499464, 133.1524795822270448, 12.75427813154111334 ) ) ;
#5324 = CARTESIAN_POINT ( 'NONE',  ( 15.04501517085544116, 165.3741186278364523, 24.26032569153344909 ) ) ;
#5325 = CARTESIAN_POINT ( 'NONE',  ( -0.7733890342251372729, 148.3321458742593677, 20.28625357036595389 ) ) ;
#5326 = CARTESIAN_POINT ( 'NONE',  ( -0.7654010813797850199, 143.7385897919817239, 17.03209712568579093 ) ) ;
#5327 = CARTESIAN_POINT ( 'NONE',  ( 15.09117059645912917, 129.7378634870524365, 7.248246975141453774 ) ) ;
#5328 = AXIS2_PLACEMENT_3D ( 'NONE', #2090, #6996, #1672 ) ;
#5329 = VERTEX_POINT ( 'NONE', #1202 ) ;
#5330 = LINE ( 'NONE', #2496, #5223 ) ;
#5331 = CARTESIAN_POINT ( 'NONE',  ( 16.96919531952362448, 167.6446568777141692, 35.91235882148020409 ) ) ;
#5332 = CARTESIAN_POINT ( 'NONE',  ( 25.30234850689324588, 154.9689985205780829, 24.32090152683469952 ) ) ;
#5333 = CARTESIAN_POINT ( 'NONE',  ( -12.54211301473826801, 170.3897501447949310, 39.04780865657823341 ) ) ;
#5334 = CARTESIAN_POINT ( 'NONE',  ( 19.72652678760999478, 133.4258286623553147, 11.75437949107944924 ) ) ;
#5335 = CARTESIAN_POINT ( 'NONE',  ( 27.59029733226720538, 165.8609699491977096, 32.53267828367714998 ) ) ;
#5336 = AXIS2_PLACEMENT_3D ( 'NONE', #6357, #5863, #4214 ) ;
#5337 = CARTESIAN_POINT ( 'NONE',  ( -2.208163222637559375, 157.6183922652103320, 24.62251736968132931 ) ) ;
#5338 = CARTESIAN_POINT ( 'NONE',  ( -4.028333769417820953, 151.7262919431371984, 22.71297396414911773 ) ) ;
#5339 = CARTESIAN_POINT ( 'NONE',  ( 31.35476778575179679, 133.0415384796649221, 9.593078440344516622 ) ) ;
#5340 = CARTESIAN_POINT ( 'NONE',  ( -13.81281142255138583, 131.1685924579427365, 8.267762174578141554 ) ) ;
#5341 = ORIENTED_EDGE ( 'NONE', *, *, #2891, .T. ) ;
#5342 = VECTOR ( 'NONE', #5673, 1000.000000000000114 ) ;
#5343 = CARTESIAN_POINT ( 'NONE',  ( 28.05917393724021736, 138.8133836060770534, 13.59581195801735731 ) ) ;
#5344 = ORIENTED_EDGE ( 'NONE', *, *, #4956, .F. ) ;
#5345 = LINE ( 'NONE', #2735, #2662 ) ;
#5346 = EDGE_CURVE ( 'NONE', #412, #5438, #6893, .T. ) ;
#5347 = CARTESIAN_POINT ( 'NONE',  ( 0.9172775441697231802, 171.6587643593561836, 35.96217514661762493 ) ) ;
#5348 = CARTESIAN_POINT ( 'NONE',  ( -13.45437830810622160, 170.2781010912488000, 35.64416012379070509 ) ) ;
#5349 = CARTESIAN_POINT ( 'NONE',  ( 33.18994031272885792, 135.3498203426056818, 11.19123211220368574 ) ) ;
#5350 = CARTESIAN_POINT ( 'NONE',  ( 28.33454884154834019, 156.0922134225427271, 25.70806757718960966 ) ) ;
#5351 = AXIS2_PLACEMENT_3D ( 'NONE', #5097, #5641, #195 ) ;
#5352 = CARTESIAN_POINT ( 'NONE',  ( 7.702371579657669720, 162.7565948558292632, 30.32629306668081881 ) ) ;
#5353 = ORIENTED_EDGE ( 'NONE', *, *, #832, .F. ) ;
#5354 = CYLINDRICAL_SURFACE ( 'NONE', #837, 1.099999999999979217 ) ;
#5355 = CARTESIAN_POINT ( 'NONE',  ( -21.68435459965296275, 162.4952639163354604, 29.93966823472257843 ) ) ;
#5356 = CARTESIAN_POINT ( 'NONE',  ( 18.07391579430075623, 136.9606324423876060, 12.33109960610390132 ) ) ;
#5357 = AXIS2_PLACEMENT_3D ( 'NONE', #2253, #4907, #2180 ) ;
#5358 = ORIENTED_EDGE ( 'NONE', *, *, #1360, .T. ) ;
#5359 = CARTESIAN_POINT ( 'NONE',  ( -18.12265280613062757, 166.7975893331183670, 32.89897164230728066 ) ) ;
#5360 = CARTESIAN_POINT ( 'NONE',  ( 29.63618209847096452, 137.8143961421450001, 16.08613299212647618 ) ) ;
#5361 = CARTESIAN_POINT ( 'NONE',  ( -19.29373774418934318, 156.9793687854705979, 28.34900475311620482 ) ) ;
#5362 = ORIENTED_EDGE ( 'NONE', *, *, #3063, .T. ) ;
#5363 = CARTESIAN_POINT ( 'NONE',  ( -15.05568227927436808, 166.0042715721534705, 32.67318779435476728 ) ) ;
#5364 = CARTESIAN_POINT ( 'NONE',  ( 1.714253623087154121, 129.2778727058669688, 6.660058524096817756 ) ) ;
#5365 = CARTESIAN_POINT ( 'NONE',  ( -17.64218406116659210, 143.5090132674650647, 20.06379185730583004 ) ) ;
#5366 = CARTESIAN_POINT ( 'NONE',  ( -14.37695947948941999, 133.4421824272351671, 11.73485586993023766 ) ) ;
#5367 = CARTESIAN_POINT ( 'NONE',  ( 17.38977305043439969, 151.0288963141174179, 22.17874552962531709 ) ) ;
#5368 = CARTESIAN_POINT ( 'NONE',  ( 11.53107083853456949, 145.6736697729352841, 18.41449526905195100 ) ) ;
#5369 = CARTESIAN_POINT ( 'NONE',  ( 18.08517163307558562, 130.4088270063949722, 7.864276964674038695 ) ) ;
#5370 = VERTEX_POINT ( 'NONE', #1737 ) ;
#5371 = CARTESIAN_POINT ( 'NONE',  ( 15.83009185982596811, 168.1028690408321040, 37.45898581263338656 ) ) ;
#5372 = CARTESIAN_POINT ( 'NONE',  ( 25.22820105565412874, 136.5390021128967248, 13.28419700821607208 ) ) ;
#5373 = CARTESIAN_POINT ( 'NONE',  ( 14.61149054513461465, 157.2010097776598627, 25.83897163946920728 ) ) ;
#5374 = CARTESIAN_POINT ( 'NONE',  ( -15.98259199435285716, 168.5467840756503506, 37.74343248097247283 ) ) ;
#5375 = CARTESIAN_POINT ( 'NONE',  ( 28.58193440872963365, 138.5406662728552760, 15.37382141019284632 ) ) ;
#5376 = CARTESIAN_POINT ( 'NONE',  ( 18.32041830640534741, 131.9620968202081883, 10.71961826492189473 ) ) ;
#5377 = CARTESIAN_POINT ( 'NONE',  ( -3.316398893761033584, 134.6539467119532105, 10.54371020047418916 ) ) ;
#5378 = CARTESIAN_POINT ( 'NONE',  ( -10.69598909803829301, 156.7165848222834086, 26.22349396222897866 ) ) ;
#5379 = CARTESIAN_POINT ( 'NONE',  ( -9.345739657877542683, 132.2704529327361058, 8.827165189056241701 ) ) ;
#5380 = CARTESIAN_POINT ( 'NONE',  ( -7.242011407932094080, 131.4494412144298678, 8.237991514286640893 ) ) ;
#5381 = CARTESIAN_POINT ( 'NONE',  ( 25.66886408430749000, 141.3739946481571792, 15.40357721944865155 ) ) ;
#5382 = LINE ( 'NONE', #4152, #1559 ) ;
#5383 = CARTESIAN_POINT ( 'NONE',  ( 1.607662702282616207, 171.3264118880388196, 36.19870064152468103 ) ) ;
#5384 = EDGE_LOOP ( 'NONE', ( #642, #519, #2668, #2089, #6410, #2340 ) ) ;
#5385 = DIRECTION ( 'NONE',  ( 0.0001635243220480099926, 0.5738412646324204669, -0.8189665293922948619 ) ) ;
#5386 = CARTESIAN_POINT ( 'NONE',  ( -0.4245845965900751362, 171.8655457299493321, 36.10695235485842858 ) ) ;
#5387 = CARTESIAN_POINT ( 'NONE',  ( 31.28280001529644494, 174.5893695441183695, 38.66832957208324473 ) ) ;
#5388 = CARTESIAN_POINT ( 'NONE',  ( -11.17188962795859375, 135.3543503639820926, 11.07526711650416651 ) ) ;
#5389 = EDGE_CURVE ( 'NONE', #858, #1296, #758, .T. ) ;
#5390 = DIRECTION ( 'NONE',  ( 0.0001635243220480100197, 0.5738412646324202449, -0.8189665293922949729 ) ) ;
#5391 = CARTESIAN_POINT ( 'NONE',  ( 6.482720675759252593, 166.4129722934666518, 32.89897972749584198 ) ) ;
#5392 = CARTESIAN_POINT ( 'NONE',  ( 12.82358229135533634, 132.1885267803327793, 8.876327691566373801 ) ) ;
#5393 = FACE_OUTER_BOUND ( 'NONE', #5150, .T. ) ;
#5394 = CARTESIAN_POINT ( 'NONE',  ( 27.66964779598903235, 136.9893784834600865, 12.31386973714374022 ) ) ;
#5395 = VERTEX_POINT ( 'NONE', #476 ) ;
#5396 = EDGE_CURVE ( 'NONE', #1137, #2680, #6376, .T. ) ;
#5397 = ADVANCED_FACE ( 'NONE', ( #3144, #3684 ), #2571, .T. ) ;
#5398 = CARTESIAN_POINT ( 'NONE',  ( -12.67211766689606733, 171.1188878297071483, 35.95502655241207179 ) ) ;
#5399 = CARTESIAN_POINT ( 'NONE',  ( 31.20542036025079824, 146.1604662982043692, 21.98037568311936596 ) ) ;
#5400 = DIRECTION ( 'NONE',  ( 0.0001635243220480100468, 0.5738412646324204669, -0.8189665293922950839 ) ) ;
#5401 = EDGE_LOOP ( 'NONE', ( #5759, #3241, #1783, #1835 ) ) ;
#5402 = CARTESIAN_POINT ( 'NONE',  ( 19.66579592263294529, 129.6581688538630033, 7.372982945954204226 ) ) ;
#5403 = CARTESIAN_POINT ( 'NONE',  ( 20.45463620706234664, 149.4547092115496412, 23.37840379798633705 ) ) ;
#5404 = CARTESIAN_POINT ( 'NONE',  ( 7.804467929005405757, 170.0621626247227312, 37.61090946439631466 ) ) ;
#5405 = CARTESIAN_POINT ( 'NONE',  ( -17.97482237156878782, 143.7142354915607143, 17.02427948413096104 ) ) ;
#5406 = CARTESIAN_POINT ( 'NONE',  ( 13.38645782900967518, 140.8314768003516804, 15.03779035900093497 ) ) ;
#5407 = CARTESIAN_POINT ( 'NONE',  ( -16.31348332281946512, 128.3921568147487733, 6.666393367555451199 ) ) ;
#5408 = ORIENTED_EDGE ( 'NONE', *, *, #4512, .T. ) ;
#5409 = DIRECTION ( 'NONE',  ( 0.0001635243220479844868, 0.5738412646324201338, -0.8189665293922949729 ) ) ;
#5410 = CARTESIAN_POINT ( 'NONE',  ( 21.54501508394973897, 159.3534101236901961, 20.04297620292091864 ) ) ;
#5411 = CARTESIAN_POINT ( 'NONE',  ( 13.45821956945989406, 159.0757339987042940, 27.13857069478360984 ) ) ;
#5412 = CARTESIAN_POINT ( 'NONE',  ( -21.73368108510795693, 161.2822112538268300, 29.08125197035428400 ) ) ;
#5413 = CARTESIAN_POINT ( 'NONE',  ( -13.15479681001853507, 170.7131895920059321, 38.05147737429363985 ) ) ;
#5414 = CARTESIAN_POINT ( 'NONE',  ( -19.42931610136061593, 152.6820252400222273, 25.31470568414499667 ) ) ;
#5415 = CARTESIAN_POINT ( 'NONE',  ( 4.840332820822034421, 156.7854720639524260, 26.16379011210479177 ) ) ;
#5416 = CARTESIAN_POINT ( 'NONE',  ( -17.33958372616270438, 151.7299549513316776, 22.67489813136613819 ) ) ;
#5417 = CARTESIAN_POINT ( 'NONE',  ( 13.39997982233737872, 133.0593537816913283, 9.523393744079427847 ) ) ;
#5418 = CARTESIAN_POINT ( 'NONE',  ( 11.55584851480637276, 131.4418906578358417, 8.295146007114729159 ) ) ;
#5419 = CARTESIAN_POINT ( 'NONE',  ( 31.18398076001252051, 143.9123868736938618, 20.39308076738233311 ) ) ;
#5420 = CARTESIAN_POINT ( 'NONE',  ( 29.97635986144871723, 160.3230040871520998, 28.05042549450122635 ) ) ;
#5421 = LINE ( 'NONE', #2187, #2016 ) ;
#5422 = ORIENTED_EDGE ( 'NONE', *, *, #4956, .T. ) ;
#5423 = CIRCLE ( 'NONE', #4388, 1.100000000000006084 ) ;
#5424 = DIRECTION ( 'NONE',  ( -0.0007442459860544277123, -0.5767790251485576114, 0.8168998728403572551 ) ) ;
#5425 = CARTESIAN_POINT ( 'NONE',  ( -3.123453587298720358, 170.9041901598149593, 38.19547409056864495 ) ) ;
#5426 = CARTESIAN_POINT ( 'NONE',  ( -7.316849415214515595, 174.5539619786876528, 38.62343951300920253 ) ) ;
#5427 = CARTESIAN_POINT ( 'NONE',  ( -7.248865771603481001, 135.3618107036396907, 11.07433240703767297 ) ) ;
#5428 = PLANE ( 'NONE',  #3172 ) ;
#5429 = CARTESIAN_POINT ( 'NONE',  ( -18.44514500980894312, 152.8263734014132353, 25.41752055666284704 ) ) ;
#5430 = ORIENTED_EDGE ( 'NONE', *, *, #6912, .T. ) ;
#5431 = LINE ( 'NONE', #6601, #4842 ) ;
#5432 = CARTESIAN_POINT ( 'NONE',  ( 26.17950532974199263, 165.5737242987140974, 34.45855060682772830 ) ) ;
#5433 = VERTEX_POINT ( 'NONE', #938 ) ;
#5434 = ORIENTED_EDGE ( 'NONE', *, *, #4947, .T. ) ;
#5435 = CARTESIAN_POINT ( 'NONE',  ( -18.65983728262631303, 165.8563892877452304, 32.23394002773868294 ) ) ;
#5436 = CARTESIAN_POINT ( 'NONE',  ( 15.65809703321117929, 130.4886229453544502, 10.90097434104167462 ) ) ;
#5437 = CYLINDRICAL_SURFACE ( 'NONE', #4440, 9.000000000000000000 ) ;
#5438 = VERTEX_POINT ( 'NONE', #3720 ) ;
#5439 = CARTESIAN_POINT ( 'NONE',  ( -13.38309028069498119, 129.1207389727579766, 6.846461886640842209 ) ) ;
#5440 = CARTESIAN_POINT ( 'NONE',  ( 21.05579061835280541, 167.9985815790347203, 33.82006664729503598 ) ) ;
#5441 = CARTESIAN_POINT ( 'NONE',  ( -16.26283666022750296, 137.1723697687831987, 15.59100809565852508 ) ) ;
#5442 = ADVANCED_FACE ( 'NONE', ( #4260 ), #2649, .F. ) ;
#5443 = CARTESIAN_POINT ( 'NONE',  ( 11.53107083853456949, 145.6736697729352841, 18.41449526905195100 ) ) ;
#5444 = EDGE_CURVE ( 'NONE', #4027, #6838, #4718, .T. ) ;
#5445 = CARTESIAN_POINT ( 'NONE',  ( -16.33470960878331724, 140.8258058023317858, 14.97248976618673133 ) ) ;
#5446 = CARTESIAN_POINT ( 'NONE',  ( 33.20062825374856885, 129.1217588528641329, 6.960011998602383620 ) ) ;
#5447 = VERTEX_POINT ( 'NONE', #3608 ) ;
#5448 = AXIS2_PLACEMENT_3D ( 'NONE', #2046, #2697, #5270 ) ;
#5449 = CARTESIAN_POINT ( 'NONE',  ( 25.22805894305470176, 166.2314101761660936, 36.14618865840864004 ) ) ;
#5450 = CARTESIAN_POINT ( 'NONE',  ( 19.88450542682578970, 154.3866097424119914, 23.91224110036881001 ) ) ;
#5451 = CARTESIAN_POINT ( 'NONE',  ( 20.45407802327044067, 149.0221249625462292, 23.99107867468680766 ) ) ;
#5452 = CARTESIAN_POINT ( 'NONE',  ( 30.20384370996341517, 153.2923494861718723, 23.73381257659798393 ) ) ;
#5453 = CARTESIAN_POINT ( 'NONE',  ( -1.141734112586281435, 137.3047366577818025, 12.43781605373602872 ) ) ;
#5454 = CARTESIAN_POINT ( 'NONE',  ( -15.03962559157478118, 156.7221996056833859, 26.20477831798559265 ) ) ;
#5455 = AXIS2_PLACEMENT_3D ( 'NONE', #6096, #6522, #1765 ) ;
#5456 = CARTESIAN_POINT ( 'NONE',  ( 8.024214101830850154, 151.0425178161651161, 22.13623491076327454 ) ) ;
#5457 = CARTESIAN_POINT ( 'NONE',  ( 24.91916847322335826, 132.2015363144644482, 9.009855847010527441 ) ) ;
#5458 = CARTESIAN_POINT ( 'NONE',  ( 8.778075298315807018, 131.2987407302683494, 8.138271087496541156 ) ) ;
#5459 = B_SPLINE_CURVE_WITH_KNOTS ( 'NONE', 3,
 ( #1773, #2843, #6765, #2905, #1867, #121, #2305, #5537 ),
 .UNSPECIFIED., .F., .F.,
 ( 4, 2, 2, 4 ),
 ( 0.0000000000000000000, 0.2500000000000019429, 0.5000000000000038858, 1.000000000000000000 ),
 .UNSPECIFIED. ) ;
#5460 = CARTESIAN_POINT ( 'NONE',  ( 30.70687962224056733, 140.1107048858935400, 17.70843656160272772 ) ) ;
#5461 = CYLINDRICAL_SURFACE ( 'NONE', #6471, 1.099999999999979217 ) ;
#5462 = CARTESIAN_POINT ( 'NONE',  ( -4.211857392226877828, 130.7218722528860155, 7.678291107853195463 ) ) ;
#5463 = CARTESIAN_POINT ( 'NONE',  ( -12.57125418783751059, 131.0860526730290303, 11.29707598157179049 ) ) ;
#5464 = CARTESIAN_POINT ( 'NONE',  ( -15.39245590225855587, 166.0042760681633069, 32.67234999670134954 ) ) ;
#5465 = AXIS2_PLACEMENT_3D ( 'NONE', #4092, #340, #5818 ) ;
#5466 = CARTESIAN_POINT ( 'NONE',  ( -14.99963091142806171, 133.6394928038630781, 10.03673796594126166 ) ) ;
#5467 = CARTESIAN_POINT ( 'NONE',  ( 29.05645433804442845, 156.8696838165622580, 26.24951467597681898 ) ) ;
#5468 = AXIS2_PLACEMENT_3D ( 'NONE', #973, #1391, #3143 ) ;
#5469 = CARTESIAN_POINT ( 'NONE',  ( 5.358912751026902122, 168.0829957524041731, 34.07630303660288007 ) ) ;
#5470 = EDGE_LOOP ( 'NONE', ( #7078, #2904, #6965, #2168 ) ) ;
#5471 = CARTESIAN_POINT ( 'NONE',  ( -5.574666109834536698, 137.5594107442869642, 15.87401915871227587 ) ) ;
#5472 = CARTESIAN_POINT ( 'NONE',  ( -15.78866704451955094, 168.1613797346601871, 36.24735095024667686 ) ) ;
#5473 = CARTESIAN_POINT ( 'NONE',  ( 18.92856328558370649, 131.6329704504377673, 11.71193011259041761 ) ) ;
#5474 = CARTESIAN_POINT ( 'NONE',  ( -2.207229968426212885, 159.2402398244551591, 24.23261524121570076 ) ) ;
#5475 = VERTEX_POINT ( 'NONE', #5337 ) ;
#5476 = CARTESIAN_POINT ( 'NONE',  ( -21.20557487741813318, 128.6385640001594197, 7.513509658177152772 ) ) ;
#5477 = CARTESIAN_POINT ( 'NONE',  ( 34.54351171360156769, 154.0771572022040914, 27.57306302244122875 ) ) ;
#5478 = AXIS2_PLACEMENT_3D ( 'NONE', #460, #1415, #2632 ) ;
#5479 = CARTESIAN_POINT ( 'NONE',  ( -16.09987271580985535, 136.5915545971368203, 15.18106712932772950 ) ) ;
#5480 = CARTESIAN_POINT ( 'NONE',  ( -11.95939872167209650, 145.6288372406346241, 18.42032156453218761 ) ) ;
#5481 = CARTESIAN_POINT ( 'NONE',  ( -10.66837138456316225, 140.8183711860054927, 14.99706125131131174 ) ) ;
#5482 = CARTESIAN_POINT ( 'NONE',  ( -13.97793644230117671, 128.5182464201303958, 6.492675011254944728 ) ) ;
#5483 = ORIENTED_EDGE ( 'NONE', *, *, #2890, .T. ) ;
#5484 = CARTESIAN_POINT ( 'NONE',  ( 24.81853841259324156, 160.0249736577393094, 20.51418736295348211 ) ) ;
#5485 = CARTESIAN_POINT ( 'NONE',  ( 13.60409842209874753, 158.7403166825423853, 26.90534156146452460 ) ) ;
#5486 = EDGE_CURVE ( 'NONE', #3280, #4954, #436, .T. ) ;
#5487 = CARTESIAN_POINT ( 'NONE',  ( -21.64579272365877927, 160.2042574515891715, 28.32023369479956543 ) ) ;
#5488 = CARTESIAN_POINT ( 'NONE',  ( -12.54136876961728930, 170.9665291698299825, 38.23090878365731982 ) ) ;
#5489 = EDGE_CURVE ( 'NONE', #6496, #2995, #3181, .T. ) ;
#5490 = DIRECTION ( 'NONE',  ( 0.0001635243220480100197, 0.5738412646324202449, -0.8189665293922949729 ) ) ;
#5491 = CARTESIAN_POINT ( 'NONE',  ( -20.59220308991783099, 151.7433911263093478, 22.64774241833891821 ) ) ;
#5492 = CARTESIAN_POINT ( 'NONE',  ( -9.378353355318113316, 150.9693262570990271, 22.19745858011487627 ) ) ;
#5493 = CARTESIAN_POINT ( 'NONE',  ( -14.99560223897123201, 131.2757936837733723, 8.466031317045791482 ) ) ;
#5494 = CARTESIAN_POINT ( 'NONE',  ( 31.20542036025079824, 146.1604662982043692, 21.98037568311936596 ) ) ;
#5495 = EDGE_CURVE ( 'NONE', #5845, #3713, #1524, .T. ) ;
#5496 = CARTESIAN_POINT ( 'NONE',  ( 30.20215574488805998, 150.0860313518844009, 23.52699963478670853 ) ) ;
#5497 = CARTESIAN_POINT ( 'NONE',  ( 0.02733293142992195002, 130.5558728395267565, 7.564947984323298513 ) ) ;
#5498 = CARTESIAN_POINT ( 'NONE',  ( 21.52098000469652916, 80.33254063774138842, 144.1460192128742221 ) ) ;
#5499 = CARTESIAN_POINT ( 'NONE',  ( 12.15790433502369083, 170.3208152801196036, 35.64658736581857568 ) ) ;
#5500 = CARTESIAN_POINT ( 'NONE',  ( 18.07957849961773178, 133.6780418629357996, 10.06352783115943517 ) ) ;
#5501 = DIRECTION ( 'NONE',  ( -0.0001635243220479845139, -0.5738412646324201338, 0.8189665293922950839 ) ) ;
#5502 = DIRECTION ( 'NONE',  ( 0.0000000000000000000, 0.8169000990817233410, 0.5767791848881776984 ) ) ;
#5503 = ORIENTED_EDGE ( 'NONE', *, *, #4473, .T. ) ;
#5504 = CARTESIAN_POINT ( 'NONE',  ( -6.981125675983880896, 168.0513191162216629, 37.40180610703053077 ) ) ;
#5505 = CARTESIAN_POINT ( 'NONE',  ( 15.63351533857713527, 167.8788930810617330, 36.07652637758854297 ) ) ;
#5506 = CARTESIAN_POINT ( 'NONE',  ( -11.21599925225027761, 170.5246419059720893, 37.92011805658187029 ) ) ;
#5507 = CARTESIAN_POINT ( 'NONE',  ( 31.19036100829284663, 144.4775224914494629, 20.79210533563050944 ) ) ;
#5508 = CARTESIAN_POINT ( 'NONE',  ( 14.71306299615750923, 157.0947555958791213, 25.76572368034414495 ) ) ;
#5509 = FACE_OUTER_BOUND ( 'NONE', #4851, .T. ) ;
#5510 = CARTESIAN_POINT ( 'NONE',  ( -12.95690887326390417, 129.1364909722101686, 6.825091585059562149 ) ) ;
#5511 = CARTESIAN_POINT ( 'NONE',  ( 27.55052868779045028, 137.7069087667963174, 14.11092310620288082 ) ) ;
#5512 = CARTESIAN_POINT ( 'NONE',  ( 21.18160021902381374, 167.7089092343024106, 35.96156249330006460 ) ) ;
#5513 = CARTESIAN_POINT ( 'NONE',  ( 31.33286133797445672, 145.7004035687978103, 18.42532559990189966 ) ) ;
#5514 = CARTESIAN_POINT ( 'NONE',  ( -4.009387567574639988, 140.8208142144641783, 15.01002281177776787 ) ) ;
#5515 = CARTESIAN_POINT ( 'NONE',  ( -12.95690887326390417, 129.1364909722101686, 6.825091585059562149 ) ) ;
#5516 = EDGE_LOOP ( 'NONE', ( #4526, #871, #6212, #3471 ) ) ;
#5517 = CARTESIAN_POINT ( 'NONE',  ( -2.137588026494943172, 128.7566340546749473, 8.437735844353575487 ) ) ;
#5518 = CARTESIAN_POINT ( 'NONE',  ( 16.39109435798905778, 155.6875337747882497, 24.79843190839241274 ) ) ;
#5519 = CARTESIAN_POINT ( 'NONE',  ( -21.71091052294423207, 162.1901143316634091, 29.72230531885710292 ) ) ;
#5520 = CARTESIAN_POINT ( 'NONE',  ( -19.01166769130250245, 166.0542877817789815, 34.75668460913361457 ) ) ;
#5521 = FACE_OUTER_BOUND ( 'NONE', #1525, .T. ) ;
#5522 = CARTESIAN_POINT ( 'NONE',  ( -15.36772729541410243, 151.7228010165389094, 22.68994945738686653 ) ) ;
#5523 = CARTESIAN_POINT ( 'NONE',  ( 1.676374130252491934, 151.0233309691438421, 22.14787571690904500 ) ) ;
#5524 = CARTESIAN_POINT ( 'NONE',  ( -11.93462140533281612, 131.4029468566072580, 8.292589898508174073 ) ) ;
#5525 = CARTESIAN_POINT ( 'NONE',  ( 26.65797809061882973, 135.0482595104259076, 14.13036563778191024 ) ) ;
#5526 = CARTESIAN_POINT ( 'NONE',  ( 29.98816072680429912, 162.0309464843559226, 29.24445134299147853 ) ) ;
#5527 = CARTESIAN_POINT ( 'NONE',  ( 30.13469726046750452, 160.9619503518668466, 28.84694767351665945 ) ) ;
#5528 = EDGE_LOOP ( 'NONE', ( #2884, #1005, #6448, #3702 ) ) ;
#5529 = CARTESIAN_POINT ( 'NONE',  ( -11.22510529491628972, 166.0066939577779976, 32.67919621177681222 ) ) ;
#5530 = CARTESIAN_POINT ( 'NONE',  ( -16.32516355467061331, 135.2754076095985454, 11.17491741350060153 ) ) ;
#5531 = EDGE_CURVE ( 'NONE', #6496, #6764, #328, .T. ) ;
#5532 = CARTESIAN_POINT ( 'NONE',  ( -0.7468506811591337780, 133.1105149098657705, 9.415643185564453788 ) ) ;
#5533 = ADVANCED_FACE ( 'NONE', ( #3292 ), #1156, .F. ) ;
#5534 = CARTESIAN_POINT ( 'NONE',  ( -12.60213375356923571, 141.8947224735385930, 15.75001400605094126 ) ) ;
#5535 = DIRECTION ( 'NONE',  ( -0.0001635243220480099926, -0.5738412646324205779, 0.8189665293922946399 ) ) ;
#5536 = ORIENTED_EDGE ( 'NONE', *, *, #5655, .F. ) ;
#5537 = CARTESIAN_POINT ( 'NONE',  ( -21.71108906706871267, 160.8013208168067081, 28.99795853735493623 ) ) ;
#5538 = CARTESIAN_POINT ( 'NONE',  ( -19.57801752485681135, 162.2812137739176706, 29.70882077302827184 ) ) ;
#5539 = DIRECTION ( 'NONE',  ( -0.0007442459860544277123, -0.5767790251485576114, 0.8168998728403572551 ) ) ;
#5540 = CARTESIAN_POINT ( 'NONE',  ( 30.20335390661830388, 158.9349390997563773, 27.69053098905472510 ) ) ;
#5541 = ORIENTED_EDGE ( 'NONE', *, *, #450, .T. ) ;
#5542 = CARTESIAN_POINT ( 'NONE',  ( -21.85716063865686110, 127.9889678483370830, 7.226633038760060579 ) ) ;
#5543 = DIRECTION ( 'NONE',  ( 0.0001635243220480100197, 0.5738412646324202449, -0.8189665293922950839 ) ) ;
#5544 = DIRECTION ( 'NONE',  ( -0.0001635243220480100197, -0.5738412646324206889, 0.8189665293922947509 ) ) ;
#5545 = CARTESIAN_POINT ( 'NONE',  ( -14.51396122774417563, 145.6351282230578477, 18.40506008648140579 ) ) ;
#5546 = CARTESIAN_POINT ( 'NONE',  ( 15.07193090396430080, 140.8282194010418777, 15.04658810414355408 ) ) ;
#5547 = CARTESIAN_POINT ( 'NONE',  ( 10.17064368312365374, 129.2604958835919149, 6.705670232347193505 ) ) ;
#5548 = VERTEX_POINT ( 'NONE', #6619 ) ;
#5549 = CARTESIAN_POINT ( 'NONE',  ( 27.22462653231546170, 167.3570657892096847, 25.65218790880647859 ) ) ;
#5550 = CARTESIAN_POINT ( 'NONE',  ( 19.19241090316937104, 167.6470157195037132, 33.77303135672881496 ) ) ;
#5551 = CARTESIAN_POINT ( 'NONE',  ( 16.48146483011490560, 143.5883256475849237, 16.98795852970600961 ) ) ;
#5552 = CARTESIAN_POINT ( 'NONE',  ( 30.20340657305171206, 151.0552466779157612, 22.15428692758282381 ) ) ;
#5553 = CARTESIAN_POINT ( 'NONE',  ( -10.29461880930547757, 180.4237148593043685, -41.06784761823287511 ) ) ;
#5554 = B_SPLINE_CURVE_WITH_KNOTS ( 'NONE', 3,
 ( #3657, #5273, #6879, #1329, #4659, #373, #3513, #4732, #5165, #410, #6916, #2547, #6767, #876, #4158, #2014, #262, #1483, #4048, #4200, #2976, #5850, #3121, #1405, #1978, #2437, #1442, #3620, #4618, #6801, #3544, #950, #5814, #4088, #3046, #1905, #6272, #1944, #5310, #911, #1367, #5741, #3581, #838, #3011, #5198, #296, #6842, #4123, #6307, #5350, #2049, #5467, #2121, #4805, #1596 ),
 .UNSPECIFIED., .F., .F.,
 ( 4, 2, 2, 2, 2, 2, 2, 2, 2, 2, 2, 2, 2, 2, 2, 2, 2, 2, 2, 2, 2, 2, 2, 2, 2, 2, 2, 4 ),
 ( 1.040834085586084257E-17, 0.002399439414989994364, 0.003599159122485004556, 0.004798878829980014749, 0.005998598537475024507, 0.007198318244970035133, 0.008398037952465044892, 0.009597757659960055518, 0.01199719707495001259, 0.01319691678244502495, 0.01439663648994003557, 0.01559635619743504793, 0.01679607590493005856, 0.01799579561242507092, 0.01919551531992007981, 0.02039523502741508870, 0.02159495473491009412, 0.02279467444240509955, 0.02399439414990010150, 0.02639383356489009499, 0.02879327297988008849, 0.02999299268737507657, 0.03119271239487006464, 0.03239243210236504578, 0.03359215180986004079, 0.03479187151735502193, 0.03599159122485001694, 0.03839103063984004860 ),
 .UNSPECIFIED. ) ;
#5555 = CARTESIAN_POINT ( 'NONE',  ( -0.2126840432824619043, 163.7952774964547586, 30.85956637869468011 ) ) ;
#5556 = CARTESIAN_POINT ( 'NONE',  ( -7.286024039855629297, 156.7204498089978415, 26.22641051680832547 ) ) ;
#5557 = CARTESIAN_POINT ( 'NONE',  ( -19.28454319686886720, 148.3206873369804555, 20.25686565386725135 ) ) ;
#5558 = CARTESIAN_POINT ( 'NONE',  ( 15.08833087024094866, 131.3728386757232727, 8.402159782598895177 ) ) ;
#5559 = CARTESIAN_POINT ( 'NONE',  ( 31.18220316541354009, 159.2434948729502651, 29.99359664617411170 ) ) ;
#5560 = B_SPLINE_SURFACE_WITH_KNOTS ( 'NONE', 3, 1, ( 
 ( #604, #52 ),
 ( #3814, #3165 ),
 ( #3277, #3703 ),
 ( #495, #4389 ),
 ( #1032, #7075 ),
 ( #5893, #5970 ),
 ( #2165, #5506 ),
 ( #7035, #5934 ),
 ( #5398, #1070 ),
 ( #1140, #6005 ),
 ( #4892, #2630 ),
 ( #1104, #3205 ),
 ( #3740, #4278 ),
 ( #569, #530 ),
 ( #2236, #5472 ),
 ( #6039, #6501 ),
 ( #4924, #2127 ),
 ( #21, #3850 ),
 ( #4319, #1563 ),
 ( #1602, #3242 ),
 ( #5359, #6570 ),
 ( #5435, #458 ),
 ( #3311, #2776 ),
 ( #4958, #4424 ),
 ( #4457, #1810 ),
 ( #5608, #6738 ),
 ( #708, #4524 ),
 ( #88, #4997 ),
 ( #5538, #156 ),
 ( #2306, #5575 ),
 ( #4492, #3378 ),
 ( #639, #3986 ),
 ( #3474, #1708 ),
 ( #1840, #5130 ),
 ( #4017, #2845 ),
 ( #2876, #1774 ),
 ( #2338, #3442 ),
 ( #5062, #1740 ) ),
 .UNSPECIFIED., .F., .F., .F.,
 ( 4, 2, 2, 2, 2, 2, 2, 2, 2, 2, 2, 2, 2, 2, 2, 2, 2, 2, 4 ),
 ( 2, 2 ),
 ( 0.0000000000000000000, 0.1250000000001352252, 0.1562500000001580958, 0.1875000000001808553, 0.2500000000002264855, 0.2812500000002673417, 0.3125000000003084200, 0.3750000000003541611, 0.4062500000003562706, 0.4375000000003583800, 0.5000000000003226308, 0.5625000000002869927, 0.5937500000002478018, 0.6250000000002084999, 0.6875000000001737499, 0.7500000000001389999, 0.8125000000001043610, 0.8750000000000696110, 1.000000000000000000 ),
 ( 0.0000000000000000000, 1.000000000000000000 ),
 .UNSPECIFIED. ) ;
#5561 = CARTESIAN_POINT ( 'NONE',  ( 28.21054714449044809, 138.0646310845781386, 15.03737440606105835 ) ) ;
#5562 = CARTESIAN_POINT ( 'NONE',  ( 30.20243686121078497, 159.1745956075719164, 27.85803728159618231 ) ) ;
#5563 = CIRCLE ( 'NONE', #6017, 9.000000000000008882 ) ;
#5564 = VERTEX_POINT ( 'NONE', #2216 ) ;
#5565 = CARTESIAN_POINT ( 'NONE',  ( -4.053063304656840948, 166.0229561362320680, 32.67375328830387815 ) ) ;
#5566 = CARTESIAN_POINT ( 'NONE',  ( -17.31109003707925709, 135.2506321270109595, 11.20775047798364099 ) ) ;
#5567 = CARTESIAN_POINT ( 'NONE',  ( -17.30710458945655716, 132.8733435404202226, 9.712365824248697876 ) ) ;
#5568 = CARTESIAN_POINT ( 'NONE',  ( -17.93373544216674631, 151.2720164641874590, 22.34693648119768383 ) ) ;
#5569 = EDGE_CURVE ( 'NONE', #1718, #4399, #548, .T. ) ;
#5570 = CARTESIAN_POINT ( 'NONE',  ( -11.57729510601738632, 130.9896048336080980, 10.00574349813486030 ) ) ;
#5571 = ORIENTED_EDGE ( 'NONE', *, *, #7006, .T. ) ;
#5572 = DIRECTION ( 'NONE',  ( 0.0001635243220480100468, 0.5738412646324204669, -0.8189665293922949729 ) ) ;
#5573 =( BOUNDED_CURVE ( )  B_SPLINE_CURVE ( 3, ( #2931, #6195, #284, #2394 ),
 .UNSPECIFIED., .F., .T. ) 
 B_SPLINE_CURVE_WITH_KNOTS ( ( 4, 4 ),
 ( 2.981303892144689272, 6.122896545734481499 ),
 .UNSPECIFIED. ) 
 CURVE ( )  GEOMETRIC_REPRESENTATION_ITEM ( )  RATIONAL_B_SPLINE_CURVE ( ( 1.000000000000000000, 0.3333333333333337034, 0.3333333333333337034, 1.000000000000000000 ) ) 
 REPRESENTATION_ITEM ( '' )  );
#5574 = AXIS2_PLACEMENT_3D ( 'NONE', #6130, #1861, #3975 ) ;
#5575 = CARTESIAN_POINT ( 'NONE',  ( -19.63073175179115282, 160.1171744664861762, 30.56417181980628328 ) ) ;
#5576 = CARTESIAN_POINT ( 'NONE',  ( -21.45580053274254340, 163.9792135916628695, 30.97882620384879360 ) ) ;
#5577 = LINE ( 'NONE', #3918, #564 ) ;
#5578 = ORIENTED_EDGE ( 'NONE', *, *, #2721, .F. ) ;
#5579 = CARTESIAN_POINT ( 'NONE',  ( 14.58516359020711661, 128.6143835313580723, 6.426341311506877929 ) ) ;
#5580 = CARTESIAN_POINT ( 'NONE',  ( 23.92464331570617375, 141.1120832572596839, 15.22562258242129118 ) ) ;
#5581 = CARTESIAN_POINT ( 'NONE',  ( -17.76258130089792786, 153.1162053445425215, 23.64459705867360029 ) ) ;
#5582 = CARTESIAN_POINT ( 'NONE',  ( 18.06720351250628909, 140.8301481312975056, 15.05123709519354236 ) ) ;
#5583 = CARTESIAN_POINT ( 'NONE',  ( 16.24471299177139372, 137.9278098387843841, 13.01069761167131311 ) ) ;
#5584 = CARTESIAN_POINT ( 'NONE',  ( 22.16669526885724650, 128.5096524459933676, 6.594138990016623403 ) ) ;
#5585 = ORIENTED_EDGE ( 'NONE', *, *, #2770, .F. ) ;
#5586 = CARTESIAN_POINT ( 'NONE',  ( -10.23237956420845762, 132.2173443596346090, 8.806706753093109796 ) ) ;
#5587 = CARTESIAN_POINT ( 'NONE',  ( 13.04237961909178622, 160.8531871041592467, 28.98969158586954720 ) ) ;
#5588 = CARTESIAN_POINT ( 'NONE',  ( -8.756627206958597753, 141.2633978228691092, 15.32312135018172761 ) ) ;
#5589 = CARTESIAN_POINT ( 'NONE',  ( -20.63194917256604555, 159.5386948492790680, 31.37895948387512490 ) ) ;
#5590 = VECTOR ( 'NONE', #5390, 1000.000000000000000 ) ;
#5591 = CARTESIAN_POINT ( 'NONE',  ( -19.29147970754467423, 158.0439395226450472, 26.84366220402708691 ) ) ;
#5592 = CARTESIAN_POINT ( 'NONE',  ( 1.743694629024615361, 173.7525240380143430, 37.81963955684576462 ) ) ;
#5593 = CARTESIAN_POINT ( 'NONE',  ( -7.277351820583376707, 151.7161364437695852, 22.71940906694974771 ) ) ;
#5594 = CARTESIAN_POINT ( 'NONE',  ( 29.48314134117314467, 151.7926419891360581, 22.70125723493368497 ) ) ;
#5595 = CARTESIAN_POINT ( 'NONE',  ( 19.66295398430961328, 131.3293355276629484, 8.475378431743369134 ) ) ;
#5596 = COLOUR_RGB ( '',0.7921568627450980005, 0.8196078431372548767, 0.9333333333333333481 ) ;
#5597 = CARTESIAN_POINT ( 'NONE',  ( 27.87243551668773023, 165.5342749982053192, 32.30422552601135777 ) ) ;
#5598 = CARTESIAN_POINT ( 'NONE',  ( -10.70466202877768325, 161.7325382544729848, 29.71392618119031326 ) ) ;
#5599 = CARTESIAN_POINT ( 'NONE',  ( 2.715695087515759276, 128.8113380799082677, 8.480781715225518269 ) ) ;
#5600 = CARTESIAN_POINT ( 'NONE',  ( 30.20091577626838131, 158.3076611978170263, 29.33194939788048572 ) ) ;
#5601 = CARTESIAN_POINT ( 'NONE',  ( -21.92208646930146898, 166.0142666208314211, 32.64200900353514356 ) ) ;
#5602 = CARTESIAN_POINT ( 'NONE',  ( -13.39377700978968022, 135.3289725772511929, 11.10590630600638562 ) ) ;
#5603 = CARTESIAN_POINT ( 'NONE',  ( -11.16905982599717539, 133.7384254911411006, 9.905367322049274392 ) ) ;
#5604 = CARTESIAN_POINT ( 'NONE',  ( 25.22898257122439247, 137.1446644842159799, 12.42638926462232263 ) ) ;
#5605 = EDGE_LOOP ( 'NONE', ( #1452, #1385, #4490, #483 ) ) ;
#5606 = CARTESIAN_POINT ( 'NONE',  ( 19.17512488032609852, 168.0827048214955823, 36.22365599094332822 ) ) ;
#5607 = ADVANCED_FACE ( 'NONE', ( #1690, #3327, #3794, #5521, #2145 ), #5013, .T. ) ;
#5608 = CARTESIAN_POINT ( 'NONE',  ( -19.33751527528809433, 163.8341213584928084, 30.80548334440904412 ) ) ;
#5609 = CARTESIAN_POINT ( 'NONE',  ( -16.30434288533689369, 170.9082957055961742, 35.83136490396179141 ) ) ;
#5610 = LINE ( 'NONE', #709, #550 ) ;
#5611 = CARTESIAN_POINT ( 'NONE',  ( 18.08842242384233856, 128.5171528711371991, 6.573394307489016875 ) ) ;
#5612 = FACE_OUTER_BOUND ( 'NONE', #6810, .T. ) ;
#5613 = CARTESIAN_POINT ( 'NONE',  ( -18.45619950862021597, 153.8225306074822356, 24.13336821820245959 ) ) ;
#5614 = CARTESIAN_POINT ( 'NONE',  ( 4.867950988889909958, 140.8798209932616317, 14.94794433067295181 ) ) ;
#5615 =( BOUNDED_CURVE ( )  B_SPLINE_CURVE ( 3, ( #3379, #1899, #1173, #3005 ),
 .UNSPECIFIED., .F., .T. ) 
 B_SPLINE_CURVE_WITH_KNOTS ( ( 4, 4 ),
 ( 6.122896545734481499, 9.264489199324275503 ),
 .UNSPECIFIED. ) 
 CURVE ( )  GEOMETRIC_REPRESENTATION_ITEM ( )  RATIONAL_B_SPLINE_CURVE ( ( 1.000000000000000000, 0.3333333333333330373, 0.3333333333333330373, 1.000000000000000000 ) ) 
 REPRESENTATION_ITEM ( '' )  );
#5616 = CARTESIAN_POINT ( 'NONE',  ( -20.55102275636678044, 127.4945865745621632, 6.723646516211434943 ) ) ;
#5617 = EDGE_CURVE ( 'NONE', #5127, #6244, #600, .T. ) ;
#5618 = EDGE_CURVE ( 'NONE', #6631, #6715, #6089, .T. ) ;
#5619 = ORIENTED_EDGE ( 'NONE', *, *, #401, .F. ) ;
#5620 = LINE ( 'NONE', #3423, #5671 ) ;
#5621 = CARTESIAN_POINT ( 'NONE',  ( 14.45661955569982027, 164.8224482254770180, 31.77629581691677174 ) ) ;
#5622 = FACE_OUTER_BOUND ( 'NONE', #6000, .T. ) ;
#5623 = CARTESIAN_POINT ( 'NONE',  ( 4.809510773386267424, 174.5645372376126261, 38.63832251548354435 ) ) ;
#5624 = CARTESIAN_POINT ( 'NONE',  ( -6.980188723104212123, 175.2293750475231775, 35.43508170678346403 ) ) ;
#5625 = CARTESIAN_POINT ( 'NONE',  ( -21.91181157965411330, 167.0949151339481773, 33.15150296022285659 ) ) ;
#5626 = CARTESIAN_POINT ( 'NONE',  ( 4.849004953329662193, 151.7825782246174811, 22.65476801645630189 ) ) ;
#5627 = CARTESIAN_POINT ( 'NONE',  ( -12.98551690263449210, 145.6312112589197056, 18.41440904007701818 ) ) ;
#5628 = CARTESIAN_POINT ( 'NONE',  ( -13.98246376184977180, 131.1600527509782523, 8.279499326359324840 ) ) ;
#5629 = CARTESIAN_POINT ( 'NONE',  ( 28.07751229434749263, 165.3452932200834766, 32.17212642687100299 ) ) ;
#5630 = CARTESIAN_POINT ( 'NONE',  ( -14.03544517138313807, 161.7318871822476183, 29.70663020898309270 ) ) ;
#5631 = CARTESIAN_POINT ( 'NONE',  ( 15.00509863733040206, 130.8812368280943303, 9.953447521762846861 ) ) ;
#5632 = CARTESIAN_POINT ( 'NONE',  ( 30.10610141099983039, 160.0957266010394449, 30.59434163101850501 ) ) ;
#5633 = PRESENTATION_STYLE_ASSIGNMENT (( #76 ) ) ;
#5634 = CARTESIAN_POINT ( 'NONE',  ( 13.35016259434990182, 161.8207465518457013, 29.64774922890195441 ) ) ;
#5635 = CARTESIAN_POINT ( 'NONE',  ( -21.21229105375451240, 132.7131987283651995, 9.930685587784287449 ) ) ;
#5636 = CARTESIAN_POINT ( 'NONE',  ( 11.55182361451866058, 133.7438746273624304, 9.953702028646455702 ) ) ;
#5637 = CARTESIAN_POINT ( 'NONE',  ( -6.980691232506734956, 149.3064508453325629, 21.02344411573464100 ) ) ;
#5638 = ORIENTED_EDGE ( 'NONE', *, *, #2318, .T. ) ;
#5639 = CARTESIAN_POINT ( 'NONE',  ( 21.18160021902381374, 167.7089092343024106, 35.96156249330006460 ) ) ;
#5640 = CARTESIAN_POINT ( 'NONE',  ( -15.32953385396618096, 129.6034917263009447, 7.364420470380938610 ) ) ;
#5641 = DIRECTION ( 'NONE',  ( -0.0001635243220480100197, -0.5738412646324202449, 0.8189665293922949729 ) ) ;
#5642 = VERTEX_POINT ( 'NONE', #1122 ) ;
#5643 = CARTESIAN_POINT ( 'NONE',  ( -20.55201140109076974, 128.0901231806441842, 7.085863993085611767 ) ) ;
#5644 = CARTESIAN_POINT ( 'NONE',  ( -2.561694736002675832, 136.9269202810639570, 12.18209007419540590 ) ) ;
#5645 = VECTOR ( 'NONE', #1370, 1000.000000000000114 ) ;
#5646 = FACE_OUTER_BOUND ( 'NONE', #6546, .T. ) ;
#5647 = CARTESIAN_POINT ( 'NONE',  ( 12.20393372183675318, 143.7363253014182760, 17.06733812671259898 ) ) ;
#5648 = CARTESIAN_POINT ( 'NONE',  ( 8.783586996310299710, 128.1311968894187601, 5.889872707301069710 ) ) ;
#5649 = ORIENTED_EDGE ( 'NONE', *, *, #3671, .F. ) ;
#5650 = CARTESIAN_POINT ( 'NONE',  ( -2.208157341496186366, 159.4201302759782379, 25.88497631335059168 ) ) ;
#5651 = CARTESIAN_POINT ( 'NONE',  ( 12.54061175225965563, 161.0345185916985429, 29.11540366353040810 ) ) ;
#5652 = CARTESIAN_POINT ( 'NONE',  ( -8.386014754984961073, 141.5460697667743091, 15.52585037307531124 ) ) ;
#5653 = CARTESIAN_POINT ( 'NONE',  ( -0.7486799070459576599, 174.7454767778857274, -45.06831843124474801 ) ) ;
#5654 = CARTESIAN_POINT ( 'NONE',  ( -17.09004945001031928, 168.0718259506163577, 33.85690295691461671 ) ) ;
#5655 = EDGE_CURVE ( 'NONE', #1827, #3861, #4472, .T. ) ;
#5656 = ADVANCED_FACE ( 'NONE', ( #655 ), #3830, .T. ) ;
#5657 = FACE_BOUND ( 'NONE', #6643, .T. ) ;
#5658 = CARTESIAN_POINT ( 'NONE',  ( -13.84844756680206856, 151.7182741822881837, 22.70014391503963225 ) ) ;
#5659 = CARTESIAN_POINT ( 'NONE',  ( -16.34308960735671690, 145.6396468269871036, 18.39411241671754027 ) ) ;
#5660 = CARTESIAN_POINT ( 'NONE',  ( -16.31801118911544535, 131.0429082899267996, 8.440484580489904687 ) ) ;
#5661 = CARTESIAN_POINT ( 'NONE',  ( 1.800468234500143705, 135.0817230201203643, 10.81473388294119431 ) ) ;
#5662 = CARTESIAN_POINT ( 'NONE',  ( -11.98730952226430091, 161.7316983853548322, 29.71195521581640620 ) ) ;
#5663 = CARTESIAN_POINT ( 'NONE',  ( -10.29461880930548112, 183.4462452259067220, -38.93376463414665523 ) ) ;
#5664 = CARTESIAN_POINT ( 'NONE',  ( 30.20254791597108834, 156.5123443028197130, 28.06435229338882564 ) ) ;
#5665 = CARTESIAN_POINT ( 'NONE',  ( 24.86791189500712562, 161.8105091952296561, 29.69075577717067560 ) ) ;
#5666 = CARTESIAN_POINT ( 'NONE',  ( -21.21344294772561412, 133.4131823404249815, 10.34354288927050192 ) ) ;
#5667 = CARTESIAN_POINT ( 'NONE',  ( 8.776348809679136664, 132.2887171110095323, 8.845905021168610105 ) ) ;
#5668 = ORIENTED_EDGE ( 'NONE', *, *, #2844, .F. ) ;
#5669 = CARTESIAN_POINT ( 'NONE',  ( 5.124277176340681805, 170.5157886379512320, 37.92875411027868182 ) ) ;
#5670 = CARTESIAN_POINT ( 'NONE',  ( -20.55526650327430360, 130.0523349102275859, 8.276338835459167598 ) ) ;
#5671 = VECTOR ( 'NONE', #748, 1000.000000000000000 ) ;
#5672 = CARTESIAN_POINT ( 'NONE',  ( -9.444610265704836749, 139.9062255495846046, 14.35019498222095180 ) ) ;
#5673 = DIRECTION ( 'NONE',  ( -0.9841710781897932137, -0.1443481594312866212, -0.1028148711205718602 ) ) ;
#5674 = CARTESIAN_POINT ( 'NONE',  ( 22.16570739784539867, 129.0925306162730521, 6.974375310459052457 ) ) ;
#5675 = CARTESIAN_POINT ( 'NONE',  ( 14.35390831742682494, 130.7324399036412785, 9.847794928133295045 ) ) ;
#5676 = CARTESIAN_POINT ( 'NONE',  ( 7.803723683896550689, 169.4853835995828035, 38.42780933732390025 ) ) ;
#5677 = CARTESIAN_POINT ( 'NONE',  ( -13.40331988625442250, 140.8273823739436068, 14.97748233420606567 ) ) ;
#5678 = CARTESIAN_POINT ( 'NONE',  ( -12.95592141806888087, 128.5604158368036565, 6.435171380835491561 ) ) ;
#5679 = ORIENTED_EDGE ( 'NONE', *, *, #137, .T. ) ;
#5680 = CARTESIAN_POINT ( 'NONE',  ( -16.91327344795923793, 146.3306529371250519, 18.80129573986065594 ) ) ;
#5681 = CARTESIAN_POINT ( 'NONE',  ( 18.19825348003905319, 167.8074329349355196, 33.88428121377093305 ) ) ;
#5682 = CARTESIAN_POINT ( 'NONE',  ( -9.508012067331698347, 144.9569127580470251, 17.94953860186739547 ) ) ;
#5683 = CARTESIAN_POINT ( 'NONE',  ( -20.33574445334254577, 162.2680804542580972, 33.30633500349870246 ) ) ;
#5684 = LINE ( 'NONE', #6782, #1245 ) ;
#5685 = LINE ( 'NONE', #5146, #3380 ) ;
#5686 = CARTESIAN_POINT ( 'NONE',  ( 17.38848410980688541, 151.7749166987794069, 22.69663031824037347 ) ) ;
#5687 = CARTESIAN_POINT ( 'NONE',  ( -19.27990467203623481, 145.6496213986892485, 18.37266380564114954 ) ) ;
#5688 = CARTESIAN_POINT ( 'NONE',  ( 13.40314409273501894, 131.2474584473923187, 8.222687599559019844 ) ) ;
#5689 = EDGE_CURVE ( 'NONE', #1890, #5122, #1653, .T. ) ;
#5690 = CARTESIAN_POINT ( 'NONE',  ( -6.980188723104210347, 151.0698621068971477, 18.50676417341664504 ) ) ;
#5691 = EDGE_CURVE ( 'NONE', #3280, #5007, #2368, .T. ) ;
#5692 = CARTESIAN_POINT ( 'NONE',  ( 16.20338654761773256, 161.8188838354296877, 29.65744453449281792 ) ) ;
#5693 = CIRCLE ( 'NONE', #441, 4.000000000000000000 ) ;
#5694 = CARTESIAN_POINT ( 'NONE',  ( -11.49876329238941253, 141.0501364673468458, 15.15422760946115943 ) ) ;
#5695 = CARTESIAN_POINT ( 'NONE',  ( 15.97388391727513479, 132.0188603983450264, 10.75755883217702014 ) ) ;
#5696 = CARTESIAN_POINT ( 'NONE',  ( 29.67167518954727612, 161.8578576681544803, 31.83811330114112081 ) ) ;
#5697 = CARTESIAN_POINT ( 'NONE',  ( 15.03563552324345842, 161.8198788069710190, 29.65314538398058986 ) ) ;
#5698 = VECTOR ( 'NONE', #6608, 1000.000000000000227 ) ;
#5699 = CARTESIAN_POINT ( 'NONE',  ( -15.33525314644691129, 132.9477922727893429, 9.611258588713560869 ) ) ;
#5700 = CARTESIAN_POINT ( 'NONE',  ( -21.21084999141222482, 131.8376073216629152, 9.414014249227165010 ) ) ;
#5701 = ADVANCED_FACE ( 'NONE', ( #4507, #2990 ), #3395, .T. ) ;
#5702 = ORIENTED_EDGE ( 'NONE', *, *, #978, .T. ) ;
#5703 = FACE_OUTER_BOUND ( 'NONE', #154, .T. ) ;
#5704 = CARTESIAN_POINT ( 'NONE',  ( 27.68090288276262356, 130.4498762789170030, 7.829533873200872129 ) ) ;
#5705 = CARTESIAN_POINT ( 'NONE',  ( -12.97042595099371276, 136.9695933882642578, 12.24170441285446564 ) ) ;
#5706 = LINE ( 'NONE', #3085, #2264 ) ;
#5707 = CARTESIAN_POINT ( 'NONE',  ( -20.52151471537358063, 161.7522306158205367, 31.71780540703918305 ) ) ;
#5708 = CARTESIAN_POINT ( 'NONE',  ( 22.16768316509254788, 127.9263616035346871, 6.214490094083258143 ) ) ;
#5709 = DIRECTION ( 'NONE',  ( 0.0000000000000000000, 0.8189665403419595924, 0.5738412723047389141 ) ) ;
#5710 = CARTESIAN_POINT ( 'NONE',  ( 0.02732515301196022928, 130.5498446798175678, 7.573485747810289936 ) ) ;
#5711 = CARTESIAN_POINT ( 'NONE',  ( -17.96979158987176817, 140.8194302822511759, 14.97752854685938040 ) ) ;
#5712 = CARTESIAN_POINT ( 'NONE',  ( 27.68415487985587475, 128.5384658541852616, 6.566745138377322100 ) ) ;
#5713 = VERTEX_POINT ( 'NONE', #5624 ) ;
#5714 = CARTESIAN_POINT ( 'NONE',  ( -14.74796242496604393, 137.2156489688805436, 12.36754326419710281 ) ) ;
#5715 = CARTESIAN_POINT ( 'NONE',  ( 21.28712980618999140, 168.3196440506666249, 34.24962615560658463 ) ) ;
#5716 = CARTESIAN_POINT ( 'NONE',  ( 23.63975023016184096, 145.1605127989582797, 18.07915694978775534 ) ) ;
#5717 = CARTESIAN_POINT ( 'NONE',  ( -21.73394294308715757, 161.1642151001769889, 29.25198375576653831 ) ) ;
#5718 = CARTESIAN_POINT ( 'NONE',  ( -4.067830956799420861, 174.5574546095646724, 38.62648877201466036 ) ) ;
#5719 = CARTESIAN_POINT ( 'NONE',  ( 13.72278983109761974, 148.4896967477402541, 20.39269972494350469 ) ) ;
#5720 = CARTESIAN_POINT ( 'NONE',  ( -4.151437184812841075, 160.4555607833916042, 28.56073819104086908 ) ) ;
#5721 = CARTESIAN_POINT ( 'NONE',  ( 18.04825494281725895, 151.7743653646184043, 22.69904390863816701 ) ) ;
#5722 = CARTESIAN_POINT ( 'NONE',  ( -14.51859961181541614, 148.3038912130394351, 20.29254010161388067 ) ) ;
#5723 = CARTESIAN_POINT ( 'NONE',  ( -15.33208614174818152, 131.0911619868959406, 8.374231093546292470 ) ) ;
#5724 = CARTESIAN_POINT ( 'NONE',  ( 14.07795944578732161, 131.5177749633087387, 10.40203594528886022 ) ) ;
#5725 = CARTESIAN_POINT ( 'NONE',  ( -10.71204631846673472, 166.0073725808275356, 32.67949681139739937 ) ) ;
#5726 = CARTESIAN_POINT ( 'NONE',  ( -12.60169875138354634, 144.0166392979194256, 17.26381736028397640 ) ) ;
#5727 = CARTESIAN_POINT ( 'NONE',  ( 27.48067349740599496, 156.2384023002377091, 25.20208051100797775 ) ) ;
#5728 = CARTESIAN_POINT ( 'NONE',  ( 29.98819977735730546, 162.0200196261229451, 29.25940939882559633 ) ) ;
#5729 = ORIENTED_EDGE ( 'NONE', *, *, #5691, .T. ) ;
#5730 = CARTESIAN_POINT ( 'NONE',  ( 31.30494994729700409, 161.8129188937323875, 29.70321686106133896 ) ) ;
#5731 = CARTESIAN_POINT ( 'NONE',  ( 11.55182361451866058, 133.7438746273624304, 9.953702028646455702 ) ) ;
#5732 = CARTESIAN_POINT ( 'NONE',  ( 27.67646010540455137, 133.0442681026121079, 9.580112227851294904 ) ) ;
#5733 = CARTESIAN_POINT ( 'NONE',  ( -15.19609402548237931, 171.5803685291624845, 36.30182451611774042 ) ) ;
#5734 = B_SPLINE_CURVE_WITH_KNOTS ( 'NONE', 3,
 ( #1496, #387, #5215, #312, #4707, #927, #2454, #2560, #5324, #854, #6894, #6856, #4634, #424, #819, #3597, #2598, #3636 ),
 .UNSPECIFIED., .F., .F.,
 ( 4, 2, 2, 2, 2, 2, 2, 2, 4 ),
 ( 0.0000000000000000000, 0.1249999999999999722, 0.2499999999999999445, 0.3749999999999998890, 0.5000000000000000000, 0.6250000000000001110, 0.7500000000000000000, 0.8750000000000000000, 1.000000000000000000 ),
 .UNSPECIFIED. ) ;
#5735 = ORIENTED_EDGE ( 'NONE', *, *, #2328, .F. ) ;
#5736 = CARTESIAN_POINT ( 'NONE',  ( -5.553674048840101740, 153.8279500174276677, -7.167331320948953532 ) ) ;
#5737 = EDGE_CURVE ( 'NONE', #5876, #4240, #136, .T. ) ;
#5738 = EDGE_CURVE ( 'NONE', #3204, #1776, #5684, .T. ) ;
#5739 = CARTESIAN_POINT ( 'NONE',  ( 22.16216642183773189, 131.1764491987315182, 8.345390307810978570 ) ) ;
#5740 = CARTESIAN_POINT ( 'NONE',  ( -21.21911404533269518, 136.8330762676100960, 12.41566811909275359 ) ) ;
#5741 = CARTESIAN_POINT ( 'NONE',  ( 24.04535420673594004, 153.8474397043343345, 24.14890023519486562 ) ) ;
#5742 = CARTESIAN_POINT ( 'NONE',  ( -17.89867949527157265, 145.2292334385945196, 20.05399386058809341 ) ) ;
#5743 = CARTESIAN_POINT ( 'NONE',  ( 15.68226215339452168, 144.3411804519277837, 18.78429370193713410 ) ) ;
#5744 = DIRECTION ( 'NONE',  ( -0.0007442459860544277123, -0.5767790251485576114, 0.8168998728403572551 ) ) ;
#5745 = CARTESIAN_POINT ( 'NONE',  ( 28.80263357845075944, 163.5132621693976205, 33.00613382105972704 ) ) ;
#5746 = CARTESIAN_POINT ( 'NONE',  ( -12.97210697532090151, 137.9365199556968662, 12.92617109320443092 ) ) ;
#5747 = CARTESIAN_POINT ( 'NONE',  ( 27.68514276326191137, 127.9553849070473319, 6.186797463747367942 ) ) ;
#5748 = ORIENTED_EDGE ( 'NONE', *, *, #4637, .T. ) ;
#5749 = CARTESIAN_POINT ( 'NONE',  ( -14.52440892628392710, 135.7107626512110699, 13.33647167942042699 ) ) ;
#5750 = CARTESIAN_POINT ( 'NONE',  ( 27.24102840300104234, 136.0092893336956479, 13.58529978830415530 ) ) ;
#5751 = CARTESIAN_POINT ( 'NONE',  ( -15.31613873211739829, 168.5125430123989361, 36.49572323740980551 ) ) ;
#5752 = CARTESIAN_POINT ( 'NONE',  ( 26.36756930204611749, 135.4329131363357419, 13.17754875312814988 ) ) ;
#5753 = CARTESIAN_POINT ( 'NONE',  ( 17.35637160233640941, 170.3248607513262982, 35.65366230737160436 ) ) ;
#5754 = CARTESIAN_POINT ( 'NONE',  ( -9.068822722880845788, 172.1038563770540009, 36.67402141226958179 ) ) ;
#5755 = DIRECTION ( 'NONE',  ( 0.0000000000000000000, 0.8169000990817240071, 0.5767791848881769212 ) ) ;
#5756 = CARTESIAN_POINT ( 'NONE',  ( -22.54400908815880555, 148.3317543587128853, 20.23306544569694765 ) ) ;
#5757 = CARTESIAN_POINT ( 'NONE',  ( -13.83453225999763525, 143.7094560074075389, 17.04130410499463011 ) ) ;
#5758 = CARTESIAN_POINT ( 'NONE',  ( -19.25481669300855003, 130.8964621510561130, 8.641695416336581559 ) ) ;
#5759 = ORIENTED_EDGE ( 'NONE', *, *, #2318, .F. ) ;
#5760 = CARTESIAN_POINT ( 'NONE',  ( 9.037619342008461842, 130.4685741801653194, 9.656646855008299113 ) ) ;
#5761 = CARTESIAN_POINT ( 'NONE',  ( 15.63351535744694054, 167.8788931313268051, 36.07652641313626418 ) ) ;
#5762 = CARTESIAN_POINT ( 'NONE',  ( 23.69541697958710813, 154.4839630539285622, 23.98463144154710847 ) ) ;
#5763 = CARTESIAN_POINT ( 'NONE',  ( 12.82097578904358137, 131.2467623596196802, 10.20954002936689697 ) ) ;
#5764 = CARTESIAN_POINT ( 'NONE',  ( 29.94425612198849151, 142.6781137086250340, 16.23930564514426678 ) ) ;
#5765 = CARTESIAN_POINT ( 'NONE',  ( -14.74919682304322954, 136.2585777736930481, 13.72305635817215297 ) ) ;
#5766 = CARTESIAN_POINT ( 'NONE',  ( 26.05311149789094216, 137.2502927503433909, 12.49958376696631213 ) ) ;
#5767 = VERTEX_POINT ( 'NONE', #1344 ) ;
#5768 = CARTESIAN_POINT ( 'NONE',  ( -14.53319903425632376, 156.7209996408758172, 26.20773664832301719 ) ) ;
#5769 = CARTESIAN_POINT ( 'NONE',  ( -11.93864756592356180, 133.7255502068250053, 9.921794948012236048 ) ) ;
#5770 = CARTESIAN_POINT ( 'NONE',  ( 29.51561392580103416, 133.0432268580070740, 9.586134747902292474 ) ) ;
#5771 = CARTESIAN_POINT ( 'NONE',  ( -0.8005430774263859739, 133.6537389547617636, 11.22331890557224554 ) ) ;
#5772 = EDGE_LOOP ( 'NONE', ( #6823, #3411, #120, #494 ) ) ;
#5773 = CARTESIAN_POINT ( 'NONE',  ( 31.20204178388429739, 158.0201801809838571, 29.12988309458079073 ) ) ;
#5774 = CARTESIAN_POINT ( 'NONE',  ( 22.16344291523102328, 130.4268959828171432, 7.848624492438754707 ) ) ;
#5775 = CARTESIAN_POINT ( 'NONE',  ( 15.07864300682345160, 136.9616312108545628, 12.32228342233335283 ) ) ;
#5776 = EDGE_CURVE ( 'NONE', #6117, #6631, #3835, .T. ) ;
#5777 = ADVANCED_FACE ( 'NONE', ( #3708, #386 ), #853, .F. ) ;
#5778 = DIRECTION ( 'NONE',  ( -0.0007442450898337556013, -0.5767790250284257070, 0.8168998729259938640 ) ) ;
#5779 = CARTESIAN_POINT ( 'NONE',  ( -5.804658475828445852, 171.9240839536951739, 38.91313594108392238 ) ) ;
#5780 = CARTESIAN_POINT ( 'NONE',  ( 27.34478679155589731, 137.5221725325946807, 13.98030109094679396 ) ) ;
#5781 = CARTESIAN_POINT ( 'NONE',  ( 21.54351312192897083, 154.0827092600959247, 27.56513931624768432 ) ) ;
#5782 = AXIS2_PLACEMENT_3D ( 'NONE', #3704, #995, #3166 ) ;
#5783 = CARTESIAN_POINT ( 'NONE',  ( 15.65884127830012496, 131.0654019703827657, 10.08407446811554564 ) ) ;
#5784 = CARTESIAN_POINT ( 'NONE',  ( 19.65158201042376263, 137.9355459156636527, 13.00809616124409729 ) ) ;
#5785 = ORIENTED_EDGE ( 'NONE', *, *, #2621, .F. ) ;
#5786 = VECTOR ( 'NONE', #2296, 1000.000000000000000 ) ;
#5787 = MANIFOLD_SOLID_BREP ( 'face plate', #4884 ) ;
#5788 = CARTESIAN_POINT ( 'NONE',  ( -13.98679848804903791, 135.5942910922076692, 11.22346336679927425 ) ) ;
#5789 = CARTESIAN_POINT ( 'NONE',  ( 19.60722615846392003, 167.7351133278363591, 33.83574112967697545 ) ) ;
#5790 = CARTESIAN_POINT ( 'NONE',  ( 19.38483062185320804, 154.4873002167341269, 23.98042165986887397 ) ) ;
#5791 = DIRECTION ( 'NONE',  ( 0.0000000000000000000, 0.8189665403419595924, 0.5738412723047389141 ) ) ;
#5792 = CARTESIAN_POINT ( 'NONE',  ( 27.60449284210717380, 174.5838017315313664, 38.66717447079201264 ) ) ;
#5793 = LINE ( 'NONE', #2991, #2247 ) ;
#5794 = CARTESIAN_POINT ( 'NONE',  ( 16.22202200525024551, 151.0302317491177746, 22.17396174120803209 ) ) ;
#5795 = CARTESIAN_POINT ( 'NONE',  ( -22.53601911740645392, 143.7051839998268008, 17.02590367674258687 ) ) ;
#5796 = CARTESIAN_POINT ( 'NONE',  ( 12.22820083916994705, 129.8060845784604282, 7.144068778671408992 ) ) ;
#5797 = CARTESIAN_POINT ( 'NONE',  ( 7.130232164593112820, 131.1571098972443963, 7.989568552614192853 ) ) ;
#5798 = DIRECTION ( 'NONE',  ( 0.0000000000000000000, 0.8189665403419611467, 0.5738412723047364716 ) ) ;
#5799 = CARTESIAN_POINT ( 'NONE',  ( 25.30332063740647186, 154.6830041046008830, 24.72996615147193467 ) ) ;
#5800 = CARTESIAN_POINT ( 'NONE',  ( -14.33343861940235975, 169.5655787124171354, 38.46426348012024476 ) ) ;
#5801 = CARTESIAN_POINT ( 'NONE',  ( 25.76738188166929078, 137.0718037259339610, 12.27711795088495883 ) ) ;
#5802 = B_SPLINE_CURVE_WITH_KNOTS ( 'NONE', 3,
 ( #19, #6497, #2197, #1028, #4386, #1667, #3846, #4808, #3309, #2704, #5392, #2774, #1558, #2232 ),
 .UNSPECIFIED., .F., .F.,
 ( 4, 2, 2, 2, 2, 2, 4 ),
 ( 0.0000000000000000000, 0.003900124945339175468, 0.005850187418008767105, 0.007800249890678357875, 0.01170037483601754635, 0.01365043730868713626, 0.01560049978135672963 ),
 .UNSPECIFIED. ) ;
#5803 = CARTESIAN_POINT ( 'NONE',  ( 25.05830777905661932, 167.3038384144650479, 33.54095352175038869 ) ) ;
#5804 = CARTESIAN_POINT ( 'NONE',  ( -5.414858420212982359, 129.0254468132586680, 8.624547561975427712 ) ) ;
#5805 = CARTESIAN_POINT ( 'NONE',  ( -20.59220308991783099, 151.7433911263093478, 22.64774241833891821 ) ) ;
#5806 = CARTESIAN_POINT ( 'NONE',  ( -20.55827429555749220, 131.8705633915792816, 9.368713456400417527 ) ) ;
#5807 = CARTESIAN_POINT ( 'NONE',  ( 11.55441066579053810, 132.2649099448366314, 8.886651931536121651 ) ) ;
#5808 = CARTESIAN_POINT ( 'NONE',  ( 30.20384777292590783, 152.0023324143284071, 22.84390964764795839 ) ) ;
#5809 = EDGE_LOOP ( 'NONE', ( #7071, #1216 ) ) ;
#5810 = AXIS2_PLACEMENT_3D ( 'NONE', #298, #951, #5816 ) ;
#5811 = CARTESIAN_POINT ( 'NONE',  ( 31.20177747628606468, 151.7556671281709839, 25.93091096326356393 ) ) ;
#5812 = CARTESIAN_POINT ( 'NONE',  ( 4.809510773386267424, 174.5645372376126261, 38.63832251548354435 ) ) ;
#5813 = CARTESIAN_POINT ( 'NONE',  ( 12.21399540161499608, 137.9448107615732795, 12.97654670257933418 ) ) ;
#5814 = CARTESIAN_POINT ( 'NONE',  ( 16.45711847751814716, 154.8575601237113801, 24.83081694520593175 ) ) ;
#5815 = CARTESIAN_POINT ( 'NONE',  ( -12.54136876961728930, 170.9665291698299825, 38.23090878365731982 ) ) ;
#5816 = DIRECTION ( 'NONE',  ( 0.0000000000000000000, -0.8169000991684103319, -0.5767791847654016868 ) ) ;
#5817 = CARTESIAN_POINT ( 'NONE',  ( 10.55851467278237976, 129.3591046502405391, 10.09882242271653219 ) ) ;
#5818 = DIRECTION ( 'NONE',  ( 0.0000000000000000000, 0.8189665403419608136, 0.5738412723047372488 ) ) ;
#5819 = CARTESIAN_POINT ( 'NONE',  ( -16.32967796163424978, 137.9168412322727306, 12.94589418699873562 ) ) ;
#5820 = ORIENTED_EDGE ( 'NONE', *, *, #6094, .F. ) ;
#5821 = CARTESIAN_POINT ( 'NONE',  ( -15.12894447102416606, 138.3287337819228924, 13.15309905932918255 ) ) ;
#5822 = CARTESIAN_POINT ( 'NONE',  ( 19.71726317199395595, 168.1728725288144233, 34.14407465512320528 ) ) ;
#5823 = CARTESIAN_POINT ( 'NONE',  ( -15.78866707672594494, 168.1613797716030945, 36.24735097632066783 ) ) ;
#5824 = CARTESIAN_POINT ( 'NONE',  ( 31.20616460531911329, 146.7372453232115674, 21.16347581018228396 ) ) ;
#5825 = CARTESIAN_POINT ( 'NONE',  ( -16.38576813434529456, 170.2782212859048059, 35.63675226794016737 ) ) ;
#5826 = DIRECTION ( 'NONE',  ( 0.0000000000000000000, 0.8189665403419609246, 0.5738412723047368047 ) ) ;
#5827 = LINE ( 'NONE', #4743, #1790 ) ;
#5828 = EDGE_CURVE ( 'NONE', #5122, #1143, #5899, .T. ) ;
#5829 = CARTESIAN_POINT ( 'NONE',  ( 8.028853129452832249, 148.3632259156684086, 20.26374243393916430 ) ) ;
#5830 = EDGE_CURVE ( 'NONE', #131, #6503, #4764, .T. ) ;
#5831 = CARTESIAN_POINT ( 'NONE',  ( -7.263436349013325355, 143.7046225958031300, 17.06440645388582311 ) ) ;
#5832 = CARTESIAN_POINT ( 'NONE',  ( -7.240447371346937722, 130.5508691990287673, 7.599563151029665065 ) ) ;
#5833 = ORIENTED_EDGE ( 'NONE', *, *, #6141, .F. ) ;
#5834 = CARTESIAN_POINT ( 'NONE',  ( 12.19175207769623093, 132.1313060697835624, 8.682019302908599911 ) ) ;
#5835 = CARTESIAN_POINT ( 'NONE',  ( -0.8011384742152294347, 134.9894959526227183, 13.14575301059854517 ) ) ;
#5836 = CARTESIAN_POINT ( 'NONE',  ( 26.31139883327128359, 154.6747630719416406, 24.72286077599131104 ) ) ;
#5837 = CARTESIAN_POINT ( 'NONE',  ( -11.75463303903654300, 166.8063006491719023, 31.97427067129954281 ) ) ;
#5838 = CARTESIAN_POINT ( 'NONE',  ( 30.18588748370887842, 145.4630635540695209, 18.20586304440004355 ) ) ;
#5839 = LINE ( 'NONE', #2501, #4538 ) ;
#5840 = CARTESIAN_POINT ( 'NONE',  ( -0.4887022766970550713, 128.7270662549971121, 8.418361485084970397 ) ) ;
#5841 = CARTESIAN_POINT ( 'NONE',  ( -8.071967466059046359, 151.7143796624481524, 22.71994810513186636 ) ) ;
#5842 = CARTESIAN_POINT ( 'NONE',  ( -7.244887162168923922, 133.0963993415944628, 9.419694411150258517 ) ) ;
#5843 = CARTESIAN_POINT ( 'NONE',  ( -14.99560223897123201, 131.2757936837733723, 8.466031317045791482 ) ) ;
#5844 = CARTESIAN_POINT ( 'NONE',  ( 29.61101675628325225, 141.4376797436994480, 15.43795371721979848 ) ) ;
#5845 = VERTEX_POINT ( 'NONE', #4213 ) ;
#5846 = CARTESIAN_POINT ( 'NONE',  ( 31.20079970014881710, 158.3209506513404961, 29.34224348290124951 ) ) ;
#5847 = DIRECTION ( 'NONE',  ( -0.0007442450889595940726, -0.5767790250282960329, 0.8168998729260862346 ) ) ;
#5848 = CARTESIAN_POINT ( 'NONE',  ( -8.111465119443574068, 174.5531664411976749, 38.62261025399413228 ) ) ;
#5849 = CARTESIAN_POINT ( 'NONE',  ( -13.81995905036962391, 135.3235793067834152, 11.11253131677519868 ) ) ;
#5850 = CARTESIAN_POINT ( 'NONE',  ( 12.85209536235404926, 159.0219999641181232, 27.70981727669838790 ) ) ;
#5851 = CARTESIAN_POINT ( 'NONE',  ( -5.574666109827961513, 130.2073098568663170, 10.68300648860751423 ) ) ;
#5852 = ORIENTED_EDGE ( 'NONE', *, *, #4730, .T. ) ;
#5853 = CARTESIAN_POINT ( 'NONE',  ( -16.43197152230672131, 144.0036185195817495, 17.23308922594975101 ) ) ;
#5854 = CARTESIAN_POINT ( 'NONE',  ( 26.51096802170129507, 165.4345254091236086, 34.36057004275275517 ) ) ;
#5855 = CARTESIAN_POINT ( 'NONE',  ( -17.96307703426850821, 136.9127135963920523, 12.31034538444011872 ) ) ;
#5856 = ORIENTED_EDGE ( 'NONE', *, *, #1278, .F. ) ;
#5857 = CARTESIAN_POINT ( 'NONE',  ( -13.50918577562967116, 133.8492276159861660, 12.02304414272741084 ) ) ;
#5858 = CARTESIAN_POINT ( 'NONE',  ( 18.32041830640534741, 131.9620968202081883, 10.71961826492189473 ) ) ;
#5859 = CARTESIAN_POINT ( 'NONE',  ( 20.45601286583379164, 146.4370972595124840, 18.98345931369569684 ) ) ;
#5860 = EDGE_LOOP ( 'NONE', ( #2162, #1514, #6016, #4564 ) ) ;
#5861 = CARTESIAN_POINT ( 'NONE',  ( 29.44364643052233887, 174.5865558528282406, 38.66779441934545503 ) ) ;
#5862 = LINE ( 'NONE', #4672, #3060 ) ;
#5863 = DIRECTION ( 'NONE',  ( -0.0007442459860544277123, -0.5767790251485576114, 0.8168998728403572551 ) ) ;
#5864 = CARTESIAN_POINT ( 'NONE',  ( -10.68138943003643249, 148.2954588567653786, 20.31401624082759838 ) ) ;
#5865 = CARTESIAN_POINT ( 'NONE',  ( -15.01703821774921721, 143.7115589933830506, 17.03539130888884046 ) ) ;
#5866 = CARTESIAN_POINT ( 'NONE',  ( -20.55398872718860659, 129.2817960086217397, 7.809445414555804987 ) ) ;
#5867 = ORIENTED_EDGE ( 'NONE', *, *, #5083, .T. ) ;
#5868 = CARTESIAN_POINT ( 'NONE',  ( -5.574107925344994996, 141.2595954094752528, 17.56846099363475844 ) ) ;
#5869 = CARTESIAN_POINT ( 'NONE',  ( -20.44492096019470750, 156.5431768686421492, 25.77873956378808984 ) ) ;
#5870 = CARTESIAN_POINT ( 'NONE',  ( 28.36906478351160033, 156.1216497391253313, 25.72854841240217283 ) ) ;
#5871 = EDGE_CURVE ( 'NONE', #5433, #1143, #5862, .T. ) ;
#5872 = CARTESIAN_POINT ( 'NONE',  ( 25.35798159160563259, 166.8981651782317215, 33.25679786130904603 ) ) ;
#5873 = CARTESIAN_POINT ( 'NONE',  ( 17.86620880816575152, 133.6654209615672073, 9.864814308457384939 ) ) ;
#5874 = CARTESIAN_POINT ( 'NONE',  ( 21.54395397296949355, 167.9142464569604272, 33.96487738292501035 ) ) ;
#5875 = CARTESIAN_POINT ( 'NONE',  ( -10.22803349642693149, 130.3068923592281578, 9.524937873089589502 ) ) ;
#5876 = VERTEX_POINT ( 'NONE', #1495 ) ;
#5877 = CARTESIAN_POINT ( 'NONE',  ( -4.037005915023972769, 156.7294000828221670, 26.22169101069496477 ) ) ;
#5878 = CARTESIAN_POINT ( 'NONE',  ( 14.57747379725416259, 133.0386852126798090, 9.555721626653356893 ) ) ;
#5879 = CARTESIAN_POINT ( 'NONE',  ( 14.58034992549295517, 131.3856081691067743, 8.382728794705501585 ) ) ;
#5880 = CARTESIAN_POINT ( 'NONE',  ( 28.50125236504960924, 139.3558617634877237, 13.97658435914752495 ) ) ;
#5881 = EDGE_LOOP ( 'NONE', ( #2304, #4281, #1408, #6898 ) ) ;
#5882 = FACE_OUTER_BOUND ( 'NONE', #533, .T. ) ;
#5883 = CARTESIAN_POINT ( 'NONE',  ( 8.543514530256393513, 154.0882613179877865, 27.55721561005413278 ) ) ;
#5884 = CARTESIAN_POINT ( 'NONE',  ( -17.37169616729689281, 170.2788136987869905, 35.63347501458721922 ) ) ;
#5885 =( BOUNDED_CURVE ( )  B_SPLINE_CURVE ( 3, ( #3882, #6302, #2237, #1241 ),
 .UNSPECIFIED., .F., .T. ) 
 B_SPLINE_CURVE_WITH_KNOTS ( ( 4, 4 ),
 ( 6.122896545734470841, 9.264489199324264845 ),
 .UNSPECIFIED. ) 
 CURVE ( )  GEOMETRIC_REPRESENTATION_ITEM ( )  RATIONAL_B_SPLINE_CURVE ( ( 1.000000000000000000, 0.3333333333333330373, 0.3333333333333330373, 1.000000000000000000 ) ) 
 REPRESENTATION_ITEM ( '' )  );
#5886 = CARTESIAN_POINT ( 'NONE',  ( 16.24922516486723367, 135.3229237523101460, 11.18769669017594026 ) ) ;
#5887 = CARTESIAN_POINT ( 'NONE',  ( -11.75463303903654300, 166.8063006491719023, 31.97427067129954281 ) ) ;
#5888 = CARTESIAN_POINT ( 'NONE',  ( 27.38280345454960241, 165.3729836762668697, 35.54205251154121470 ) ) ;
#5889 = LINE ( 'NONE', #6882, #1760 ) ;
#5890 = CARTESIAN_POINT ( 'NONE',  ( -2.207434373828772944, 158.5229382436646119, 25.25632340295606681 ) ) ;
#5891 = CARTESIAN_POINT ( 'NONE',  ( 13.39600010149467479, 135.3429485070010969, 11.15214835411038052 ) ) ;
#5892 = ORIENTED_EDGE ( 'NONE', *, *, #2804, .T. ) ;
#5893 = CARTESIAN_POINT ( 'NONE',  ( -10.91273129938542752, 171.7362527482890471, 36.39252515209903294 ) ) ;
#5894 = CARTESIAN_POINT ( 'NONE',  ( 30.38408248847855830, 139.2363334118671503, 17.09078514164007245 ) ) ;
#5895 = CARTESIAN_POINT ( 'NONE',  ( -19.47295493024103408, 158.0217839469809462, 29.08484746646537289 ) ) ;
#5896 = EDGE_LOOP ( 'NONE', ( #1209, #2541, #4435, #801 ) ) ;
#5897 = CARTESIAN_POINT ( 'NONE',  ( 21.16745514018212049, 174.5739930239607531, 38.66524561899164780 ) ) ;
#5898 = AXIS2_PLACEMENT_3D ( 'NONE', #4167, #6924, #6812 ) ;
#5899 = LINE ( 'NONE', #6320, #4334 ) ;
#5900 = CARTESIAN_POINT ( 'NONE',  ( -14.56447773349499464, 133.1524795822270448, 12.75427813154111334 ) ) ;
#5901 = CARTESIAN_POINT ( 'NONE',  ( 17.39441238751906127, 148.3445414023148885, 20.31346007348930272 ) ) ;
#5902 = CARTESIAN_POINT ( 'NONE',  ( 15.06354954475131258, 145.6643213782519126, 18.43652306213236614 ) ) ;
#5903 = CARTESIAN_POINT ( 'NONE',  ( 10.16838134992976173, 130.5596953272203962, 7.629976883815920097 ) ) ;
#5904 = CIRCLE ( 'NONE', #5208, 8.000000000326554783 ) ;
#5905 = ORIENTED_EDGE ( 'NONE', *, *, #2328, .T. ) ;
#5906 = CYLINDRICAL_SURFACE ( 'NONE', #2136, 2.599999999999996536 ) ;
#5907 = CARTESIAN_POINT ( 'NONE',  ( 4.629041368139835910, 170.7774239486376189, 35.97212931270507852 ) ) ;
#5908 = CARTESIAN_POINT ( 'NONE',  ( 18.64862032819619841, 154.6714472871273358, 24.10534747747583850 ) ) ;
#5909 = CARTESIAN_POINT ( 'NONE',  ( 25.22898257122439247, 137.1446644842159799, 12.42638926462232263 ) ) ;
#5910 = CARTESIAN_POINT ( 'NONE',  ( 24.02161822758141696, 135.2077463571553722, 13.01643055212785072 ) ) ;
#5911 = CARTESIAN_POINT ( 'NONE',  ( 15.65809683983853517, 131.0651840762546101, 10.08391994390556690 ) ) ;
#5912 = CARTESIAN_POINT ( 'NONE',  ( -2.866052470128476859, 133.9164689495927689, 10.00642351414991360 ) ) ;
#5913 = ORIENTED_EDGE ( 'NONE', *, *, #6300, .T. ) ;
#5914 = CARTESIAN_POINT ( 'NONE',  ( 14.54500175830797382, 151.7791726346997621, 22.68355239742273000 ) ) ;
#5915 = CARTESIAN_POINT ( 'NONE',  ( 18.08072860898874978, 133.0072554738356132, 9.609109297199353250 ) ) ;
#5916 = EDGE_CURVE ( 'NONE', #1143, #1268, #4164, .T. ) ;
#5917 = CARTESIAN_POINT ( 'NONE',  ( -14.48888865173609375, 131.1339724369119324, 8.315373525190766557 ) ) ;
#5918 = CARTESIAN_POINT ( 'NONE',  ( 21.54472891638617682, 163.6724704228062421, 25.20613589933813614 ) ) ;
#5919 = EDGE_LOOP ( 'NONE', ( #1175, #4737 ) ) ;
#5920 = CARTESIAN_POINT ( 'NONE',  ( -1.037754855735822268, 128.1497477120732640, 9.234380884939490386 ) ) ;
#5921 = CARTESIAN_POINT ( 'NONE',  ( 30.01807130460400685, 161.5939465461568432, 29.54933786885529656 ) ) ;
#5922 = CARTESIAN_POINT ( 'NONE',  ( 10.09197914524428263, 174.5654191927842760, 38.65010798642243373 ) ) ;
#5923 = EDGE_CURVE ( 'NONE', #6631, #6417, #6062, .T. ) ;
#5924 = CARTESIAN_POINT ( 'NONE',  ( 29.51163260566132607, 135.3529871271370553, 11.17764361538367623 ) ) ;
#5925 = EDGE_CURVE ( 'NONE', #4075, #541, #2205, .T. ) ;
#5926 = LINE ( 'NONE', #1062, #3053 ) ;
#5927 = VECTOR ( 'NONE', #2646, 1000.000000000000000 ) ;
#5928 = CARTESIAN_POINT ( 'NONE',  ( 3.937645786466238640, 169.5783948290753074, 35.13058720369326693 ) ) ;
#5929 = CYLINDRICAL_SURFACE ( 'NONE', #735, 2.599999999999996536 ) ;
#5930 = CARTESIAN_POINT ( 'NONE',  ( 20.96789664549774201, 168.2162973612891790, 33.54985969729289508 ) ) ;
#5931 = CARTESIAN_POINT ( 'NONE',  ( -0.7536599121024446513, 137.0052594746449017, 12.22109468415436062 ) ) ;
#5932 = AXIS2_PLACEMENT_3D ( 'NONE', #6905, #1048, #2003 ) ;
#5933 = ORIENTED_EDGE ( 'NONE', *, *, #4730, .F. ) ;
#5934 = CARTESIAN_POINT ( 'NONE',  ( -12.10432224247181132, 170.2302709764342978, 37.71146567039932762 ) ) ;
#5935 = CARTESIAN_POINT ( 'NONE',  ( 30.98366771870372460, 141.3114380747997245, 18.55647649789624865 ) ) ;
#5936 = CARTESIAN_POINT ( 'NONE',  ( 13.13112937141435665, 160.1633012854955211, 27.89641001706488410 ) ) ;
#5937 = ORIENTED_EDGE ( 'NONE', *, *, #2097, .F. ) ;
#5938 = CARTESIAN_POINT ( 'NONE',  ( -15.39245590225855587, 166.0042760681633069, 32.67234999670134954 ) ) ;
#5939 = CARTESIAN_POINT ( 'NONE',  ( -9.341461209144251043, 129.7981674385596307, 7.102089225501151404 ) ) ;
#5940 = CARTESIAN_POINT ( 'NONE',  ( 23.51138878615658001, 140.8693257388303550, 15.05606854057372601 ) ) ;
#5941 = CARTESIAN_POINT ( 'NONE',  ( 23.87249790452863252, 167.1546114726093606, 35.57264746745245532 ) ) ;
#5942 = CARTESIAN_POINT ( 'NONE',  ( -12.98551690263449210, 145.6312112589197056, 18.41440904007701818 ) ) ;
#5943 = CARTESIAN_POINT ( 'NONE',  ( 1.694030478394380035, 140.8788121083720455, 14.94154494127425359 ) ) ;
#5944 = CARTESIAN_POINT ( 'NONE',  ( 19.66451938126371601, 130.4085069877642695, 7.868631457843084043 ) ) ;
#5945 = EDGE_LOOP ( 'NONE', ( #1666, #6797, #3808, #6472, #7034, #4921, #453, #1107 ) ) ;
#5946 = CARTESIAN_POINT ( 'NONE',  ( -7.003651467230272765, 80.81391100525216586, 144.4776148271996590 ) ) ;
#5947 = CARTESIAN_POINT ( 'NONE',  ( -12.49142862061441939, 131.0267542756209309, 11.25528057533373172 ) ) ;
#5948 = CARTESIAN_POINT ( 'NONE',  ( 16.45467997098543833, 154.8562591404639193, 24.82990919192818069 ) ) ;
#5949 = CARTESIAN_POINT ( 'NONE',  ( -10.17607071286363229, 145.0663234060041304, 18.02488227644978380 ) ) ;
#5950 = CARTESIAN_POINT ( 'NONE',  ( -16.49005229541251438, 168.1691795359850232, 37.47635929331806892 ) ) ;
#5951 = CARTESIAN_POINT ( 'NONE',  ( -3.316503981586974792, 135.7463083064162390, 11.33579302940421485 ) ) ;
#5952 = CARTESIAN_POINT ( 'NONE',  ( -21.89735884831984691, 151.7489209289862799, 22.63664888096114680 ) ) ;
#5953 = CARTESIAN_POINT ( 'NONE',  ( 13.35883574327029955, 156.8012235356491715, 26.16239818876228540 ) ) ;
#5954 = CARTESIAN_POINT ( 'NONE',  ( 12.22248597040772822, 133.0780102007253447, 9.493930087089651693 ) ) ;
#5955 = CARTESIAN_POINT ( 'NONE',  ( -17.95308867491648641, 130.9629869316931092, 8.550213306545762393 ) ) ;
#5956 = CARTESIAN_POINT ( 'NONE',  ( 25.43934369032833942, 134.3721962202343718, 13.65191521686742782 ) ) ;
#5957 = CARTESIAN_POINT ( 'NONE',  ( -6.600448326704506208, 173.6214185795825813, 37.72990191077680322 ) ) ;
#5958 = CARTESIAN_POINT ( 'NONE',  ( -11.82272454115302907, 132.2111723475530596, 10.86801791314585586 ) ) ;
#5959 = ORIENTED_EDGE ( 'NONE', *, *, #6003, .F. ) ;
#5960 = CARTESIAN_POINT ( 'NONE',  ( 30.04040236394645191, 160.8292241503770867, 28.40423154502399683 ) ) ;
#5961 = CARTESIAN_POINT ( 'NONE',  ( -20.63169906375377138, 174.5546993930333031, 38.58951927437389884 ) ) ;
#5962 = CARTESIAN_POINT ( 'NONE',  ( 4.877492084804234018, 135.4105421646689820, 11.03490138149013156 ) ) ;
#5963 = DIRECTION ( 'NONE',  ( -0.0001635243220479844868, -0.5738412646324201338, 0.8189665293922950839 ) ) ;
#5964 = ADVANCED_FACE ( 'NONE', ( #2132, #7080 ), #7041, .T. ) ;
#5965 = CARTESIAN_POINT ( 'NONE',  ( 31.09871660774257407, 159.6157269352420656, 31.48047839479855270 ) ) ;
#5966 = EDGE_LOOP ( 'NONE', ( #6345, #1363 ) ) ;
#5967 = DIRECTION ( 'NONE',  ( 0.0000000000000000000, -0.8169000990817233410, -0.5767791848881776984 ) ) ;
#5968 = CARTESIAN_POINT ( 'NONE',  ( 25.22760565886528639, 137.3029290414004322, 14.80288568382061953 ) ) ;
#5969 = ORIENTED_EDGE ( 'NONE', *, *, #3459, .F. ) ;
#5970 = CARTESIAN_POINT ( 'NONE',  ( -10.91418030578209653, 170.6132940508325078, 37.98298662426076078 ) ) ;
#5971 = CARTESIAN_POINT ( 'NONE',  ( 31.20134651947059368, 149.5181433063052907, 24.35108805968879153 ) ) ;
#5972 = DIRECTION ( 'NONE',  ( 0.0000000000000000000, 0.8189665403419625900, 0.5738412723047346953 ) ) ;
#5973 = ORIENTED_EDGE ( 'NONE', *, *, #4434, .T. ) ;
#5974 = CARTESIAN_POINT ( 'NONE',  ( -15.32854643814576612, 129.0280607852151888, 6.973583277922468682 ) ) ;
#5975 = CARTESIAN_POINT ( 'NONE',  ( 27.55131554257162207, 138.3167081731259884, 13.24725602784050693 ) ) ;
#5976 = CARTESIAN_POINT ( 'NONE',  ( 25.22952777504503175, 166.2310350127566778, 36.14592510932310887 ) ) ;
#5977 = CARTESIAN_POINT ( 'NONE',  ( -7.263436349013325355, 143.7046225958031300, 17.06440645388582311 ) ) ;
#5978 = CARTESIAN_POINT ( 'NONE',  ( 21.22589839269159029, 140.8395893803010495, 15.04559572079083907 ) ) ;
#5979 = CARTESIAN_POINT ( 'NONE',  ( 8.062095255130957483, 129.2698932535934944, 6.687088001149338545 ) ) ;
#5980 = ORIENTED_EDGE ( 'NONE', *, *, #3496, .F. ) ;
#5981 = CARTESIAN_POINT ( 'NONE',  ( 25.93297693744131749, 166.0257654288969320, 36.00163367805926384 ) ) ;
#5982 = CARTESIAN_POINT ( 'NONE',  ( -4.478922900607002155, 171.0403198281214827, 38.29035467323821962 ) ) ;
#5983 = CARTESIAN_POINT ( 'NONE',  ( 16.08572809390033953, 155.0761627580673121, 24.98050346399774568 ) ) ;
#5984 = CARTESIAN_POINT ( 'NONE',  ( 19.92981732311609022, 139.9129181048847101, 14.39896831533376265 ) ) ;
#5985 = CARTESIAN_POINT ( 'NONE',  ( -20.17256208332477385, 156.3183391203089911, 27.88147853707920021 ) ) ;
#5986 = DIRECTION ( 'NONE',  ( -0.0007442459860544277123, -0.5767790251485576114, 0.8168998728403572551 ) ) ;
#5987 = CARTESIAN_POINT ( 'NONE',  ( 15.04430876650675053, 156.7988122794332639, 26.16999147860860120 ) ) ;
#5988 = CARTESIAN_POINT ( 'NONE',  ( -14.52323827245372456, 150.9771790208559423, 22.17357919576609504 ) ) ;
#5989 = CARTESIAN_POINT ( 'NONE',  ( 24.92060750644238354, 131.3591426895989400, 8.445928619410375759 ) ) ;
#5990 = CARTESIAN_POINT ( 'NONE',  ( 18.08389540909262649, 131.1539724933621756, 8.367317029063320533 ) ) ;
#5991 = CARTESIAN_POINT ( 'NONE',  ( 22.66454622477027669, 133.1148516561711403, 12.76162850576362651 ) ) ;
#5992 = CARTESIAN_POINT ( 'NONE',  ( 29.43668538888362107, 140.0736991031263017, 16.45701086183093409 ) ) ;
#5993 = CARTESIAN_POINT ( 'NONE',  ( -11.72411449736838662, 132.1371035580851299, 10.81581086115985890 ) ) ;
#5994 = AXIS2_PLACEMENT_3D ( 'NONE', #3282, #57, #2747 ) ;
#5995 = FILL_AREA_STYLE ('',( #3229 ) ) ;
#5996 = CARTESIAN_POINT ( 'NONE',  ( 19.60287284619918324, 166.0757742606519116, 32.65696827077260878 ) ) ;
#5997 = CARTESIAN_POINT ( 'NONE',  ( -16.32232974797406300, 133.5939626543429881, 10.09828317997654779 ) ) ;
#5998 = FACE_BOUND ( 'NONE', #741, .T. ) ;
#5999 = CARTESIAN_POINT ( 'NONE',  ( 1.923895608728622975, 171.0646444910833566, 36.17751903944935776 ) ) ;
#6000 = EDGE_LOOP ( 'NONE', ( #6680, #5571, #4206, #1436 ) ) ;
#6001 = CARTESIAN_POINT ( 'NONE',  ( -0.7486799070459575489, 174.7454767778857558, -45.06831843124471959 ) ) ;
#6002 = CARTESIAN_POINT ( 'NONE',  ( -21.71965471382254265, 161.8910534230324174, 29.76078172518917953 ) ) ;
#6003 = EDGE_CURVE ( 'NONE', #3692, #6860, #1703, .T. ) ;
#6004 = EDGE_CURVE ( 'NONE', #6303, #5232, #153, .T. ) ;
#6005 = CARTESIAN_POINT ( 'NONE',  ( -13.49870466356190768, 169.5967732332851199, 37.26290889488282687 ) ) ;
#6006 = CARTESIAN_POINT ( 'NONE',  ( 21.54403025453748199, 154.2595033295679912, 23.82754055633116863 ) ) ;
#6007 = CARTESIAN_POINT ( 'NONE',  ( 26.17950533785153411, 165.5737242952720578, 34.45855060452051788 ) ) ;
#6008 = ORIENTED_EDGE ( 'NONE', *, *, #3898, .F. ) ;
#6009 = CARTESIAN_POINT ( 'NONE',  ( 17.42667639241849997, 129.6745667272753906, 7.344113399726931668 ) ) ;
#6010 = CARTESIAN_POINT ( 'NONE',  ( 22.89154515436765536, 140.2077792427008660, 14.59187314711977557 ) ) ;
#6011 = CARTESIAN_POINT ( 'NONE',  ( 21.85280357380901251, 167.0034795992137333, 36.68823970591645178 ) ) ;
#6012 = CARTESIAN_POINT ( 'NONE',  ( -9.369076248771614601, 145.6262637664627562, 18.43037958043572289 ) ) ;
#6013 = CARTESIAN_POINT ( 'NONE',  ( -12.72060786016940881, 140.8249791254012564, 14.98258869534799231 ) ) ;
#6014 = CARTESIAN_POINT ( 'NONE',  ( -10.64814728114769515, 129.2017464541792151, 6.737902355462010995 ) ) ;
#6015 = EDGE_CURVE ( 'NONE', #6538, #6200, #1689, .T. ) ;
#6016 = ORIENTED_EDGE ( 'NONE', *, *, #1112, .T. ) ;
#6017 = AXIS2_PLACEMENT_3D ( 'NONE', #2307, #1741, #4493 ) ;
#6018 = CARTESIAN_POINT ( 'NONE',  ( -8.650758627501826226, 129.7361951451301820, 9.123429298373309848 ) ) ;
#6019 = CARTESIAN_POINT ( 'NONE',  ( 19.05629165067658448, 154.2731427777027307, 24.43717726231230358 ) ) ;
#6020 = CARTESIAN_POINT ( 'NONE',  ( -19.71638229625357042, 155.3033438202617162, 25.17964602880517333 ) ) ;
#6021 = CARTESIAN_POINT ( 'NONE',  ( 30.20311158627438530, 147.8489278305736150, 21.94747475140216864 ) ) ;
#6022 = CARTESIAN_POINT ( 'NONE',  ( 13.72432209174388795, 145.6712460355387293, 18.42936140157912206 ) ) ;
#6023 = CARTESIAN_POINT ( 'NONE',  ( -22.54993672541674954, 151.7516514057627433, 22.63115111444011163 ) ) ;
#6024 = CARTESIAN_POINT ( 'NONE',  ( -4.027045002910990767, 150.9831202866998012, 22.19103410988088143 ) ) ;
#6025 = CARTESIAN_POINT ( 'NONE',  ( 21.24086173243142994, 132.1872273868426646, 9.021143419024296506 ) ) ;
#6026 = CARTESIAN_POINT ( 'NONE',  ( 25.74507281641401590, 134.5280146157651302, 13.76221064308940711 ) ) ;
#6027 = CARTESIAN_POINT ( 'NONE',  ( 30.14167572125923655, 143.3772516183713890, 18.79015418529274584 ) ) ;
#6028 = CARTESIAN_POINT ( 'NONE',  ( -0.5035203522235862650, 130.5546105981749747, 7.563573128819882641 ) ) ;
#6029 = ORIENTED_EDGE ( 'NONE', *, *, #6429, .T. ) ;
#6030 = CARTESIAN_POINT ( 'NONE',  ( -7.003651467230272765, 72.62424560183254130, 138.7392021041522696 ) ) ;
#6031 = CARTESIAN_POINT ( 'NONE',  ( 14.51288964824604477, 170.3226148238686903, 35.64983956317602320 ) ) ;
#6032 = CIRCLE ( 'NONE', #5574, 1.099999999999981437 ) ;
#6033 = CARTESIAN_POINT ( 'NONE',  ( -20.55971514867081495, 132.7427316756644018, 9.890257491072501850 ) ) ;
#6034 = FACE_OUTER_BOUND ( 'NONE', #1557, .T. ) ;
#6035 = DIRECTION ( 'NONE',  ( 0.0007442459860544277123, 0.5767790251485576114, -0.8168998728403572551 ) ) ;
#6036 = VERTEX_POINT ( 'NONE', #5403 ) ;
#6037 = DIRECTION ( 'NONE',  ( 0.0000000000000000000, -0.8169000990817233410, -0.5767791848881776984 ) ) ;
#6038 = CARTESIAN_POINT ( 'NONE',  ( 26.18118926723296269, 166.8787511473227596, 32.61022356902137176 ) ) ;
#6039 = CARTESIAN_POINT ( 'NONE',  ( -16.44575409549626599, 168.7163872253684360, 34.25528278626084955 ) ) ;
#6040 = CARTESIAN_POINT ( 'NONE',  ( 28.82106930450389726, 136.7772706953660418, 15.35311923173411941 ) ) ;
#6041 = DIRECTION ( 'NONE',  ( 0.0007442459860544277123, 0.5767790251485576114, -0.8168998728403572551 ) ) ;
#6042 = ORIENTED_EDGE ( 'NONE', *, *, #3459, .T. ) ;
#6043 = CARTESIAN_POINT ( 'NONE',  ( -8.033787186762717525, 129.8104117692955413, 7.087888121053820711 ) ) ;
#6044 = CARTESIAN_POINT ( 'NONE',  ( 27.55105325764455415, 138.1134417043494125, 13.53514505396128875 ) ) ;
#6045 = AXIS2_PLACEMENT_3D ( 'NONE', #5176, #782, #815 ) ;
#6046 = CARTESIAN_POINT ( 'NONE',  ( -13.95691600577077907, 132.3083338917308254, 12.15881549330557654 ) ) ;
#6047 = CARTESIAN_POINT ( 'NONE',  ( 10.14204031755142843, 145.6789133830692151, 18.40360205397642446 ) ) ;
#6048 = CARTESIAN_POINT ( 'NONE',  ( 31.34124255454817742, 140.8666352629451808, 15.03206874181531383 ) ) ;
#6049 = CARTESIAN_POINT ( 'NONE',  ( -17.30039517214936851, 128.9092909445470525, 7.137780071258148951 ) ) ;
#6050 = EDGE_LOOP ( 'NONE', ( #235, #4895, #2196, #2642 ) ) ;
#6051 = CARTESIAN_POINT ( 'NONE',  ( -2.208157341496186366, 159.4201302759782379, 25.88497631335059168 ) ) ;
#6052 = CARTESIAN_POINT ( 'NONE',  ( 18.47664154705011441, 154.0008242391322142, 24.24593105286188788 ) ) ;
#6053 = CARTESIAN_POINT ( 'NONE',  ( -21.26061277022672868, 158.2888410290442778, 27.28617455253289847 ) ) ;
#6054 = CARTESIAN_POINT ( 'NONE',  ( 30.20436221039299340, 148.8181431732172939, 20.57476205574007722 ) ) ;
#6055 = CARTESIAN_POINT ( 'NONE',  ( -1.636990951059302368, 137.2081684242156143, 12.37416832123217958 ) ) ;
#6056 = EDGE_CURVE ( 'NONE', #412, #5127, #5111, .T. ) ;
#6057 = ADVANCED_FACE ( 'NONE', ( #574 ), #4964, .F. ) ;
#6058 = CARTESIAN_POINT ( 'NONE',  ( 16.21205983975841391, 156.7970176418543815, 26.17542892594212844 ) ) ;
#6059 = CARTESIAN_POINT ( 'NONE',  ( 19.62760271257281630, 151.7736924887885266, 22.70390068177075094 ) ) ;
#6060 = CARTESIAN_POINT ( 'NONE',  ( -13.38691906318094738, 131.3579838928406218, 8.353007800997126253 ) ) ;
#6061 = CARTESIAN_POINT ( 'NONE',  ( 27.18563733116567960, 140.6847054526462273, 14.91322261471147215 ) ) ;
#6062 = B_SPLINE_CURVE_WITH_KNOTS ( 'NONE', 3,
 ( #4394, #609, #3855, #2781 ),
 .UNSPECIFIED., .F., .F.,
 ( 4, 4 ),
 ( 8.673617379884035472E-19, 0.007527599964412043550 ),
 .UNSPECIFIED. ) ;
#6063 = CARTESIAN_POINT ( 'NONE',  ( 25.19684227481435101, 135.7881537736303130, 13.42730278953193235 ) ) ;
#6064 = CARTESIAN_POINT ( 'NONE',  ( -11.72281031597537648, 133.1478250025926400, 9.384312516458694020 ) ) ;
#6065 = VERTEX_POINT ( 'NONE', #3210 ) ;
#6066 = SURFACE_SIDE_STYLE ('',( #1095 ) ) ;
#6067 = CARTESIAN_POINT ( 'NONE',  ( -9.404371670025204466, 166.0093741610645282, 32.67987590641832440 ) ) ;
#6068 = CARTESIAN_POINT ( 'NONE',  ( -11.17471964915780447, 136.9738621105213952, 12.24006112086945031 ) ) ;
#6069 = CARTESIAN_POINT ( 'NONE',  ( -11.93749857805288883, 133.0731122961099686, 9.441257992558071521 ) ) ;
#6070 = CARTESIAN_POINT ( 'NONE',  ( 9.037619215085335611, 130.4685742579853240, 9.656646909783830779 ) ) ;
#6071 = CARTESIAN_POINT ( 'NONE',  ( -5.042693692364945690, 149.4118905381590423, 21.08683340846025089 ) ) ;
#6072 = ORIENTED_EDGE ( 'NONE', *, *, #4198, .F. ) ;
#6073 = CARTESIAN_POINT ( 'NONE',  ( 0.04995360427985733737, 38.71326378518870825, -54.83011497377250265 ) ) ;
#6074 = CARTESIAN_POINT ( 'NONE',  ( -9.168762001473041323, 137.6234531240816636, 12.71247653733728633 ) ) ;
#6075 = LINE ( 'NONE', #2877, #2694 ) ;
#6076 = CARTESIAN_POINT ( 'NONE',  ( 14.88133390336136763, 156.9141419888333644, 25.64116350718844828 ) ) ;
#6077 = EDGE_LOOP ( 'NONE', ( #505, #5702, #2672, #7025 ) ) ;
#6078 = CARTESIAN_POINT ( 'NONE',  ( 29.52232068652972430, 129.1226376215987273, 6.949680412775771643 ) ) ;
#6079 = CARTESIAN_POINT ( 'NONE',  ( 23.64392324679947777, 137.5781769137340405, 12.73482811918976587 ) ) ;
#6080 = DIRECTION ( 'NONE',  ( 0.0001635243220480100197, 0.5738412646324202449, -0.8189665293922949729 ) ) ;
#6081 = CARTESIAN_POINT ( 'NONE',  ( -17.32901775231306729, 145.6420717106873894, 18.38822670482134924 ) ) ;
#6082 = CARTESIAN_POINT ( 'NONE',  ( -21.87840926625692362, 140.7881405971527613, 15.01241906279157590 ) ) ;
#6083 = CARTESIAN_POINT ( 'NONE',  ( 12.22918776985394373, 129.2385907861181238, 6.741933330739580121 ) ) ;
#6084 = ORIENTED_EDGE ( 'NONE', *, *, #6341, .T. ) ;
#6085 = CARTESIAN_POINT ( 'NONE',  ( 0.04138547861963493002, 128.7283410227994693, 8.419744487628666008 ) ) ;
#6086 = CARTESIAN_POINT ( 'NONE',  ( 13.83255635473888034, 164.2007626839537409, 30.72666729224819804 ) ) ;
#6087 = CARTESIAN_POINT ( 'NONE',  ( -21.69736587730336552, 162.3708113492577070, 29.84990030769656144 ) ) ;
#6088 = CARTESIAN_POINT ( 'NONE',  ( -19.64194850668990000, 153.7176556216940355, 26.04572750339955434 ) ) ;
#6089 = LINE ( 'NONE', #6585, #2155 ) ;
#6090 = FACE_OUTER_BOUND ( 'NONE', #3879, .T. ) ;
#6091 = CARTESIAN_POINT ( 'NONE',  ( -13.00475477954766212, 156.7182344835133563, 26.21544604499093012 ) ) ;
#6092 = CARTESIAN_POINT ( 'NONE',  ( -15.36643854689743627, 150.9799236909409217, 22.16759063339482339 ) ) ;
#6093 = CARTESIAN_POINT ( 'NONE',  ( 13.40285555490762448, 131.4127501339554840, 8.341186258064709591 ) ) ;
#6094 = EDGE_CURVE ( 'NONE', #4460, #1743, #2725, .T. ) ;
#6095 = CARTESIAN_POINT ( 'NONE',  ( 26.35690199179923354, 134.8665551919182235, 14.00179747715295342 ) ) ;
#6096 = CARTESIAN_POINT ( 'NONE',  ( -5.574666109827961513, 137.5594107493818683, 15.87401915149636089 ) ) ;
#6097 = CARTESIAN_POINT ( 'NONE',  ( 30.02946627158588910, 161.7541211832775616, 29.20645609189570990 ) ) ;
#6098 = CARTESIAN_POINT ( 'NONE',  ( 24.86052812526630618, 166.0768368289281511, 32.66843538883121312 ) ) ;
#6099 = CARTESIAN_POINT ( 'NONE',  ( 8.768101609512173766, 137.0084476411742287, 12.24006294582818910 ) ) ;
#6100 = CARTESIAN_POINT ( 'NONE',  ( 15.08430478611506231, 133.6941910111692096, 10.03314560816601109 ) ) ;
#6101 = UNCERTAINTY_MEASURE_WITH_UNIT (LENGTH_MEASURE( 1.000000000000000082E-05 ), #1057, 'distance_accuracy_value', 'NONE');
#6102 = CARTESIAN_POINT ( 'NONE',  ( 15.32030931223326675, 131.8342134188342527, 10.62659183358743320 ) ) ;
#6103 = AXIS2_PLACEMENT_3D ( 'NONE', #6173, #155, #2941 ) ;
#6104 = CARTESIAN_POINT ( 'NONE',  ( -12.47944431536740240, 131.5951137422630097, 10.43244624277584620 ) ) ;
#6105 = ORIENTED_EDGE ( 'NONE', *, *, #1540, .T. ) ;
#6106 = CARTESIAN_POINT ( 'NONE',  ( -5.847581593566320457, 171.1079673013937281, 38.33687081001595232 ) ) ;
#6107 = CARTESIAN_POINT ( 'NONE',  ( -9.547273994914830197, 139.4866235296555885, 14.04920314339834064 ) ) ;
#6108 = CARTESIAN_POINT ( 'NONE',  ( -11.92920261050258546, 172.9269154897874330, 37.24438937621479795 ) ) ;
#6109 = CARTESIAN_POINT ( 'NONE',  ( -21.28427682913414287, 174.5556021143877672, 38.58662325419378902 ) ) ;
#6110 = ORIENTED_EDGE ( 'NONE', *, *, #3010, .F. ) ;
#6111 = CARTESIAN_POINT ( 'NONE',  ( -13.97793644230117671, 128.5182464201303958, 6.492675011254944728 ) ) ;
#6112 = CARTESIAN_POINT ( 'NONE',  ( -5.572694838771846904, 135.8195146596344784, 11.40319430300001002 ) ) ;
#6113 = CARTESIAN_POINT ( 'NONE',  ( -9.159576084059224854, 149.4025246547337815, 21.09549643910467509 ) ) ;
#6114 = CARTESIAN_POINT ( 'NONE',  ( 33.17536483942646441, 143.7727322345106415, 17.06728659236114609 ) ) ;
#6115 = CARTESIAN_POINT ( 'NONE',  ( -19.26480735567715286, 136.8838725793207516, 12.34818596605474816 ) ) ;
#6116 = CARTESIAN_POINT ( 'NONE',  ( -0.7381750862380086486, 128.1371859644804090, 5.857840961070670538 ) ) ;
#6117 = VERTEX_POINT ( 'NONE', #6770 ) ;
#6118 = CYLINDRICAL_SURFACE ( 'NONE', #1322, 2.600000000000009859 ) ;
#6119 = CARTESIAN_POINT ( 'NONE',  ( 13.07869040621603318, 162.1970323504258147, 29.31900781259845346 ) ) ;
#6120 = CARTESIAN_POINT ( 'NONE',  ( -10.00221049709438681, 140.8308891681004411, 15.00800268545045668 ) ) ;
#6121 = CARTESIAN_POINT ( 'NONE',  ( 26.63102021311371814, 166.3024016786955599, 34.97345075623313448 ) ) ;
#6122 = CARTESIAN_POINT ( 'NONE',  ( 14.52998248087618371, 145.1614864956243025, 18.07923068072225092 ) ) ;
#6123 = CARTESIAN_POINT ( 'NONE',  ( -10.07903169238130303, 167.0888808173592111, 33.18884574057992864 ) ) ;
#6124 = CARTESIAN_POINT ( 'NONE',  ( -13.84715880848324510, 150.9752364870158772, 22.17801337170699583 ) ) ;
#6125 = CARTESIAN_POINT ( 'NONE',  ( -12.73826439267924648, 150.9725143661229083, 22.18462575892332467 ) ) ;
#6126 = CARTESIAN_POINT ( 'NONE',  ( 16.25608363372487375, 131.3433907343177793, 8.446960747161751826 ) ) ;
#6127 = CARTESIAN_POINT ( 'NONE',  ( 1.160075831696191662, 133.8226871208215982, 9.914252308431702687 ) ) ;
#6128 = CARTESIAN_POINT ( 'NONE',  ( -8.089312731509993526, 161.7365351223049572, 29.71469332858678314 ) ) ;
#6129 = CARTESIAN_POINT ( 'NONE',  ( 20.45463620706436458, 134.7505074280786062, 12.99637846999914004 ) ) ;
#6130 = CARTESIAN_POINT ( 'NONE',  ( -10.34707737647475234, 141.8930841826639551, 18.01139260094263150 ) ) ;
#6131 =( NAMED_UNIT ( * ) PLANE_ANGLE_UNIT ( ) SI_UNIT ( $, .RADIAN. ) );
#6132 = ADVANCED_FACE ( 'NONE', ( #1332 ), #2277, .F. ) ;
#6133 = CARTESIAN_POINT ( 'NONE',  ( -20.61693079841150578, 166.0101685723909384, 32.65106448850133347 ) ) ;
#6134 = CARTESIAN_POINT ( 'NONE',  ( -11.17188962795859375, 135.3543503639820926, 11.07526711650416651 ) ) ;
#6135 = CARTESIAN_POINT ( 'NONE',  ( 12.22248597040772822, 133.0780102007253447, 9.493930087089651693 ) ) ;
#6136 = CARTESIAN_POINT ( 'NONE',  ( -6.980646942748078843, 173.6213859049943835, 37.72994854282554655 ) ) ;
#6137 = DIRECTION ( 'NONE',  ( 0.0001635243220480100197, 0.5738412646324202449, -0.8189665293922949729 ) ) ;
#6138 = ORIENTED_EDGE ( 'NONE', *, *, #175, .T. ) ;
#6139 = CIRCLE ( 'NONE', #7039, 1.100000000000006972 ) ;
#6140 = LINE ( 'NONE', #1239, #6319 ) ;
#6141 = EDGE_CURVE ( 'NONE', #6488, #6972, #4079, .T. ) ;
#6142 = ADVANCED_FACE ( 'NONE', ( #5612 ), #4821, .F. ) ;
#6143 = CARTESIAN_POINT ( 'NONE',  ( -8.588479829145299504, 136.9176907621569796, 12.20402855174361179 ) ) ;
#6144 = CARTESIAN_POINT ( 'NONE',  ( -11.49559401740159359, 173.0472820143171191, 37.32862907930961427 ) ) ;
#6145 = ORIENTED_EDGE ( 'NONE', *, *, #2770, .T. ) ;
#6146 = CARTESIAN_POINT ( 'NONE',  ( -3.988180333092183005, 128.6988599061436389, 6.260239866529627051 ) ) ;
#6147 = CARTESIAN_POINT ( 'NONE',  ( -3.564252432539928961, 141.8934883707787833, 15.75028940983320602 ) ) ;
#6148 = CARTESIAN_POINT ( 'NONE',  ( -8.073940386662997071, 149.3045151591785498, 21.02620666048243692 ) ) ;
#6149 = CARTESIAN_POINT ( 'NONE',  ( -7.258405783841686443, 140.8133598834056670, 15.01261289533800714 ) ) ;
#6150 = CARTESIAN_POINT ( 'NONE',  ( -14.49886945922351345, 136.9601456638687296, 12.25137962905256650 ) ) ;
#6151 = CARTESIAN_POINT ( 'NONE',  ( -9.339486649643221838, 128.6517579414647798, 6.314077025118436381 ) ) ;
#6152 = ORIENTED_EDGE ( 'NONE', *, *, #47, .T. ) ;
#6153 = LINE ( 'NONE', #1251, #6587 ) ;
#6154 = CARTESIAN_POINT ( 'NONE',  ( 15.03951777352789065, 166.0587483562784143, 32.64705079789575137 ) ) ;
#6155 = CARTESIAN_POINT ( 'NONE',  ( -7.879281423629912240, 143.6292108907472311, 17.00889358507214766 ) ) ;
#6156 = CARTESIAN_POINT ( 'NONE',  ( -16.39315229414699360, 174.5509305699869458, 38.60534782200095094 ) ) ;
#6157 = AXIS2_PLACEMENT_3D ( 'NONE', #2701, #6415, #7029 ) ;
#6158 = CARTESIAN_POINT ( 'NONE',  ( 15.51337061459820355, 149.2095437589603080, 20.90474735935616479 ) ) ;
#6159 = CARTESIAN_POINT ( 'NONE',  ( -17.95563125133221405, 160.4453270819124100, 28.54211684661440529 ) ) ;
#6160 = CARTESIAN_POINT ( 'NONE',  ( -8.070678684398044922, 150.9709600738781035, 22.19836117364060257 ) ) ;
#6161 = CARTESIAN_POINT ( 'NONE',  ( -15.36179989930202083, 148.3068492733370931, 20.28624778568860521 ) ) ;
#6162 = CARTESIAN_POINT ( 'NONE',  ( -10.65041070096103226, 130.5187237015373967, 7.636902920981569309 ) ) ;
#6163 = STYLED_ITEM ( 'NONE', ( #6967 ), #5787 ) ;
#6164 = CARTESIAN_POINT ( 'NONE',  ( -0.4561693979452465797, 133.1016890105958907, 9.404546013974018237 ) ) ;
#6165 = CARTESIAN_POINT ( 'NONE',  ( -21.91470237117975017, 161.7425664611025695, 29.67197699602003169 ) ) ;
#6166 = CARTESIAN_POINT ( 'NONE',  ( 28.27173789681316052, 156.9665306638255515, 25.70858073813145594 ) ) ;
#6167 = CARTESIAN_POINT ( 'NONE',  ( 6.679558172747068312, 128.6657314267992831, 9.605726463901691048 ) ) ;
#6168 = CARTESIAN_POINT ( 'NONE',  ( -16.37099987882938024, 161.7338512304203846, 29.69806863845844802 ) ) ;
#6169 = CARTESIAN_POINT ( 'NONE',  ( -13.98678010066290511, 133.6747857210196742, 9.989000168812017577 ) ) ;
#6170 = CARTESIAN_POINT ( 'NONE',  ( -13.39094611572942028, 133.6951802540117455, 9.961440206418759047 ) ) ;
#6171 = CARTESIAN_POINT ( 'NONE',  ( -3.893571664767256024, 149.5659286118111595, 21.18608209431056721 ) ) ;
#6172 = ORIENTED_EDGE ( 'NONE', *, *, #3813, .F. ) ;
#6173 = CARTESIAN_POINT ( 'NONE',  ( -7.003651467230276317, 80.81391100525213744, 144.4776148271996306 ) ) ;
#6174 = EDGE_CURVE ( 'NONE', #6349, #2483, #2208, .T. ) ;
#6175 = CARTESIAN_POINT ( 'NONE',  ( -6.862245032169383308, 142.1484055266172675, 15.95510179282292107 ) ) ;
#6176 = VERTEX_POINT ( 'NONE', #375 ) ;
#6177 = CARTESIAN_POINT ( 'NONE',  ( 13.40766884896502020, 128.6475896829845738, 6.376166615677969496 ) ) ;
#6178 = CARTESIAN_POINT ( 'NONE',  ( -1.700907636066078199, 138.2372324806885047, 13.11456160646284097 ) ) ;
#6179 = CARTESIAN_POINT ( 'NONE',  ( -2.207434373828772944, 158.5229382436646119, 25.25632340295606681 ) ) ;
#6180 = CARTESIAN_POINT ( 'NONE',  ( -11.95101918504659544, 140.8225539853576151, 14.98794069187336930 ) ) ;
#6181 = CARTESIAN_POINT ( 'NONE',  ( 1.716227545106191466, 128.1418928304978238, 5.857200119547433914 ) ) ;
#6182 = ORIENTED_EDGE ( 'NONE', *, *, #4812, .T. ) ;
#6183 = CARTESIAN_POINT ( 'NONE',  ( -1.033478631925066171, 130.5466177636722307, 7.573790766775530869 ) ) ;
#6184 = CARTESIAN_POINT ( 'NONE',  ( 16.59128263237835199, 167.1231474922453231, 33.39942018115287681 ) ) ;
#6185 = CARTESIAN_POINT ( 'NONE',  ( 24.43044198380458099, 143.5964872363330471, 16.97548042863879658 ) ) ;
#6186 = CARTESIAN_POINT ( 'NONE',  ( -21.28427682913414287, 174.5556021143877672, 38.58662325419378902 ) ) ;
#6187 = CARTESIAN_POINT ( 'NONE',  ( -19.35148001333580581, 163.7692992555717808, 30.84778931556624926 ) ) ;
#6188 = DIRECTION ( 'NONE',  ( 0.0000000000000000000, 0.8189665403419612577, 0.5738412723047365827 ) ) ;
#6189 = CARTESIAN_POINT ( 'NONE',  ( 14.54500175830797382, 151.7791726346997621, 22.68355239742273000 ) ) ;
#6190 = CARTESIAN_POINT ( 'NONE',  ( -12.72898735216574728, 145.6305322184500710, 18.41600892857034211 ) ) ;
#6191 = CARTESIAN_POINT ( 'NONE',  ( -19.25353927413052801, 130.1317674002700642, 8.166483049786620541 ) ) ;
#6192 = ORIENTED_EDGE ( 'NONE', *, *, #3375, .T. ) ;
#6193 = CARTESIAN_POINT ( 'NONE',  ( 31.20252167996680726, 152.3324489886836375, 25.11401309231850476 ) ) ;
#6194 = CARTESIAN_POINT ( 'NONE',  ( 1.650356876606644096, 166.0460192180657657, 32.65500390903519445 ) ) ;
#6195 = CARTESIAN_POINT ( 'NONE',  ( -0.008715188135006123049, 158.9873356439528322, 26.49794915815282081 ) ) ;
#6196 = CARTESIAN_POINT ( 'NONE',  ( 1.385756169271721960, 128.1650461048732552, 9.247390408712568899 ) ) ;
#6197 = CARTESIAN_POINT ( 'NONE',  ( 21.18960410526547378, 161.8133617706603502, 29.67761454583717295 ) ) ;
#6198 = CARTESIAN_POINT ( 'NONE',  ( -7.246036296071987515, 133.7512264376362907, 9.896830444300064755 ) ) ;
#6199 = CARTESIAN_POINT ( 'NONE',  ( -11.93606011638678410, 132.2400696505346218, 8.864019970822505812 ) ) ;
#6200 = VERTEX_POINT ( 'NONE', #5781 ) ;
#6201 = CARTESIAN_POINT ( 'NONE',  ( 17.16909225452541676, 168.4449900831908735, 36.47762292979241039 ) ) ;
#6202 = CARTESIAN_POINT ( 'NONE',  ( 31.35793411893059002, 131.1958946982336442, 8.340412037783378807 ) ) ;
#6203 = CARTESIAN_POINT ( 'NONE',  ( -6.096909614983993642, 142.2951622152147593, 16.05680688248422427 ) ) ;
#6204 = CARTESIAN_POINT ( 'NONE',  ( -19.01166769130250245, 166.0542877817789815, 34.75668460913361457 ) ) ;
#6205 = CARTESIAN_POINT ( 'NONE',  ( 19.66678356195614441, 129.0790812613404626, 6.987350869771646877 ) ) ;
#6206 = CARTESIAN_POINT ( 'NONE',  ( 10.55925891787157589, 129.9358836752869308, 9.281922549808502509 ) ) ;
#6207 = FACE_OUTER_BOUND ( 'NONE', #2933, .T. ) ;
#6208 = ADVANCED_FACE ( 'NONE', ( #3049, #6418 ), #5241, .T. ) ;
#6209 = CARTESIAN_POINT ( 'NONE',  ( 19.64655100201318305, 140.8340603065674088, 15.04956720738553955 ) ) ;
#6210 = ADVANCED_FACE ( 'NONE', ( #1486 ), #6383, .T. ) ;
#6211 = CARTESIAN_POINT ( 'NONE',  ( 31.36246215125116521, 128.5424269522563065, 6.570187341959049299 ) ) ;
#6212 = ORIENTED_EDGE ( 'NONE', *, *, #5251, .F. ) ;
#6213 = CARTESIAN_POINT ( 'NONE',  ( -16.43193672258708204, 144.0387159586771872, 17.18349288891886317 ) ) ;
#6214 = CARTESIAN_POINT ( 'NONE',  ( 12.56012148093347314, 160.4759610926554956, 28.72469305743157264 ) ) ;
#6215 = CARTESIAN_POINT ( 'NONE',  ( 20.97639961666183339, 139.9147570566429124, 14.39487577608079683 ) ) ;
#6216 = CARTESIAN_POINT ( 'NONE',  ( -0.8188125244434417693, 174.5613735846056613, 38.62893114491541979 ) ) ;
#6217 = CARTESIAN_POINT ( 'NONE',  ( 13.42705411434100249, 148.1515928816568248, 20.15532342290032020 ) ) ;
#6218 = CARTESIAN_POINT ( 'NONE',  ( 1.749023536907035936, 170.4391955085377504, 35.49320143859627308 ) ) ;
#6219 = EDGE_CURVE ( 'NONE', #5093, #5395, #1521, .T. ) ;
#6220 = CARTESIAN_POINT ( 'NONE',  ( -9.378353355318113316, 150.9693262570990271, 22.19745858011487627 ) ) ;
#6221 = CARTESIAN_POINT ( 'NONE',  ( -13.84252013913609325, 148.3018061968488439, 20.29717709623057686 ) ) ;
#6222 = CARTESIAN_POINT ( 'NONE',  ( 4.884636224974977736, 131.3126155064719853, 8.108909040373452726 ) ) ;
#6223 = ORIENTED_EDGE ( 'NONE', *, *, #2854, .T. ) ;
#6224 = CARTESIAN_POINT ( 'NONE',  ( 29.73550790563351498, 162.7063901574765907, 30.32711302415131271 ) ) ;
#6225 = CARTESIAN_POINT ( 'NONE',  ( -22.56728014588983910, 161.7436218229094607, 29.66886369745880359 ) ) ;
#6226 = DIRECTION ( 'NONE',  ( -0.0007442459860544277123, -0.5767790251485576114, 0.8168998728403572551 ) ) ;
#6227 = DIRECTION ( 'NONE',  ( 0.0007442450898905786372, 0.5767790250261378704, -0.8168998729276091275 ) ) ;
#6228 = CARTESIAN_POINT ( 'NONE',  ( 29.46579628836429521, 161.8113184854382212, 29.70095464213248704 ) ) ;
#6229 = CARTESIAN_POINT ( 'NONE',  ( -21.86486687835246556, 132.6823489817441555, 9.972988102580737646 ) ) ;
#6230 = CARTESIAN_POINT ( 'NONE',  ( 19.66007569660589382, 133.0177428280401557, 9.598079870621445409 ) ) ;
#6231 = VECTOR ( 'NONE', #5539, 1000.000000000000000 ) ;
#6232 = ORIENTED_EDGE ( 'NONE', *, *, #4912, .T. ) ;
#6233 = LINE ( 'NONE', #3951, #1650 ) ;
#6234 = CARTESIAN_POINT ( 'NONE',  ( -21.20656369864859769, 129.2369883676454378, 7.871616507023143861 ) ) ;
#6235 = CIRCLE ( 'NONE', #3150, 8.999999999999978684 ) ;
#6236 = CARTESIAN_POINT ( 'NONE',  ( -6.860808869454640302, 135.9828774646543934, 11.52550919864000534 ) ) ;
#6237 = DIRECTION ( 'NONE',  ( 0.0000000000000000000, -0.8189665403419612577, -0.5738412723047364716 ) ) ;
#6238 = CARTESIAN_POINT ( 'NONE',  ( 20.45407802327044067, 141.6700240700307063, 18.80006601179795567 ) ) ;
#6239 = CARTESIAN_POINT ( 'NONE',  ( 0.05038928958780997114, 128.7284832526520404, 8.419853113227349084 ) ) ;
#6240 = CARTESIAN_POINT ( 'NONE',  ( 30.14142189917847503, 161.0865983407666988, 28.56152905820358967 ) ) ;
#6241 = CARTESIAN_POINT ( 'NONE',  ( 17.40743279045485892, 140.8288841045343247, 15.05140760799958422 ) ) ;
#6242 = CARTESIAN_POINT ( 'NONE',  ( 12.23116174297722303, 128.1017748119203645, 5.940265083823836889 ) ) ;
#6243 = AXIS2_PLACEMENT_3D ( 'NONE', #1300, #6768, #6342 ) ;
#6244 = VERTEX_POINT ( 'NONE', #413 ) ;
#6245 = CARTESIAN_POINT ( 'NONE',  ( -16.09912847072018849, 137.1683336221826153, 14.36416725641488057 ) ) ;
#6246 = CARTESIAN_POINT ( 'NONE',  ( 20.16520434619930668, 132.6915327945708043, 11.23632338027415400 ) ) ;
#6247 = CYLINDRICAL_SURFACE ( 'NONE', #6045, 6.500000000000000888 ) ;
#6248 = CARTESIAN_POINT ( 'NONE',  ( 31.20253901012790720, 151.2139650852663806, 24.32429814216389019 ) ) ;
#6249 = CARTESIAN_POINT ( 'NONE',  ( -9.419139819909265299, 174.5520160101001750, 38.62101957774527250 ) ) ;
#6250 = CARTESIAN_POINT ( 'NONE',  ( 15.34103921898014100, 149.1960521728876756, 20.89437547271885620 ) ) ;
#6251 = CARTESIAN_POINT ( 'NONE',  ( -21.92355405475403529, 173.7424186627763731, 37.77397004260399882 ) ) ;
#6252 = CARTESIAN_POINT ( 'NONE',  ( -21.89607008211991612, 151.0057542936562527, 22.11470187932090781 ) ) ;
#6253 = CARTESIAN_POINT ( 'NONE',  ( -17.97817224298625760, 145.6439800268113913, 18.38390770666242702 ) ) ;
#6254 = CARTESIAN_POINT ( 'NONE',  ( -13.38663022619542708, 131.1877977841521101, 8.241476182338114853 ) ) ;
#6255 = CARTESIAN_POINT ( 'NONE',  ( 31.20079970014881710, 158.3209506513404961, 29.34224348290124951 ) ) ;
#6256 = CARTESIAN_POINT ( 'NONE',  ( -16.37099987882938024, 161.7338512304203846, 29.69806863845844802 ) ) ;
#6257 = VECTOR ( 'NONE', #4312, 1000.000000000000114 ) ;
#6258 = CARTESIAN_POINT ( 'NONE',  ( 0.02602874093229619323, 129.5451513948837032, 8.996446328897645728 ) ) ;
#6259 = CARTESIAN_POINT ( 'NONE',  ( 26.80595269117713286, 155.7524946937179209, 24.86449594852631861 ) ) ;
#6260 = EDGE_CURVE ( 'NONE', #2067, #5279, #5423, .T. ) ;
#6261 = CARTESIAN_POINT ( 'NONE',  ( 30.00715841295998132, 161.8919322204503999, 29.24976521125592299 ) ) ;
#6262 = ORIENTED_EDGE ( 'NONE', *, *, #4118, .F. ) ;
#6263 = CARTESIAN_POINT ( 'NONE',  ( -15.04829817800418468, 161.7325199015462545, 29.70322911079431449 ) ) ;
#6264 = VECTOR ( 'NONE', #3358, 1000.000000000000000 ) ;
#6265 = CARTESIAN_POINT ( 'NONE',  ( 19.65609417771653256, 135.3307547712444432, 11.18496009303196459 ) ) ;
#6266 = CARTESIAN_POINT ( 'NONE',  ( 24.91772961278381970, 133.0411031539278781, 9.577806905418345451 ) ) ;
#6267 = CARTESIAN_POINT ( 'NONE',  ( 21.54464715422515297, 163.3855497904900176, 25.61561916403430672 ) ) ;
#6268 = ORIENTED_EDGE ( 'NONE', *, *, #5617, .F. ) ;
#6269 = CARTESIAN_POINT ( 'NONE',  ( 31.09946085283129591, 160.1925059602630483, 30.66357852186962774 ) ) ;
#6270 = CARTESIAN_POINT ( 'NONE',  ( 29.52005658220968343, 130.4508138459572990, 7.832739623625156966 ) ) ;
#6271 = CARTESIAN_POINT ( 'NONE',  ( 13.39316960360594955, 136.9702592052304908, 12.30584082170657645 ) ) ;
#6272 = CARTESIAN_POINT ( 'NONE',  ( 18.58956741049341232, 153.9701831287136997, 24.22510453280301590 ) ) ;
#6273 = CARTESIAN_POINT ( 'NONE',  ( -20.46411801697063382, 157.9129311463065051, 29.00708802175476464 ) ) ;
#6274 = CARTESIAN_POINT ( 'NONE',  ( -7.236210358455336333, 128.1032937621382644, 5.890043538149730473 ) ) ;
#6275 = CARTESIAN_POINT ( 'NONE',  ( -16.86256545595570699, 185.6285853874445877, -36.85689332096374216 ) ) ;
#6276 = CARTESIAN_POINT ( 'NONE',  ( 29.43956481787149571, 163.7162782896708109, 30.41759726634212768 ) ) ;
#6277 = CARTESIAN_POINT ( 'NONE',  ( 21.23092931364570646, 137.9425058344338026, 13.00208791645218653 ) ) ;
#6278 = CARTESIAN_POINT ( 'NONE',  ( 22.16768316509254788, 127.9263616035346871, 6.214490094083258143 ) ) ;
#6279 = VERTEX_POINT ( 'NONE', #4126 ) ;
#6280 = CARTESIAN_POINT ( 'NONE',  ( -15.96874855011570027, 140.7873431256806498, 16.91951813451264641 ) ) ;
#6281 = CARTESIAN_POINT ( 'NONE',  ( 22.04272789011311318, 133.4355545806212717, 11.76335675648450163 ) ) ;
#6282 = CARTESIAN_POINT ( 'NONE',  ( 21.54403025453748199, 154.2595033295679912, 23.82754055633116863 ) ) ;
#6283 = CARTESIAN_POINT ( 'NONE',  ( -2.207434373828772944, 158.5229382436646119, 25.25632340295606681 ) ) ;
#6284 = CARTESIAN_POINT ( 'NONE',  ( 1.642973505785523924, 170.3058202645942458, 35.64197389077669698 ) ) ;
#6285 = CARTESIAN_POINT ( 'NONE',  ( -4.145781045563031064, 157.1319332427065945, 26.24948881738405504 ) ) ;
#6286 = CARTESIAN_POINT ( 'NONE',  ( -21.23885341923470804, 148.3276884732383962, 20.24207514779835648 ) ) ;
#6287 = CARTESIAN_POINT ( 'NONE',  ( -20.58163687511037665, 145.6515656582321299, 18.36668261557883142 ) ) ;
#6288 = CARTESIAN_POINT ( 'NONE',  ( 16.25637228251663657, 131.1762835983968785, 8.331046317742007545 ) ) ;
#6289 = ORIENTED_EDGE ( 'NONE', *, *, #1933, .T. ) ;
#6290 = CARTESIAN_POINT ( 'NONE',  ( 29.86089882411206275, 163.6434658719641391, 33.09902938375414294 ) ) ;
#6291 = CARTESIAN_POINT ( 'NONE',  ( 24.91617308478667780, 166.0320480624489505, 34.78100298258019762 ) ) ;
#6292 = CARTESIAN_POINT ( 'NONE',  ( 24.47633574514067689, 153.9644679687084192, 24.23008634820303442 ) ) ;
#6293 =( BOUNDED_CURVE ( )  B_SPLINE_CURVE ( 3, ( #3754, #1648, #2141, #6051 ),
 .UNSPECIFIED., .F., .F. ) 
 B_SPLINE_CURVE_WITH_KNOTS ( ( 4, 4 ),
 ( 6.122896545734470841, 9.264489199324264845 ),
 .UNSPECIFIED. ) 
 CURVE ( )  GEOMETRIC_REPRESENTATION_ITEM ( )  RATIONAL_B_SPLINE_CURVE ( ( 1.000000000000000000, 0.3333333333333330373, 0.3333333333333330373, 1.000000000000000000 ) ) 
 REPRESENTATION_ITEM ( '' )  );
#6294 = CARTESIAN_POINT ( 'NONE',  ( 4.562837660834905051, 129.8022317886171209, 9.182093409589539235 ) ) ;
#6295 = CARTESIAN_POINT ( 'NONE',  ( 29.43668623426210118, 140.0736988476455451, 16.45701068221344343 ) ) ;
#6296 = DIRECTION ( 'NONE',  ( 0.0000000000000000000, 0.8189665403419608136, 0.5738412723047372488 ) ) ;
#6297 = CARTESIAN_POINT ( 'NONE',  ( 26.20670191522846437, 137.3013685018251238, 12.53531352323058634 ) ) ;
#6298 = CARTESIAN_POINT ( 'NONE',  ( -16.36232743062230810, 156.7257923422234001, 26.19639881040747298 ) ) ;
#6299 = CARTESIAN_POINT ( 'NONE',  ( -19.25913795243644699, 133.4916995928676613, 10.23660094021830425 ) ) ;
#6300 = EDGE_CURVE ( 'NONE', #628, #3208, #5889, .T. ) ;
#6301 = CARTESIAN_POINT ( 'NONE',  ( 1.708989283304439555, 132.3006428919555617, 8.811481799093273892 ) ) ;
#6302 = CARTESIAN_POINT ( 'NONE',  ( -13.95408107353909166, 165.4373572704293736, 30.09883888282807973 ) ) ;
#6303 = VERTEX_POINT ( 'NONE', #1908 ) ;
#6304 = CARTESIAN_POINT ( 'NONE',  ( 31.20252172137337610, 152.3324461531971679, 25.11401109033597834 ) ) ;
#6305 = CARTESIAN_POINT ( 'NONE',  ( 21.24258972163253389, 131.1727007918794357, 8.348455862340898648 ) ) ;
#6306 = CARTESIAN_POINT ( 'NONE',  ( 22.15050600979024154, 137.9463206763130358, 12.99892779396924425 ) ) ;
#6307 = CARTESIAN_POINT ( 'NONE',  ( 28.06895696859410450, 155.8530493063541655, 25.54165346317352814 ) ) ;
#6308 = DIRECTION ( 'NONE',  ( 0.0001635243220480099926, 0.5738412646324208000, -0.8189665293922945288 ) ) ;
#6309 = CARTESIAN_POINT ( 'NONE',  ( -12.95493389484805213, 127.9832277548045880, 6.046835417418155778 ) ) ;
#6310 = CARTESIAN_POINT ( 'NONE',  ( -14.51897646341657477, 136.6213310112928525, 12.02585817319257266 ) ) ;
#6311 = FACE_OUTER_BOUND ( 'NONE', #1545, .T. ) ;
#6312 = CARTESIAN_POINT ( 'NONE',  ( -19.26480735567715286, 136.8838725793207516, 12.34818596605474816 ) ) ;
#6313 = ORIENTED_EDGE ( 'NONE', *, *, #716, .T. ) ;
#6314 = CARTESIAN_POINT ( 'NONE',  ( 17.40290845655017193, 145.4667717229508810, 18.30447175835151441 ) ) ;
#6315 = CARTESIAN_POINT ( 'NONE',  ( 25.44008793542156610, 134.9489752452624600, 12.83501534394834920 ) ) ;
#6316 = CARTESIAN_POINT ( 'NONE',  ( -18.66128629104392900, 164.7334305991935253, 33.82440150618539576 ) ) ;
#6317 = CARTESIAN_POINT ( 'NONE',  ( -11.70437900276789556, 203.9552143194175073, -24.45451890839385456 ) ) ;
#6318 = CARTESIAN_POINT ( 'NONE',  ( 10.09936169749543566, 170.3190104857115159, 35.64407447475920065 ) ) ;
#6319 = VECTOR ( 'NONE', #5094, 1000.000000000000000 ) ;
#6320 = CARTESIAN_POINT ( 'NONE',  ( -17.89942374036127148, 144.6524544135683357, 20.87089373351567900 ) ) ;
#6321 = CARTESIAN_POINT ( 'NONE',  ( -8.083846571345691956, 153.8009296572456606, 23.93926106201073623 ) ) ;
#6322 = CARTESIAN_POINT ( 'NONE',  ( -19.28454319686886720, 148.3206873369804555, 20.25686565386725135 ) ) ;
#6323 = CARTESIAN_POINT ( 'NONE',  ( -21.88344153351335919, 143.7072505288752211, 17.02457307213561677 ) ) ;
#6324 = CARTESIAN_POINT ( 'NONE',  ( 4.887187177401958849, 129.8467925262672509, 7.067999572620164983 ) ) ;
#6325 = CARTESIAN_POINT ( 'NONE',  ( 14.70397176567244379, 131.6609780896685322, 10.50371605193410041 ) ) ;
#6326 = CARTESIAN_POINT ( 'NONE',  ( -18.45605065431153236, 153.9378905127061330, 23.96998243642225290 ) ) ;
#6327 = CARTESIAN_POINT ( 'NONE',  ( 24.10767600100655628, 154.5817511554456303, 24.05246539323842825 ) ) ;
#6328 = CARTESIAN_POINT ( 'NONE',  ( 18.68207265436605624, 146.1045574843539328, 18.75175239388216397 ) ) ;
#6329 = CARTESIAN_POINT ( 'NONE',  ( 26.04460001175396044, 137.2388418427896113, 12.39530918045185537 ) ) ;
#6330 = CARTESIAN_POINT ( 'NONE',  ( 21.54501508394976028, 164.6766926359129570, 23.77294447290173451 ) ) ;
#6331 = CARTESIAN_POINT ( 'NONE',  ( -9.188468648050672982, 129.9078741904731942, 9.244154845781260121 ) ) ;
#6332 = CARTESIAN_POINT ( 'NONE',  ( -7.286024039855629297, 156.7204498089978415, 26.22641051680832547 ) ) ;
#6333 = CARTESIAN_POINT ( 'NONE',  ( 8.055393045541839214, 133.1160228741075002, 9.429533012525970648 ) ) ;
#6334 = CARTESIAN_POINT ( 'NONE',  ( 24.91916847322335826, 132.2015363144644482, 9.009855847010527441 ) ) ;
#6335 = CARTESIAN_POINT ( 'NONE',  ( -1.052896857277768827, 172.6081101176185655, 37.01841688856502088 ) ) ;
#6336 = ORIENTED_EDGE ( 'NONE', *, *, #1277, .F. ) ;
#6337 = CARTESIAN_POINT ( 'NONE',  ( 31.20242823308503688, 154.7274016777367365, 26.80498949368083572 ) ) ;
#6338 = CARTESIAN_POINT ( 'NONE',  ( -17.30138288251352563, 129.4895408135067782, 7.521757687313779250 ) ) ;
#6339 = CARTESIAN_POINT ( 'NONE',  ( -22.52426716184701760, 136.7953830620641611, 12.46610103220877086 ) ) ;
#6340 = CARTESIAN_POINT ( 'NONE',  ( -6.098886936798792568, 135.8398031743782610, 11.41981355298524115 ) ) ;
#6341 = EDGE_CURVE ( 'NONE', #6349, #5395, #4091, .T. ) ;
#6342 = DIRECTION ( 'NONE',  ( 0.0000000000000000000, -0.8169000990817190111, -0.5767791848881836936 ) ) ;
#6343 = CARTESIAN_POINT ( 'NONE',  ( 21.24810650107126619, 127.9220212041708749, 6.218398329385865786 ) ) ;
#6344 = EDGE_CURVE ( 'NONE', #182, #2819, #151, .T. ) ;
#6345 = ORIENTED_EDGE ( 'NONE', *, *, #6525, .F. ) ;
#6346 = CARTESIAN_POINT ( 'NONE',  ( -16.91331827568627233, 146.2959121063884140, 18.85049964461924787 ) ) ;
#6347 = CARTESIAN_POINT ( 'NONE',  ( 30.20215145198697826, 158.0084850747800829, 29.12071470605899037 ) ) ;
#6348 = CARTESIAN_POINT ( 'NONE',  ( -13.99412438682918669, 137.9334079335230001, 12.92807787953814724 ) ) ;
#6349 = VERTEX_POINT ( 'NONE', #6346 ) ;
#6350 = CARTESIAN_POINT ( 'NONE',  ( -12.06302614341980473, 133.3340588479602786, 9.629360055971995180 ) ) ;
#6351 = CARTESIAN_POINT ( 'NONE',  ( 26.65872233570216920, 135.6250385354586285, 13.31346576485554323 ) ) ;
#6352 = CARTESIAN_POINT ( 'NONE',  ( -12.67356676490231848, 169.9959293009735859, 37.54548814360624931 ) ) ;
#6353 = FACE_OUTER_BOUND ( 'NONE', #3774, .T. ) ;
#6354 = CARTESIAN_POINT ( 'NONE',  ( 21.17483764835765925, 170.3283054227619573, 35.65818563817057907 ) ) ;
#6355 = CARTESIAN_POINT ( 'NONE',  ( -13.95691600577077907, 132.3083338917308254, 12.15881549330557654 ) ) ;
#6356 = AXIS2_PLACEMENT_3D ( 'NONE', #3202, #2087, #2199 ) ;
#6357 = CARTESIAN_POINT ( 'NONE',  ( -10.29461880930547757, 182.5476551169168431, -39.56822173752361493 ) ) ;
#6358 = CARTESIAN_POINT ( 'NONE',  ( -15.36179989930202083, 148.3068492733370931, 20.28624778568860521 ) ) ;
#6359 = AXIS2_PLACEMENT_3D ( 'NONE', #3535, #113, #4008 ) ;
#6360 = CARTESIAN_POINT ( 'NONE',  ( 16.23465081659551856, 143.7274294072385885, 17.08995180917505152 ) ) ;
#6361 = CARTESIAN_POINT ( 'NONE',  ( -7.239171756348861564, 129.8156871023392682, 7.082340546741311194 ) ) ;
#6362 = VERTEX_POINT ( 'NONE', #5201 ) ;
#6363 = CARTESIAN_POINT ( 'NONE',  ( 31.09946085283129591, 160.1925059602630483, 30.66357852186962774 ) ) ;
#6364 = DIRECTION ( 'NONE',  ( -0.0007442459860544277123, -0.5767790251485576114, 0.8168998728403572551 ) ) ;
#6365 = CARTESIAN_POINT ( 'NONE',  ( 28.26005513462114749, 156.6597968968853252, 26.10448178663195051 ) ) ;
#6366 = CARTESIAN_POINT ( 'NONE',  ( -11.75463892017791601, 165.0045626384039679, 30.71181172763028755 ) ) ;
#6367 = CARTESIAN_POINT ( 'NONE',  ( 30.10717989401168282, 143.7888639225305383, 17.02370860795168639 ) ) ;
#6368 = CARTESIAN_POINT ( 'NONE',  ( -14.12856716873139717, 134.9039667752097102, 12.76718730212701836 ) ) ;
#6369 = DIRECTION ( 'NONE',  ( -0.0007442459860544277123, -0.5767790251485576114, 0.8168998728403572551 ) ) ;
#6370 = CARTESIAN_POINT ( 'NONE',  ( -11.20037595935856523, 151.7132966810687549, 22.71376654565251840 ) ) ;
#6371 = CARTESIAN_POINT ( 'NONE',  ( 29.51561392580103416, 133.0432268580070740, 9.586134747902292474 ) ) ;
#6372 = CARTESIAN_POINT ( 'NONE',  ( -10.65197530106356538, 131.4265152291673360, 8.262207628897371592 ) ) ;
#6373 = CARTESIAN_POINT ( 'NONE',  ( 27.81762106699951786, 138.5564311155306996, 13.41546843363684616 ) ) ;
#6374 = B_SPLINE_CURVE_WITH_KNOTS ( 'NONE', 3,
 ( #5463, #484, #1551, #2225, #1021, #6489, #6985, #1626, #444, #11, #520, #2616, #595, #1515, #2696, #5920, #4916, #6449 ),
 .UNSPECIFIED., .F., .F.,
 ( 4, 2, 2, 2, 2, 2, 2, 2, 4 ),
 ( 0.001612475874238672056, 0.03125000000000823647, 0.1250000000000333344, 0.2500000000000290323, 0.3750000000000155986, 0.5000000000000137668, 0.7500000000000142109, 0.8750000000000065503, 1.000000000000000000 ),
 .UNSPECIFIED. ) ;
#6375 = ORIENTED_EDGE ( 'NONE', *, *, #5486, .F. ) ;
#6376 = CIRCLE ( 'NONE', #3298, 4.000000000000002665 ) ;
#6377 = CARTESIAN_POINT ( 'NONE',  ( 28.37275632008240223, 165.2857164760832234, 34.25719844573620065 ) ) ;
#6378 = CARTESIAN_POINT ( 'NONE',  ( 30.01819289778998723, 161.8806853579045821, 29.13937179741348160 ) ) ;
#6379 = CARTESIAN_POINT ( 'NONE',  ( -18.02823472887028089, 174.5519768122759672, 38.59982198179729096 ) ) ;
#6380 = CARTESIAN_POINT ( 'NONE',  ( 12.21850661149918515, 135.3556834468803061, 11.13111371696559537 ) ) ;
#6381 = CARTESIAN_POINT ( 'NONE',  ( 20.45407802324594471, 141.6700240510445212, 18.80006603868834247 ) ) ;
#6382 = CARTESIAN_POINT ( 'NONE',  ( 17.42963813293244968, 127.9565678929978674, 6.159795617199731232 ) ) ;
#6383 = PLANE ( 'NONE',  #3922 ) ;
#6384 = CARTESIAN_POINT ( 'NONE',  ( 26.82846889784019950, 166.5572298150929385, 32.42109611595828511 ) ) ;
#6385 = CARTESIAN_POINT ( 'NONE',  ( -12.71557750587935409, 137.9371665731535472, 12.92588395369728715 ) ) ;
#6386 = ADVANCED_FACE ( 'NONE', ( #6845 ), #1634, .F. ) ;
#6387 = ORIENTED_EDGE ( 'NONE', *, *, #177, .T. ) ;
#6388 = CARTESIAN_POINT ( 'NONE',  ( -15.72644621975306123, 140.5967530201534430, 14.75390875530588275 ) ) ;
#6389 = CARTESIAN_POINT ( 'NONE',  ( 20.38820857200108705, 168.2717104274460951, 34.21465901547446009 ) ) ;
#6390 = CARTESIAN_POINT ( 'NONE',  ( -0.5048246255965751494, 129.5438891496724523, 8.995071470563802407 ) ) ;
#6391 = DIRECTION ( 'NONE',  ( -0.0007442459860544277123, -0.5767790251485576114, 0.8168998728403572551 ) ) ;
#6392 = CARTESIAN_POINT ( 'NONE',  ( -18.01346634466404950, 166.0055012994195920, 32.66413539772522512 ) ) ;
#6393 = CARTESIAN_POINT ( 'NONE',  ( -18.45211121764714690, 153.8025755058447146, 24.11939159945794131 ) ) ;
#6394 = CARTESIAN_POINT ( 'NONE',  ( -2.173798050445393759, 157.1404933786802758, 26.24225727052422030 ) ) ;
#6395 = CARTESIAN_POINT ( 'NONE',  ( -22.53936999128342222, 145.6513294272101007, 18.36218579914492111 ) ) ;
#6396 = CARTESIAN_POINT ( 'NONE',  ( 18.05882235749144371, 145.6629092934370533, 18.44592758736413174 ) ) ;
#6397 = CARTESIAN_POINT ( 'NONE',  ( -17.95053487524574365, 129.4505811837687475, 7.575612790200553448 ) ) ;
#6398 = ORIENTED_EDGE ( 'NONE', *, *, #3672, .T. ) ;
#6399 = CARTESIAN_POINT ( 'NONE',  ( -2.207229968426212885, 159.2402398244551591, 24.23261524121570076 ) ) ;
#6400 = CARTESIAN_POINT ( 'NONE',  ( -10.34648197968590821, 142.3545074027827582, 17.35787270267034899 ) ) ;
#6401 = CARTESIAN_POINT ( 'NONE',  ( 23.48808480826508926, 154.4417297150728814, 23.95531509670716375 ) ) ;
#6402 = CARTESIAN_POINT ( 'NONE',  ( -9.554638578632346224, 165.0043551386950469, 30.71210561225236546 ) ) ;
#6403 = CARTESIAN_POINT ( 'NONE',  ( 29.81662362322142457, 142.1249887237037228, 15.84865081710834467 ) ) ;
#6404 = LINE ( 'NONE', #4793, #3043 ) ;
#6405 = CARTESIAN_POINT ( 'NONE',  ( -4.323392818076553290, 128.8987319984875626, 8.536073892467349822 ) ) ;
#6406 = CARTESIAN_POINT ( 'NONE',  ( -7.277351820583376707, 151.7161364437695852, 22.71940906694974771 ) ) ;
#6407 = CARTESIAN_POINT ( 'NONE',  ( -14.99704107147701926, 132.1149035088247956, 9.034632919591251365 ) ) ;
#6408 = CARTESIAN_POINT ( 'NONE',  ( -19.25481669300855003, 130.8964621510561130, 8.641695416336581559 ) ) ;
#6409 = CARTESIAN_POINT ( 'NONE',  ( 30.20469909111263718, 148.7926537560038298, 20.59731478858463660 ) ) ;
#6410 = ORIENTED_EDGE ( 'NONE', *, *, #3813, .T. ) ;
#6411 = DIRECTION ( 'NONE',  ( 0.0001635243220479844597, 0.5738412646324201338, -0.8189665293922950839 ) ) ;
#6412 = CARTESIAN_POINT ( 'NONE',  ( 29.95657441958923428, 161.9427295876992048, 29.79319564157418299 ) ) ;
#6413 = CARTESIAN_POINT ( 'NONE',  ( 27.60449284210717380, 174.5838017315313664, 38.66717447079201264 ) ) ;
#6414 = CARTESIAN_POINT ( 'NONE',  ( 17.41697614756825274, 135.3226105823225396, 11.19102531986449023 ) ) ;
#6415 = DIRECTION ( 'NONE',  ( -0.0007442459860544277123, -0.5767790251485576114, 0.8168998728403572551 ) ) ;
#6416 = CARTESIAN_POINT ( 'NONE',  ( 31.20005545506658962, 157.7441716263346336, 30.15914335584156092 ) ) ;
#6417 = VERTEX_POINT ( 'NONE', #454 ) ;
#6418 = FACE_OUTER_BOUND ( 'NONE', #566, .T. ) ;
#6419 = CARTESIAN_POINT ( 'NONE',  ( 15.32146027342857764, 132.7261848207141952, 9.363280773097139686 ) ) ;
#6420 = CARTESIAN_POINT ( 'NONE',  ( -12.97042595099371276, 136.9695933882642578, 12.24170441285446564 ) ) ;
#6421 = ORIENTED_EDGE ( 'NONE', *, *, #1933, .F. ) ;
#6422 = CARTESIAN_POINT ( 'NONE',  ( -13.50795082148279569, 134.8062989604474922, 10.66753115465096613 ) ) ;
#6423 = CARTESIAN_POINT ( 'NONE',  ( 15.73412532377495587, 186.6582684236743432, -36.64217485754762293 ) ) ;
#6424 = CARTESIAN_POINT ( 'NONE',  ( -7.135874477351317857, 171.1609830929941722, 38.37312934288447508 ) ) ;
#6425 = ORIENTED_EDGE ( 'NONE', *, *, #99, .F. ) ;
#6426 = CARTESIAN_POINT ( 'NONE',  ( 18.01614236765752608, 170.3254168577259406, 35.65449949460749934 ) ) ;
#6427 = CARTESIAN_POINT ( 'NONE',  ( -13.19136410352242805, 131.5288680263610956, 11.60916452809975041 ) ) ;
#6428 = ADVANCED_FACE ( 'NONE', ( #1101 ), #5929, .F. ) ;
#6429 = EDGE_CURVE ( 'NONE', #2044, #2102, #691, .T. ) ;
#6430 = CARTESIAN_POINT ( 'NONE',  ( 25.93677823017376127, 166.6016525100350805, 35.18410682578743831 ) ) ;
#6431 = CARTESIAN_POINT ( 'NONE',  ( -12.73362571329374227, 148.2989198419407728, 20.30402326486130349 ) ) ;
#6432 = CARTESIAN_POINT ( 'NONE',  ( -20.57828627488663997, 143.7098973764836956, 17.02402743191616707 ) ) ;
#6433 = CARTESIAN_POINT ( 'NONE',  ( 10.16965677755301023, 129.8275788050763992, 7.108390540670194824 ) ) ;
#6434 = EDGE_LOOP ( 'NONE', ( #1590, #4711 ) ) ;
#6435 = FACE_OUTER_BOUND ( 'NONE', #6050, .T. ) ;
#6436 = DIRECTION ( 'NONE',  ( 0.0000000000000000000, 0.8189665403419610357, 0.5738412723047368047 ) ) ;
#6437 = CARTESIAN_POINT ( 'NONE',  ( 29.50979582690100500, 157.5069795358526221, 26.69382992590828962 ) ) ;
#6438 =( GEOMETRIC_REPRESENTATION_CONTEXT ( 3 ) GLOBAL_UNCERTAINTY_ASSIGNED_CONTEXT ( ( #222 ) ) GLOBAL_UNIT_ASSIGNED_CONTEXT ( ( #1195, #6131, #4484 ) ) REPRESENTATION_CONTEXT ( 'NONE', 'WORKASPACE' ) );
#6439 = FACE_OUTER_BOUND ( 'NONE', #1164, .T. ) ;
#6440 = CARTESIAN_POINT ( 'NONE',  ( 26.58208183357526266, 136.6244698785300500, 14.01905284526337603 ) ) ;
#6441 = DIRECTION ( 'NONE',  ( -0.0007442459860544277123, -0.5767790251485576114, 0.8168998728403572551 ) ) ;
#6442 = CARTESIAN_POINT ( 'NONE',  ( -10.73134019304479914, 130.5338292806388267, 9.684710052104218647 ) ) ;
#6443 = EDGE_CURVE ( 'NONE', #4229, #4240, #2438, .T. ) ;
#6444 = CARTESIAN_POINT ( 'NONE',  ( 4.849004953329662193, 151.7825782246174811, 22.65476801645630189 ) ) ;
#6445 = CARTESIAN_POINT ( 'NONE',  ( 1.708989283304439555, 132.3006428919555617, 8.811481799093273892 ) ) ;
#6446 = CARTESIAN_POINT ( 'NONE',  ( -17.30422513411286189, 131.1658328873289463, 8.616857344244859718 ) ) ;
#6447 = DIRECTION ( 'NONE',  ( 0.0007442450898860981717, 0.5767790250260459439, -0.8168998729276741866 ) ) ;
#6448 = ORIENTED_EDGE ( 'NONE', *, *, #2539, .T. ) ;
#6449 = CARTESIAN_POINT ( 'NONE',  ( 0.04514303171215840182, 128.1516376665899486, 9.236701888565063356 ) ) ;
#6450 = CARTESIAN_POINT ( 'NONE',  ( 21.82278591411727575, 135.1644661482640117, 11.05592890476882673 ) ) ;
#6451 = CARTESIAN_POINT ( 'NONE',  ( 21.16745514018212049, 174.5739930239607531, 38.66524561899164780 ) ) ;
#6452 = CARTESIAN_POINT ( 'NONE',  ( 27.66964779598903235, 136.9893784834600865, 12.31386973714374022 ) ) ;
#6453 = DIRECTION ( 'NONE',  ( -0.0007442459860544277123, -0.5767790251485576114, 0.8168998728403572551 ) ) ;
#6454 = CARTESIAN_POINT ( 'NONE',  ( 21.05364431825981697, 167.9030101650855613, 33.95624951417212856 ) ) ;
#6455 = CARTESIAN_POINT ( 'NONE',  ( -26.98112350932630932, 168.0598607437476062, 37.38961578980968881 ) ) ;
#6456 = DIRECTION ( 'NONE',  ( 0.0000000000000000000, 0.8169000990817240071, 0.5767791848881769212 ) ) ;
#6457 = CARTESIAN_POINT ( 'NONE',  ( 12.21567632983899188, 136.9794565050447375, 12.28984189228482471 ) ) ;
#6458 = ORIENTED_EDGE ( 'NONE', *, *, #1761, .F. ) ;
#6459 = CARTESIAN_POINT ( 'NONE',  ( -5.574107926017120462, 137.9919950130565951, 15.26134425401665418 ) ) ;
#6460 = CARTESIAN_POINT ( 'NONE',  ( 29.44515561005430015, 137.5515699780694092, 15.90038833208029168 ) ) ;
#6461 = CARTESIAN_POINT ( 'NONE',  ( 16.05472679188041596, 166.5804090309517562, 32.40522448311476467 ) ) ;
#6462 = ORIENTED_EDGE ( 'NONE', *, *, #5166, .T. ) ;
#6463 = CARTESIAN_POINT ( 'NONE',  ( -11.22510529491628972, 166.0066939577779976, 32.67919621177681222 ) ) ;
#6464 = AXIS2_PLACEMENT_3D ( 'NONE', #4265, #1513, #4839 ) ;
#6465 = CARTESIAN_POINT ( 'NONE',  ( 8.781613075541711666, 129.2671563066354565, 6.692760233319717145 ) ) ;
#6466 = CARTESIAN_POINT ( 'NONE',  ( 22.97299222639538385, 140.3323614693774744, 14.67944256926195301 ) ) ;
#6467 = CARTESIAN_POINT ( 'NONE',  ( -14.89679893211838113, 134.2959730801420619, 12.33720833527672944 ) ) ;
#6468 = CARTESIAN_POINT ( 'NONE',  ( -11.95604931449084951, 143.7066879131328392, 17.04988182765321270 ) ) ;
#6469 = CARTESIAN_POINT ( 'NONE',  ( 29.49705794148288263, 143.7626612225703013, 17.07254163889324161 ) ) ;
#6470 = CARTESIAN_POINT ( 'NONE',  ( 24.92217269242379629, 130.4417658005910425, 7.834268340388722329 ) ) ;
#6471 = AXIS2_PLACEMENT_3D ( 'NONE', #4376, #558, #4914 ) ;
#6472 = ORIENTED_EDGE ( 'NONE', *, *, #3812, .T. ) ;
#6473 = CARTESIAN_POINT ( 'NONE',  ( -4.390791047991384310, 171.2778587142616402, 39.68229152683792904 ) ) ;
#6474 = CARTESIAN_POINT ( 'NONE',  ( -1.037010610655079601, 128.7265267370941331, 8.417481012005969987 ) ) ;
#6475 = CARTESIAN_POINT ( 'NONE',  ( 21.15320974616443905, 153.9724645657451276, 24.23411679544279451 ) ) ;
#6476 = DIRECTION ( 'NONE',  ( 0.0001635243220480099926, 0.5738412646324204669, -0.8189665293922948619 ) ) ;
#6477 = CARTESIAN_POINT ( 'NONE',  ( -20.63120492747635026, 160.1154738742964412, 30.56205961094757839 ) ) ;
#6478 = CARTESIAN_POINT ( 'NONE',  ( -3.399774392908989640, 135.3365204906591259, 11.03939098454064549 ) ) ;
#6479 = CARTESIAN_POINT ( 'NONE',  ( 31.31362235242044534, 156.8055648814249992, 26.20054366667742940 ) ) ;
#6480 = CARTESIAN_POINT ( 'NONE',  ( -10.65485190584662156, 133.0873888481469010, 9.424102306633013626 ) ) ;
#6481 = CARTESIAN_POINT ( 'NONE',  ( -14.48917732160496286, 131.3014244080057722, 8.430797093722686597 ) ) ;
#6482 = EDGE_CURVE ( 'NONE', #318, #5256, #5431, .T. ) ;
#6483 = AXIS2_PLACEMENT_3D ( 'NONE', #6330, #4223, #6296 ) ;
#6484 = CARTESIAN_POINT ( 'NONE',  ( 15.68226215339452878, 145.5665306005503794, 19.64946247926939549 ) ) ;
#6485 = EDGE_CURVE ( 'NONE', #3861, #1296, #6533, .T. ) ;
#6486 = CARTESIAN_POINT ( 'NONE',  ( 28.70971110792467584, 139.6384055882219002, 14.17491554185672875 ) ) ;
#6487 = FACE_OUTER_BOUND ( 'NONE', #5516, .T. ) ;
#6488 = VERTEX_POINT ( 'NONE', #3809 ) ;
#6489 = CARTESIAN_POINT ( 'NONE',  ( -10.73208443814196045, 129.9570502556199187, 10.50160992502445723 ) ) ;
#6490 = CARTESIAN_POINT ( 'NONE',  ( 30.54053094356423870, 160.5189085729823262, 28.79742156235271722 ) ) ;
#6491 = CARTESIAN_POINT ( 'NONE',  ( -14.55664001053504819, 170.2778877745538182, 35.64174260382321791 ) ) ;
#6492 = CARTESIAN_POINT ( 'NONE',  ( -17.96024336362526697, 135.2334945619950020, 11.23054262990993912 ) ) ;
#6493 = CARTESIAN_POINT ( 'NONE',  ( 15.68166675660568465, 146.0036974894213984, 20.93743948091866258 ) ) ;
#6494 = VECTOR ( 'NONE', #1208, 1000.000000000000114 ) ;
#6495 = CARTESIAN_POINT ( 'NONE',  ( 31.18145892033104261, 158.6667158479393436, 30.81049651910936049 ) ) ;
#6496 = VERTEX_POINT ( 'NONE', #527 ) ;
#6497 = CARTESIAN_POINT ( 'NONE',  ( 1.328929081505478393, 130.5643999669036077, 7.580949409911866610 ) ) ;
#6498 = B_SPLINE_CURVE_WITH_KNOTS ( 'NONE', 3,
 ( #4608, #700, #5599, #6692, #2868, #5054, #144, #216, #2329, #4577, #3434, #1798, #5631, #730 ),
 .UNSPECIFIED., .F., .F.,
 ( 4, 2, 2, 2, 2, 2, 4 ),
 ( 0.0000000000000000000, 0.2500000000000304756, 0.3750000000000461853, 0.5000000000000613953, 0.7500000000000582867, 0.8750000000000327516, 1.000000000000000000 ),
 .UNSPECIFIED. ) ;
#6499 = CARTESIAN_POINT ( 'NONE',  ( 15.68226215339452878, 147.3637108185301372, 20.91837668602335754 ) ) ;
#6500 = ORIENTED_EDGE ( 'NONE', *, *, #5489, .F. ) ;
#6501 = CARTESIAN_POINT ( 'NONE',  ( -16.44720310189293500, 167.5934285279118967, 35.84574425842257739 ) ) ;
#6502 = FACE_OUTER_BOUND ( 'NONE', #2139, .T. ) ;
#6503 = VERTEX_POINT ( 'NONE', #2086 ) ;
#6504 = CARTESIAN_POINT ( 'NONE',  ( 11.55967468951497956, 129.2473106785044763, 6.727868031921574676 ) ) ;
#6505 = CARTESIAN_POINT ( 'NONE',  ( 25.22898257122439247, 137.1446644842159799, 12.42638926462232263 ) ) ;
#6506 = CARTESIAN_POINT ( 'NONE',  ( 25.93603398507428537, 166.0248734849883476, 36.00100669871666526 ) ) ;
#6507 = CARTESIAN_POINT ( 'NONE',  ( 15.06354954475131258, 145.6643213782519126, 18.43652306213236614 ) ) ;
#6508 = CARTESIAN_POINT ( 'NONE',  ( -14.50055074096682795, 137.9312837273847947, 12.92985139104913017 ) ) ;
#6509 = CARTESIAN_POINT ( 'NONE',  ( -15.32755884413844072, 128.4497145900603812, 6.586895848345985627 ) ) ;
#6510 = ORIENTED_EDGE ( 'NONE', *, *, #6953, .T. ) ;
#6511 = CARTESIAN_POINT ( 'NONE',  ( 7.803723683896550689, 169.4853835995828035, 38.42780933732390025 ) ) ;
#6512 = CARTESIAN_POINT ( 'NONE',  ( -12.49068437553668431, 131.6035333006599899, 10.43838070241513449 ) ) ;
#6513 = CARTESIAN_POINT ( 'NONE',  ( 20.22963608027638927, 153.6355956297620651, 23.99809103417620193 ) ) ;
#6514 = CARTESIAN_POINT ( 'NONE',  ( 16.48191468509712365, 142.7315915795598471, 16.38725887067644038 ) ) ;
#6515 = FACE_OUTER_BOUND ( 'NONE', #18, .T. ) ;
#6516 = CARTESIAN_POINT ( 'NONE',  ( 21.13511439542625681, 167.9068029542884517, 33.95903974700179617 ) ) ;
#6517 = CARTESIAN_POINT ( 'NONE',  ( 19.61025627413650696, 161.8150387554003089, 29.67132845855721612 ) ) ;
#6518 = CARTESIAN_POINT ( 'NONE',  ( -16.34772812551521071, 148.3106035720246894, 20.27846969774624242 ) ) ;
#6519 = CARTESIAN_POINT ( 'NONE',  ( 33.19679929643346838, 131.3618640919460745, 8.462486348240123135 ) ) ;
#6520 = CARTESIAN_POINT ( 'NONE',  ( -17.30393626323961342, 130.9950923532209117, 8.506114930908136529 ) ) ;
#6521 = CARTESIAN_POINT ( 'NONE',  ( 30.13120084966341494, 138.6802652969361702, 16.69793818238656513 ) ) ;
#6522 = DIRECTION ( 'NONE',  ( -0.0007442450898864460922, -0.5767790250261927154, 0.8168998729275704918 ) ) ;
#6523 = CARTESIAN_POINT ( 'NONE',  ( -8.812457026866866272, 131.6766761931391727, 8.348247035377626801 ) ) ;
#6524 =( NAMED_UNIT ( * ) PLANE_ANGLE_UNIT ( ) SI_UNIT ( $, .RADIAN. ) );
#6525 = EDGE_CURVE ( 'NONE', #2577, #4467, #6560, .T. ) ;
#6526 = CARTESIAN_POINT ( 'NONE',  ( 19.98676695214830445, 134.4217083637846315, 10.55797793824669384 ) ) ;
#6527 = EDGE_CURVE ( 'NONE', #1827, #2060, #5802, .T. ) ;
#6528 = CARTESIAN_POINT ( 'NONE',  ( -9.411755799127412558, 170.2815811815350173, 35.64918641527847853 ) ) ;
#6529 = CARTESIAN_POINT ( 'NONE',  ( -17.30825570080987319, 133.5605230142103608, 10.14344937170308469 ) ) ;
#6530 = CARTESIAN_POINT ( 'NONE',  ( 30.20383625103048431, 153.2865688777668254, 23.74199972985273277 ) ) ;
#6531 = DIRECTION ( 'NONE',  ( 0.0007442459860544277123, 0.5767790251485576114, -0.8168998728403572551 ) ) ;
#6532 = ORIENTED_EDGE ( 'NONE', *, *, #673, .T. ) ;
#6533 = LINE ( 'NONE', #4353, #2546 ) ;
#6534 = CARTESIAN_POINT ( 'NONE',  ( -19.42931946161360912, 152.6820406527925513, 25.31471656340006859 ) ) ;
#6535 = CARTESIAN_POINT ( 'NONE',  ( 26.20644088185925114, 137.0990713315926826, 12.82182972030734014 ) ) ;
#6536 = CARTESIAN_POINT ( 'NONE',  ( 13.01887215735854220, 168.0427774886956911, 37.41399642425137273 ) ) ;
#6537 = CARTESIAN_POINT ( 'NONE',  ( 13.38761879291288004, 163.2634069106988193, 30.06758566395535937 ) ) ;
#6538 = VERTEX_POINT ( 'NONE', #4420 ) ;
#6539 = CARTESIAN_POINT ( 'NONE',  ( 29.52133298557016161, 129.7027336253773910, 7.333877050570674960 ) ) ;
#6540 = CARTESIAN_POINT ( 'NONE',  ( 22.76132265086688022, 139.9503173925757551, 14.41073884547768458 ) ) ;
#6541 = CARTESIAN_POINT ( 'NONE',  ( -13.95617176067610821, 132.8851129167570093, 11.34191562037049827 ) ) ;
#6542 = CARTESIAN_POINT ( 'NONE',  ( 19.63816999881109737, 145.6643377127766428, 18.44779323982892549 ) ) ;
#6543 = CARTESIAN_POINT ( 'NONE',  ( -12.71557750587935409, 137.9371665731535472, 12.92588395369728715 ) ) ;
#6544 = CARTESIAN_POINT ( 'NONE',  ( -14.99078637838683470, 128.4686431749242388, 6.560783063174341123 ) ) ;
#6545 = ORIENTED_EDGE ( 'NONE', *, *, #4473, .F. ) ;
#6546 = EDGE_LOOP ( 'NONE', ( #6458, #4318, #5184, #1465 ) ) ;
#6547 = CARTESIAN_POINT ( 'NONE',  ( 28.04501499704409540, 163.9792666439894049, 23.28556325426996665 ) ) ;
#6548 = CARTESIAN_POINT ( 'NONE',  ( 14.60985762268510513, 156.9155371343411787, 26.25021714871381207 ) ) ;
#6549 = CARTESIAN_POINT ( 'NONE',  ( 18.44931522916817457, 140.3220739551846350, 14.69295718837266307 ) ) ;
#6550 = CARTESIAN_POINT ( 'NONE',  ( 30.20260775146864063, 151.2045826227745806, 24.31676257789835560 ) ) ;
#6551 = CARTESIAN_POINT ( 'NONE',  ( -0.7997119143941414654, 137.3204077009254434, 12.44510005930060359 ) ) ;
#6552 = CARTESIAN_POINT ( 'NONE',  ( -15.37639926722533623, 156.7230657577947568, 26.20271398280832287 ) ) ;
#6553 = CARTESIAN_POINT ( 'NONE',  ( 16.22202200525024551, 151.0302317491177746, 22.17396174120803209 ) ) ;
#6554 = CARTESIAN_POINT ( 'NONE',  ( -21.86169516188933315, 130.7486311525869667, 8.845692046971109335 ) ) ;
#6555 = CARTESIAN_POINT ( 'NONE',  ( 16.25637228251663657, 131.1762835983968785, 8.331046317742007545 ) ) ;
#6556 = COLOUR_RGB ( '',0.7921568627450980005, 0.8196078431372548767, 0.9333333333333333481 ) ;
#6557 = CARTESIAN_POINT ( 'NONE',  ( -11.92174987961722010, 132.2846962340581740, 10.91983985345337338 ) ) ;
#6558 = CARTESIAN_POINT ( 'NONE',  ( -2.207434373828772944, 160.6522512485537391, 26.74831071094838464 ) ) ;
#6559 = CARTESIAN_POINT ( 'NONE',  ( -9.771669502227359416, 132.0457301065696072, 8.607946754065642025 ) ) ;
#6560 = CIRCLE ( 'NONE', #2667, 1.100000000000007860 ) ;
#6561 = CARTESIAN_POINT ( 'NONE',  ( 1.650356876606644096, 166.0460192180657657, 32.65500390903519445 ) ) ;
#6562 = CARTESIAN_POINT ( 'NONE',  ( -0.7479999651621499490, 133.7677977392026207, 9.889283567689115984 ) ) ;
#6563 = CARTESIAN_POINT ( 'NONE',  ( -0.8011384742152295457, 134.0909058436328110, 12.51129590722154639 ) ) ;
#6564 = CARTESIAN_POINT ( 'NONE',  ( 7.765846942147345722, 162.1277612773224917, 29.88491887849505346 ) ) ;
#6565 = ORIENTED_EDGE ( 'NONE', *, *, #4063, .F. ) ;
#6566 = CARTESIAN_POINT ( 'NONE',  ( -11.75463892017791601, 165.0045626384039679, 30.71181172763028755 ) ) ;
#6567 = FACE_OUTER_BOUND ( 'NONE', #189, .T. ) ;
#6568 = ADVANCED_FACE ( 'NONE', ( #1706, #4890, #7072, #490 ), #3880, .F. ) ;
#6569 = ADVANCED_FACE ( 'NONE', ( #6992 ), #5354, .F. ) ;
#6570 = CARTESIAN_POINT ( 'NONE',  ( -18.12410181252729657, 165.6746306356618277, 34.48943311446900850 ) ) ;
#6571 = CARTESIAN_POINT ( 'NONE',  ( 31.19110525338965445, 145.0543015164851397, 19.97520546270767383 ) ) ;
#6572 = CARTESIAN_POINT ( 'NONE',  ( 19.96875164751975262, 168.0850597635831889, 33.47237178641543665 ) ) ;
#6573 = EDGE_LOOP ( 'NONE', ( #2915, #4253 ) ) ;
#6574 = CARTESIAN_POINT ( 'NONE',  ( -13.97892395873138760, 129.0953234031812826, 6.881169120164759789 ) ) ;
#6575 = CARTESIAN_POINT ( 'NONE',  ( 21.54472891638617682, 163.6724704228062421, 25.20613589933813614 ) ) ;
#6576 = CARTESIAN_POINT ( 'NONE',  ( 26.63633989663011903, 166.3002030046106938, 34.97190321033544791 ) ) ;
#6577 = CARTESIAN_POINT ( 'NONE',  ( -22.53601911740645392, 143.7051839998268008, 17.02590367674258687 ) ) ;
#6578 = CARTESIAN_POINT ( 'NONE',  ( -9.360696371397088100, 140.8144056345907131, 15.00593435092004135 ) ) ;
#6579 = CARTESIAN_POINT ( 'NONE',  ( 15.09215765337954984, 129.1683043843265466, 6.849051424784730280 ) ) ;
#6580 = EDGE_LOOP ( 'NONE', ( #6192, #2773, #1306, #4807, #5275, #5117, #5503, #4902, #1996 ) ) ;
#6581 = CARTESIAN_POINT ( 'NONE',  ( -5.414858420212982359, 129.0254468132586680, 8.624547561975427712 ) ) ;
#6582 = CARTESIAN_POINT ( 'NONE',  ( 13.23243909956641851, 159.7529501496016735, 27.61022929831050376 ) ) ;
#6583 = CARTESIAN_POINT ( 'NONE',  ( -18.99861097294947498, 154.5468353052781652, 24.32817495447613254 ) ) ;
#6584 = CARTESIAN_POINT ( 'NONE',  ( -18.66538621518522589, 166.5459977056116827, 35.10417601925031050 ) ) ;
#6585 = CARTESIAN_POINT ( 'NONE',  ( -5.795638678917779174, 211.3629710934503692, -18.67683124083567492 ) ) ;
#6586 = CARTESIAN_POINT ( 'NONE',  ( -14.53319903425632376, 156.7209996408758172, 26.20773664832301719 ) ) ;
#6587 = VECTOR ( 'NONE', #5106, 1000.000000000000114 ) ;
#6588 = CARTESIAN_POINT ( 'NONE',  ( -13.42097636944735051, 150.9741107577691821, 22.18066793054002162 ) ) ;
#6589 = CARTESIAN_POINT ( 'NONE',  ( -10.65197530106356538, 131.4265152291673360, 8.262207628897371592 ) ) ;
#6590 = CARTESIAN_POINT ( 'NONE',  ( 22.04198364502447305, 132.8587755555930698, 12.58025662940111822 ) ) ;
#6591 = AXIS2_PLACEMENT_3D ( 'NONE', #1222, #242, #6188 ) ;
#6592 = CARTESIAN_POINT ( 'NONE',  ( 29.73512588492486586, 140.8797476016723920, 17.02640008002324379 ) ) ;
#6593 = CARTESIAN_POINT ( 'NONE',  ( 30.20087300605004899, 159.4240450369315170, 28.00974107578704420 ) ) ;
#6594 = CARTESIAN_POINT ( 'NONE',  ( -13.87317646710166485, 166.0045503517426084, 32.67571022992974150 ) ) ;
#6595 = CARTESIAN_POINT ( 'NONE',  ( 17.41414509285603884, 136.9590312764701423, 12.33175002478270699 ) ) ;
#6596 = VECTOR ( 'NONE', #6441, 1000.000000000000000 ) ;
#6597 = CARTESIAN_POINT ( 'NONE',  ( -11.16791062933728007, 133.0825716523364974, 9.429692821549789272 ) ) ;
#6598 = CARTESIAN_POINT ( 'NONE',  ( 12.19044434179874870, 131.1175876496878345, 10.11776068691040642 ) ) ;
#6599 = CARTESIAN_POINT ( 'NONE',  ( 25.39712262502859019, 137.1447819764437384, 12.42622285880360167 ) ) ;
#6600 = ORIENTED_EDGE ( 'NONE', *, *, #4421, .T. ) ;
#6601 = CARTESIAN_POINT ( 'NONE',  ( -5.800358231087966665, 171.3471274548549559, 39.72991510296756701 ) ) ;
#6602 = AXIS2_PLACEMENT_3D ( 'NONE', #4391, #6041, #3344 ) ;
#6603 = DIRECTION ( 'NONE',  ( -0.0007442450898864458753, -0.5767790250261926044, 0.8168998729275703807 ) ) ;
#6604 = CARTESIAN_POINT ( 'NONE',  ( -21.09466566814297650, 165.0683744212626891, 31.74168222415712393 ) ) ;
#6605 = CARTESIAN_POINT ( 'NONE',  ( 18.90220041573581966, 167.8735604450693302, 33.32165843095592095 ) ) ;
#6606 = ORIENTED_EDGE ( 'NONE', *, *, #2721, .T. ) ;
#6607 = CARTESIAN_POINT ( 'NONE',  ( -22.51072434236036202, 128.5411286900179277, 7.648983381544821825 ) ) ;
#6608 = DIRECTION ( 'NONE',  ( 0.0001635243220480099926, 0.5738412646324203559, -0.8189665293922949729 ) ) ;
#6609 = CARTESIAN_POINT ( 'NONE',  ( 20.45407802324594471, 141.6700240510445212, 18.80006603868834247 ) ) ;
#6610 = EDGE_CURVE ( 'NONE', #4467, #2577, #2896, .T. ) ;
#6611 = CARTESIAN_POINT ( 'NONE',  ( 18.05882235749144371, 145.6629092934370533, 18.44592758736413174 ) ) ;
#6612 = CARTESIAN_POINT ( 'NONE',  ( -13.40331988625442250, 140.8273823739436068, 14.97748233420606567 ) ) ;
#6613 = CARTESIAN_POINT ( 'NONE',  ( 8.781613075541711666, 129.2671563066354565, 6.692760233319717145 ) ) ;
#6614 = ORIENTED_EDGE ( 'NONE', *, *, #3895, .F. ) ;
#6615 = CARTESIAN_POINT ( 'NONE',  ( -4.323392818076553290, 128.8987319984875626, 8.536073892467349822 ) ) ;
#6616 = CARTESIAN_POINT ( 'NONE',  ( 12.65658352198031977, 159.7412168235808849, 28.21135264192224668 ) ) ;
#6617 = CARTESIAN_POINT ( 'NONE',  ( -21.46065181071486450, 159.1389231372861843, 27.56821411776938646 ) ) ;
#6618 = CARTESIAN_POINT ( 'NONE',  ( -20.20323478616320045, 163.3989115554382181, 32.88074830451007813 ) ) ;
#6619 = CARTESIAN_POINT ( 'NONE',  ( 29.98816072680429912, 162.0309464843559226, 29.24445134299147853 ) ) ;
#6620 = CARTESIAN_POINT ( 'NONE',  ( 8.733770153876982079, 156.8000695015588803, 26.15262295208883714 ) ) ;
#6621 = CARTESIAN_POINT ( 'NONE',  ( 22.12652726692828864, 151.7753872670421060, 22.70765735396754081 ) ) ;
#6622 = CARTESIAN_POINT ( 'NONE',  ( 10.16681744805512366, 131.4560633906467615, 8.271542496136042644 ) ) ;
#6623 = CARTESIAN_POINT ( 'NONE',  ( 28.32441889305233218, 136.2837668254421715, 15.00422419574706190 ) ) ;
#6624 = CARTESIAN_POINT ( 'NONE',  ( 24.90557663544228717, 135.6396924594570805, 13.32221506958068957 ) ) ;
#6625 = CARTESIAN_POINT ( 'NONE',  ( -5.804658475828445852, 171.9240839536951739, 38.91313594108392238 ) ) ;
#6626 = CARTESIAN_POINT ( 'NONE',  ( -11.99469376845200053, 166.0058210011769404, 32.67853894123809511 ) ) ;
#6627 = CARTESIAN_POINT ( 'NONE',  ( -9.353985824151600070, 136.9732682997861843, 12.24540126072029622 ) ) ;
#6628 = CARTESIAN_POINT ( 'NONE',  ( 33.19277176911830907, 133.7068279464329237, 10.05986199679542636 ) ) ;
#6629 = CARTESIAN_POINT ( 'NONE',  ( -12.94576540399487641, 143.0936181094570827, 16.60351270448768801 ) ) ;
#6630 = CARTESIAN_POINT ( 'NONE',  ( 6.356592198652849746, 156.2689955382523124, 25.79247691712604507 ) ) ;
#6631 = VERTEX_POINT ( 'NONE', #3775 ) ;
#6632 = CARTESIAN_POINT ( 'NONE',  ( -9.554080390447952098, 165.4369422710115600, 30.09942665207222845 ) ) ;
#6633 = CARTESIAN_POINT ( 'NONE',  ( -5.837033875243403891, 142.3169217542398997, 16.07095550378701887 ) ) ;
#6634 = CARTESIAN_POINT ( 'NONE',  ( -13.20488067321837278, 172.5180559810999625, 36.95821731564260659 ) ) ;
#6635 = LINE ( 'NONE', #4999, #6494 ) ;
#6636 = EDGE_LOOP ( 'NONE', ( #952, #6398 ) ) ;
#6637 = CARTESIAN_POINT ( 'NONE',  ( 21.24613082514119711, 129.0866962097416888, 6.980410213057758106 ) ) ;
#6638 = CARTESIAN_POINT ( 'NONE',  ( -2.926829836617887981, 141.5239785096434275, 15.47969069126666852 ) ) ;
#6639 = CARTESIAN_POINT ( 'NONE',  ( -6.980691232506734956, 149.3064508453325629, 21.02344411573464100 ) ) ;
#6640 = CARTESIAN_POINT ( 'NONE',  ( -0.7603706609460372245, 140.8496950859442904, 14.97693279235698327 ) ) ;
#6641 = CARTESIAN_POINT ( 'NONE',  ( -12.97713742914428181, 140.8259609382710380, 14.98055782086235510 ) ) ;
#6642 = CARTESIAN_POINT ( 'NONE',  ( -16.31447093841591567, 128.9708562221713919, 7.052578011740584074 ) ) ;
#6643 = EDGE_LOOP ( 'NONE', ( #992, #4165 ) ) ;
#6644 = DIRECTION ( 'NONE',  ( 0.0001635243220480100197, 0.5738412646324203559, -0.8189665293922948619 ) ) ;
#6645 = CARTESIAN_POINT ( 'NONE',  ( 15.25486372430761151, 165.6479887159610485, 32.35846847077814914 ) ) ;
#6646 = ADVANCED_FACE ( 'NONE', ( #1297, #4014 ), #3985, .T. ) ;
#6647 = CARTESIAN_POINT ( 'NONE',  ( -10.34572296080703246, 145.0666754469462489, 18.02438367613956061 ) ) ;
#6648 = CARTESIAN_POINT ( 'NONE',  ( 12.15052186005712365, 174.5659595609199073, 38.65442074435007669 ) ) ;
#6649 = DIRECTION ( 'NONE',  ( 0.1654746696487042479, -0.8057093737310507819, -0.5687271215500191435 ) ) ;
#6650 = FACE_OUTER_BOUND ( 'NONE', #91, .T. ) ;
#6651 = CARTESIAN_POINT ( 'NONE',  ( 17.37981091053343263, 156.7952635236966046, 26.18080869528760601 ) ) ;
#6652 = CARTESIAN_POINT ( 'NONE',  ( 27.64527678342383155, 151.0423943971484562, 22.18484938454740174 ) ) ;
#6653 = CARTESIAN_POINT ( 'NONE',  ( 13.40141767326503697, 132.2363032159698832, 8.931932343830078835 ) ) ;
#6654 = CARTESIAN_POINT ( 'NONE',  ( -0.1263746204769269077, 137.2566155411310262, 12.39172230003740083 ) ) ;
#6655 = CARTESIAN_POINT ( 'NONE',  ( 4.831660082378707699, 161.7982794070505577, 29.65870067957501632 ) ) ;
#6656 = EDGE_CURVE ( 'NONE', #5876, #2717, #449, .T. ) ;
#6657 = CARTESIAN_POINT ( 'NONE',  ( 28.58193682577980965, 138.5406656266078471, 15.37382095611447674 ) ) ;
#6658 = EDGE_CURVE ( 'NONE', #2680, #1137, #4497, .T. ) ;
#6659 = B_SPLINE_CURVE_WITH_KNOTS ( 'NONE', 3,
 ( #6282, #3592, #850, #5211, #308, #5790, #887, #1174, #3852, #3883, #4854, #606, #3742, #1710, #6076, #5508, #4926, #1565, #2709, #2778, #5936, #3816, #7037, #1142, #571, #1034, #2129, #6537, #3244, #497, #1106, #3279, #2744, #4960, #532, #6461, #4894, #1674, #7077, #6605, #2167, #6572, #2811, #2092, #3780 ),
 .UNSPECIFIED., .F., .F.,
 ( 4, 2, 1, 2, 2, 2, 2, 2, 2, 2, 2, 2, 2, 2, 2, 2, 2, 2, 2, 2, 2, 2, 4 ),
 ( 0.01446347468002912376, 0.01528996914272979894, 0.01611646360543047413, 0.01694295806813114758, 0.01776945253083182102, 0.01942244145623314364, 0.02107543038163446625, 0.02190192484433514664, 0.02272841930703583049, 0.02438140823243719127, 0.02603439715783855204, 0.02768738608323991282, 0.02851388054594058974, 0.02934037500864127013, 0.03099336393404262396, 0.03264635285944397780, 0.03347284732214465819, 0.03429934178484532470, 0.03595233071024674099, 0.03760531963564815033, 0.03925830856104955968, 0.04008480302375028170, 0.04091129748645098985 ),
 .UNSPECIFIED. ) ;
#6660 = CARTESIAN_POINT ( 'NONE',  ( -2.158440100508299153, 197.9502161983662063, -28.68570139536094388 ) ) ;
#6661 = ORIENTED_EDGE ( 'NONE', *, *, #4871, .T. ) ;
#6662 = CARTESIAN_POINT ( 'NONE',  ( -16.37838390779038278, 166.0044198756288552, 32.66971131757348701 ) ) ;
#6663 = MECHANICAL_DESIGN_GEOMETRIC_PRESENTATION_REPRESENTATION (  '', ( #4143 ), #6438 ) ;
#6664 = CARTESIAN_POINT ( 'NONE',  ( -14.49603778029952572, 135.3135124574251904, 11.12519208057100073 ) ) ;
#6665 = CARTESIAN_POINT ( 'NONE',  ( 11.55297288441472681, 133.0868225969266803, 9.479733112304932874 ) ) ;
#6666 = CARTESIAN_POINT ( 'NONE',  ( -10.34570595262974813, 140.8319760037062167, 15.00646338559835513 ) ) ;
#6667 = AXIS2_PLACEMENT_3D ( 'NONE', #2124, #4316, #1599 ) ;
#6668 = CARTESIAN_POINT ( 'NONE',  ( 1.086824088024761936, 151.2847082698263250, 22.34376660880135645 ) ) ;
#6669 = ORIENTED_EDGE ( 'NONE', *, *, #4106, .F. ) ;
#6670 = DIRECTION ( 'NONE',  ( -0.0007442459860544277123, -0.5767790251485576114, 0.8168998728403572551 ) ) ;
#6671 = CARTESIAN_POINT ( 'NONE',  ( -8.011327884219024753, 141.6479535987827205, 15.59926017460533920 ) ) ;
#6672 = CARTESIAN_POINT ( 'NONE',  ( 20.45601286583379164, 146.4370972595124840, 18.98345931369569684 ) ) ;
#6673 = ORIENTED_EDGE ( 'NONE', *, *, #716, .F. ) ;
#6674 = CARTESIAN_POINT ( 'NONE',  ( -21.85617164881393037, 127.3877848709683320, 6.872452975238807937 ) ) ;
#6675 = CARTESIAN_POINT ( 'NONE',  ( -1.976645802197974255, 140.5200435142683659, 14.75171568840494984 ) ) ;
#6676 = CARTESIAN_POINT ( 'NONE',  ( 1.090035686899924805, 170.5811568476313198, 39.19537267903105260 ) ) ;
#6677 = CARTESIAN_POINT ( 'NONE',  ( 31.33621137945261026, 143.7678767294084423, 17.06965789064543415 ) ) ;
#6678 = CARTESIAN_POINT ( 'NONE',  ( 8.766420813633081011, 137.9716366486847221, 12.92984991287191043 ) ) ;
#6679 = CARTESIAN_POINT ( 'NONE',  ( 10.17163061800334845, 128.6929334468436537, 6.303632497342559482 ) ) ;
#6680 = ORIENTED_EDGE ( 'NONE', *, *, #2151, .F. ) ;
#6681 = CARTESIAN_POINT ( 'NONE',  ( -2.620850067729795896, 130.5985256607471285, 7.615571702642820462 ) ) ;
#6682 = CARTESIAN_POINT ( 'NONE',  ( 14.44444283699335152, 165.4965849639585258, 32.25034416994999020 ) ) ;
#6683 = CARTESIAN_POINT ( 'NONE',  ( 22.89638094766210230, 140.5684309443625750, 14.84646324755792968 ) ) ;
#6684 = CARTESIAN_POINT ( 'NONE',  ( 26.20670191522846437, 137.3013685018251238, 12.53531352323058634 ) ) ;
#6685 = CARTESIAN_POINT ( 'NONE',  ( -15.79320304800174668, 169.2436117377905020, 34.67632448610720530 ) ) ;
#6686 = CARTESIAN_POINT ( 'NONE',  ( -0.2180911283803567691, 167.1159468823430529, 33.17545619752375075 ) ) ;
#6687 = CARTESIAN_POINT ( 'NONE',  ( 19.62760271257281630, 151.7736924887885266, 22.70390068177075094 ) ) ;
#6688 = CARTESIAN_POINT ( 'NONE',  ( 17.39441238751906127, 148.3445414023148885, 20.31346007348930272 ) ) ;
#6689 = CARTESIAN_POINT ( 'NONE',  ( 1.710715819465819187, 131.3098889759957331, 8.104954659790664095 ) ) ;
#6690 = CARTESIAN_POINT ( 'NONE',  ( -0.1149348804961000253, 133.1585547898952768, 9.443681040849211783 ) ) ;
#6691 = CARTESIAN_POINT ( 'NONE',  ( -8.096697065152628880, 166.0120885579533478, 32.67924033170083220 ) ) ;
#6692 = CARTESIAN_POINT ( 'NONE',  ( 4.702193944963584116, 128.9931363084691327, 8.610951703709732286 ) ) ;
#6693 = CARTESIAN_POINT ( 'NONE',  ( 30.20251593833900117, 154.7169685344526897, 26.79671210468964304 ) ) ;
#6694 = CIRCLE ( 'NONE', #534, 2.599999999999984990 ) ;
#6695 = CARTESIAN_POINT ( 'NONE',  ( -14.54187167100691269, 161.7321432242930825, 29.70501551990217948 ) ) ;
#6696 = CARTESIAN_POINT ( 'NONE',  ( 10.15996255168909101, 135.3771481123335718, 11.09547755825240856 ) ) ;
#6697 = EDGE_CURVE ( 'NONE', #1170, #4399, #1404, .T. ) ;
#6698 = CARTESIAN_POINT ( 'NONE',  ( -9.348326757116510066, 133.7502023881154116, 9.893098189275196574 ) ) ;
#6699 = ADVANCED_FACE ( 'NONE', ( #3472 ), #2370, .T. ) ;
#6700 = VECTOR ( 'NONE', #4822, 1000.000000000000000 ) ;
#6701 = VECTOR ( 'NONE', #6226, 1000.000000000000000 ) ;
#6702 = CARTESIAN_POINT ( 'NONE',  ( 20.98735894812406855, 168.1202165710490988, 33.67569184145993688 ) ) ;
#6703 = EDGE_LOOP ( 'NONE', ( #5852, #1646 ) ) ;
#6704 = AXIS2_PLACEMENT_3D ( 'NONE', #6609, #1212, #5037 ) ;
#6705 = DIRECTION ( 'NONE',  ( 0.0007442459860544277123, 0.5767790251485576114, -0.8168998728403572551 ) ) ;
#6706 = AXIS2_PLACEMENT_3D ( 'NONE', #5946, #5409, #506 ) ;
#6707 = CARTESIAN_POINT ( 'NONE',  ( -2.207434373828772944, 158.5229382436646119, 25.25632340295606681 ) ) ;
#6708 = CARTESIAN_POINT ( 'NONE',  ( -20.62868640590674474, 166.1363494031463972, 32.48974723731438985 ) ) ;
#6709 = ORIENTED_EDGE ( 'NONE', *, *, #261, .T. ) ;
#6710 = CARTESIAN_POINT ( 'NONE',  ( -22.50973517777476829, 127.9370868084566126, 7.298872868814004988 ) ) ;
#6711 = CARTESIAN_POINT ( 'NONE',  ( -5.311687076013365427, 135.8200011307722832, 11.40250530740003398 ) ) ;
#6712 = CARTESIAN_POINT ( 'NONE',  ( -5.800358231087966665, 171.3471274548549559, 39.72991510296756701 ) ) ;
#6713 = CARTESIAN_POINT ( 'NONE',  ( 14.56395069848516854, 140.8288939729879701, 15.04437381669820795 ) ) ;
#6714 = CARTESIAN_POINT ( 'NONE',  ( 13.40766884896502020, 128.6475896829845738, 6.376166615677969496 ) ) ;
#6715 = VERTEX_POINT ( 'NONE', #6106 ) ;
#6716 = CARTESIAN_POINT ( 'NONE',  ( -12.57049918260042887, 131.6628426623202870, 10.48018385985918144 ) ) ;
#6717 = CARTESIAN_POINT ( 'NONE',  ( 15.86198399688947269, 166.6872867015975999, 33.09110288796781418 ) ) ;
#6718 = CARTESIAN_POINT ( 'NONE',  ( 24.04967344992797607, 141.7181071887495705, 15.65280458962750920 ) ) ;
#6719 = CARTESIAN_POINT ( 'NONE',  ( -13.88794480956106803, 174.5503428592054433, 38.61236904845097229 ) ) ;
#6720 = CIRCLE ( 'NONE', #3870, 4.000000000000008882 ) ;
#6721 = CARTESIAN_POINT ( 'NONE',  ( 15.68306222107233516, 149.2091009323144704, 20.90537454067655787 ) ) ;
#6722 = CARTESIAN_POINT ( 'NONE',  ( -8.101171440388768019, 163.7669172562906112, 30.87985167739501335 ) ) ;
#6723 = CARTESIAN_POINT ( 'NONE',  ( 8.742442885652403461, 151.7873712496098904, 22.65755709715836019 ) ) ;
#6724 = CARTESIAN_POINT ( 'NONE',  ( 13.37343721372685401, 148.3506082339795000, 20.29489751281512966 ) ) ;
#6725 = CARTESIAN_POINT ( 'NONE',  ( 21.24258972163253389, 131.1727007918794357, 8.348455862340898648 ) ) ;
#6726 = PLANE ( 'NONE',  #5104 ) ;
#6727 = CARTESIAN_POINT ( 'NONE',  ( -18.00608240076779865, 161.7363243691196146, 29.69051166078803661 ) ) ;
#6728 = CARTESIAN_POINT ( 'NONE',  ( 29.22763032865474031, 158.2136292029397850, 26.57751513632387486 ) ) ;
#6729 = CARTESIAN_POINT ( 'NONE',  ( 30.00595328278341611, 160.6862654409386835, 31.01120530408757148 ) ) ;
#6730 = CARTESIAN_POINT ( 'NONE',  ( -11.21772102023921391, 161.7321052371932808, 29.71327597029005574 ) ) ;
#6731 = CARTESIAN_POINT ( 'NONE',  ( -14.99963091142806171, 133.6394928038630781, 10.03673796594126166 ) ) ;
#6732 = CARTESIAN_POINT ( 'NONE',  ( -21.20940897239287182, 130.9627247065855045, 8.896333970417725112 ) ) ;
#6733 = EDGE_CURVE ( 'NONE', #4460, #3422, #6140, .T. ) ;
#6734 = EDGE_CURVE ( 'NONE', #2044, #4927, #6233, .T. ) ;
#6735 = VERTEX_POINT ( 'NONE', #1269 ) ;
#6736 = CARTESIAN_POINT ( 'NONE',  ( -11.75407485085214709, 167.2388877814883870, 31.36159171111941291 ) ) ;
#6737 = CARTESIAN_POINT ( 'NONE',  ( -19.25353927413052801, 130.1317674002700642, 8.166483049786620541 ) ) ;
#6738 = CARTESIAN_POINT ( 'NONE',  ( -19.33896428168476334, 162.7111626610362691, 32.39594481657077552 ) ) ;
#6739 = EDGE_CURVE ( 'NONE', #3204, #318, #1016, .T. ) ;
#6740 = EDGE_LOOP ( 'NONE', ( #6152, #5362 ) ) ;
#6741 = CARTESIAN_POINT ( 'NONE',  ( -16.31348332281946512, 128.3921568147487733, 6.666393367555451199 ) ) ;
#6742 = CARTESIAN_POINT ( 'NONE',  ( 25.22898704405599801, 141.3960113741179043, 15.42073155307245358 ) ) ;
#6743 = CARTESIAN_POINT ( 'NONE',  ( 25.28006422603455761, 178.8560900846432560, -42.14227155126867075 ) ) ;
#6744 = CARTESIAN_POINT ( 'NONE',  ( -15.01200813470943096, 140.8281842730353048, 14.97236946771343646 ) ) ;
#6745 = CARTESIAN_POINT ( 'NONE',  ( -12.69939246447611580, 128.5695020772133148, 6.422870731275537537 ) ) ;
#6746 = VERTEX_POINT ( 'NONE', #4046 ) ;
#6747 = CARTESIAN_POINT ( 'NONE',  ( -16.65586414459579245, 145.1870248205018754, 17.99406200615336004 ) ) ;
#6748 = CARTESIAN_POINT ( 'NONE',  ( 18.38481442636306085, 167.7145771364063194, 33.20873194549644580 ) ) ;
#6749 = CARTESIAN_POINT ( 'NONE',  ( -8.089743937369158644, 144.0071839419020137, 17.27737291563540012 ) ) ;
#6750 = CARTESIAN_POINT ( 'NONE',  ( -8.111465119443574068, 174.5531664411976749, 38.62261025399413228 ) ) ;
#6751 = CARTESIAN_POINT ( 'NONE',  ( 13.09961220119038927, 146.8046613067759267, 19.21484289243631594 ) ) ;
#6752 = CARTESIAN_POINT ( 'NONE',  ( -8.118098130916456157, 173.7392701915578357, 37.81274955578567898 ) ) ;
#6753 = CARTESIAN_POINT ( 'NONE',  ( 11.52050343848899416, 151.7848865106085157, 22.66795227325946271 ) ) ;
#6754 = CARTESIAN_POINT ( 'NONE',  ( 19.63353090137988843, 148.3447717378341224, 20.31865994202183856 ) ) ;
#6755 = CARTESIAN_POINT ( 'NONE',  ( -20.55526650327430360, 130.0523349102275859, 8.276338835459167598 ) ) ;
#6756 = B_SPLINE_CURVE_WITH_KNOTS ( 'NONE', 3,
 ( #3569, #864, #1508, #2533, #4717, #2002, #6978, #5765, #4647, #6368, #5225, #6830, #325, #2072, #937, #1472, #4259, #397 ),
 .UNSPECIFIED., .F., .F.,
 ( 4, 2, 2, 2, 2, 2, 2, 2, 4 ),
 ( 0.0000000000000000000, 0.2500000000001528777, 0.5000000000003050893, 0.6250000000003849143, 0.7500000000004608536, 0.8125000000005123679, 0.8750000000005305756, 0.9375000000005677681, 1.000000000000608846 ),
 .UNSPECIFIED. ) ;
#6757 = CARTESIAN_POINT ( 'NONE',  ( 1.716935680474320325, 135.7671998704287830, 11.30704429814924517 ) ) ;
#6758 = CARTESIAN_POINT ( 'NONE',  ( -19.30781461128206900, 161.7383903541909547, 29.68435719866349842 ) ) ;
#6759 = CARTESIAN_POINT ( 'NONE',  ( 21.54472891638617682, 170.2242027458093787, 29.79686607796343267 ) ) ;
#6760 = PLANE ( 'NONE',  #2254 ) ;
#6761 = CARTESIAN_POINT ( 'NONE',  ( 10.11412732689733573, 161.8176053709503037, 29.64423174489574819 ) ) ;
#6762 = CARTESIAN_POINT ( 'NONE',  ( 8.773761640836289288, 133.7696053313471793, 9.910217029033830727 ) ) ;
#6763 = CARTESIAN_POINT ( 'NONE',  ( -12.70564751234812739, 132.2215668734501719, 8.888458137223247846 ) ) ;
#6764 = VERTEX_POINT ( 'NONE', #671 ) ;
#6765 = CARTESIAN_POINT ( 'NONE',  ( -19.94023453335901053, 155.6257935238600680, 25.38042890043094246 ) ) ;
#6766 = CARTESIAN_POINT ( 'NONE',  ( 4.885911684154510937, 130.5799827031349878, 7.588057605568937269 ) ) ;
#6767 = CARTESIAN_POINT ( 'NONE',  ( 13.55939726314533900, 164.3817913701823841, 31.46484831760921352 ) ) ;
#6768 = DIRECTION ( 'NONE',  ( -0.0007442459860544277123, -0.5767790251485576114, 0.8168998728403572551 ) ) ;
#6769 = CARTESIAN_POINT ( 'NONE',  ( 13.40668184202386470, 129.2163310923053245, 6.776526124187193467 ) ) ;
#6770 = CARTESIAN_POINT ( 'NONE',  ( -18.45605065431153236, 153.9378905127061330, 23.96998243642225290 ) ) ;
#6771 = CARTESIAN_POINT ( 'NONE',  ( 29.67333546671135380, 163.1453120597807924, 30.01467473734029667 ) ) ;
#6772 = CARTESIAN_POINT ( 'NONE',  ( -21.87840926625692362, 140.7881405971527613, 15.01241906279157590 ) ) ;
#6773 = CARTESIAN_POINT ( 'NONE',  ( -11.16021821851293261, 128.6154398855265129, 6.361279645035994079 ) ) ;
#6774 = EDGE_CURVE ( 'NONE', #5767, #4352, #5459, .T. ) ;
#6775 = ADVANCED_FACE ( 'NONE', ( #637 ), #2808, .F. ) ;
#6776 = ORIENTED_EDGE ( 'NONE', *, *, #1068, .F. ) ;
#6777 = CARTESIAN_POINT ( 'NONE',  ( -16.70904765401783720, 139.4818656617649992, 15.99710033551266974 ) ) ;
#6778 = CARTESIAN_POINT ( 'NONE',  ( 12.57992138620675426, 161.9656369409159993, 29.76729688147215214 ) ) ;
#6779 = CARTESIAN_POINT ( 'NONE',  ( -7.877838347971628963, 142.2634246651111027, 16.03766189144355181 ) ) ;
#6780 = PLANE ( 'NONE',  #4191 ) ;
#6781 = DIRECTION ( 'NONE',  ( 0.0001635243220480100468, 0.5738412646324204669, -0.8189665293922950839 ) ) ;
#6782 = CARTESIAN_POINT ( 'NONE',  ( 26.63559565154022835, 165.7234239795844815, 35.78880308326301929 ) ) ;
#6783 = CARTESIAN_POINT ( 'NONE',  ( -10.07322776627172622, 163.7645721968301018, 30.87837064326312841 ) ) ;
#6784 = CARTESIAN_POINT ( 'NONE',  ( -13.42226512945802597, 151.7171761328641821, 22.70275907260671389 ) ) ;
#6785 = CARTESIAN_POINT ( 'NONE',  ( -22.53936999128342222, 145.6513294272101007, 18.36218579914492111 ) ) ;
#6786 = CARTESIAN_POINT ( 'NONE',  ( -3.992704704388986059, 131.2924309119596558, 8.115725490960873145 ) ) ;
#6787 = ORIENTED_EDGE ( 'NONE', *, *, #3767, .F. ) ;
#6788 = FACE_OUTER_BOUND ( 'NONE', #2175, .T. ) ;
#6789 = CARTESIAN_POINT ( 'NONE',  ( 15.03563552324345842, 161.8198788069710190, 29.65314538398058986 ) ) ;
#6790 = CARTESIAN_POINT ( 'NONE',  ( -21.71108906706871267, 160.8013208168067081, 28.99795853735493623 ) ) ;
#6791 = CARTESIAN_POINT ( 'NONE',  ( 28.78448261890179438, 157.5745732452784864, 26.13206549178302041 ) ) ;
#6792 = CARTESIAN_POINT ( 'NONE',  ( 29.30228350742070376, 162.7076774882849861, 32.43779919360189012 ) ) ;
#6793 = CARTESIAN_POINT ( 'NONE',  ( 19.61025627413650696, 161.8150387554003089, 29.67132845855721612 ) ) ;
#6794 = CARTESIAN_POINT ( 'NONE',  ( -20.56086689828842395, 133.4403535701701742, 10.30647661544290017 ) ) ;
#6795 = CARTESIAN_POINT ( 'NONE',  ( -22.51455968824606302, 130.8857551168621285, 9.002675451817681918 ) ) ;
#6796 = TOROIDAL_SURFACE ( 'NONE', #1669, 8.000000000326549454, 0.5000000000000000000 ) ;
#6797 = ORIENTED_EDGE ( 'NONE', *, *, #315, .F. ) ;
#6798 = CARTESIAN_POINT ( 'NONE',  ( 28.06247373503209985, 165.5210837519993561, 34.42309880406850908 ) ) ;
#6799 = CARTESIAN_POINT ( 'NONE',  ( -22.51299195557623634, 129.9267127419491317, 8.450324544383825298 ) ) ;
#6800 = CARTESIAN_POINT ( 'NONE',  ( -20.56653739880886178, 136.8504787700019847, 12.39250728925444989 ) ) ;
#6801 = CARTESIAN_POINT ( 'NONE',  ( 15.23596281316866552, 155.6845083358820716, 25.39815355047032241 ) ) ;
#6802 = CARTESIAN_POINT ( 'NONE',  ( -19.59640491448836386, 165.0271080123735601, 34.03090296393820324 ) ) ;
#6803 = CARTESIAN_POINT ( 'NONE',  ( -19.24929702755566652, 127.5985654867900791, 6.578849751382648492 ) ) ;
#6804 = CARTESIAN_POINT ( 'NONE',  ( -15.72694086602458086, 140.5678169366963459, 14.79844484875849453 ) ) ;
#6805 = PLANE ( 'NONE',  #1443 ) ;
#6806 = CARTESIAN_POINT ( 'NONE',  ( -17.31560517650413189, 137.9040492938106297, 12.96166909276735879 ) ) ;
#6807 = CARTESIAN_POINT ( 'NONE',  ( 14.58615068058785980, 128.0442769959558689, 6.027925012545399142 ) ) ;
#6808 = AXIS2_PLACEMENT_3D ( 'NONE', #816, #1341, #4597 ) ;
#6809 = B_SPLINE_CURVE_WITH_KNOTS ( 'NONE', 3,
 ( #228, #6633, #6203, #5032, #6175, #740, #3952, #6671, #2907, #2373, #2809, #4557, #3916, #1299, #5672, #6107, #1206, #1240, #122, #675, #771, #6074, #2943, #3881, #6143, #2404, #1172, #3415, #3342, #6236, #5238, #6340, #2584, #1869 ),
 .UNSPECIFIED., .F., .F.,
 ( 4, 2, 2, 2, 2, 2, 2, 2, 2, 2, 2, 2, 2, 2, 2, 2, 4 ),
 ( 3.469446951953614189E-18, 0.0007816305702529849787, 0.001563261140505966488, 0.002344891710758948214, 0.003126522281011929506, 0.003908152851264910799, 0.004689783421517892958, 0.005471413991770874251, 0.006253044562023855543, 0.007034675132276836836, 0.007816305702529818128, 0.008597936272782800288, 0.009379566843035782447, 0.01016119741328876287, 0.01094282798354174503, 0.01172445855379472546, 0.01250608912404770762 ),
 .UNSPECIFIED. ) ;
#6810 = EDGE_LOOP ( 'NONE', ( #4289, #3993, #3853, #280 ) ) ;
#6811 = CARTESIAN_POINT ( 'NONE',  ( 18.15093347659321665, 146.3855112654582058, 18.94752467213497482 ) ) ;
#6812 = DIRECTION ( 'NONE',  ( 0.0001339209488790403556, 0.0000000000000000000, -0.9999999910325896302 ) ) ;
#6813 = CARTESIAN_POINT ( 'NONE',  ( -9.660989918055856052, 140.8860605821290619, 15.04953117329962176 ) ) ;
#6814 = CARTESIAN_POINT ( 'NONE',  ( 30.16667588816849133, 139.2564724849540028, 15.88066620097855441 ) ) ;
#6815 = CARTESIAN_POINT ( 'NONE',  ( 14.50550721503459783, 174.5670759635271736, 38.65864536938837404 ) ) ;
#6816 = CARTESIAN_POINT ( 'NONE',  ( -18.88017944091751232, 165.2934022486798824, 31.91360525143339189 ) ) ;
#6817 = EDGE_CURVE ( 'NONE', #1238, #49, #3239, .T. ) ;
#6818 = DIRECTION ( 'NONE',  ( -0.0007442459860544277123, -0.5767790251485576114, 0.8168998728403572551 ) ) ;
#6819 = CARTESIAN_POINT ( 'NONE',  ( -21.23421458954035757, 145.6516347979731734, 18.36497316986412898 ) ) ;
#6820 = CARTESIAN_POINT ( 'NONE',  ( -4.017767894967034792, 145.6400349327479091, 18.42398765533734206 ) ) ;
#6821 = CARTESIAN_POINT ( 'NONE',  ( -12.70391978176831493, 131.2112714919377652, 8.209747595198962244 ) ) ;
#6822 = B_SPLINE_SURFACE_WITH_KNOTS ( 'NONE', 1, 3, ( 
 ( #4369, #1121, #1154, #4868, #3757, #5488, #5413, #1580, #1047, #1722, #4938, #584, #3326, #6584, #5520, #2215, #4404, #6618, #4336, #1688, #2, #6477, #618, #3793, #66, #3897, #5985, #1086, #6088, #2252 ),
 ( #3257, #1186, #3357, #654, #1652, #2823, #5011, #2107, #4296, #546, #5950, #510, #2723, #4906, #2179, #3829, #1754, #2888, #5683, #3931, #5143, #5589, #817, #240, #2955, #722, #784, #5075, #135, #690 ) ),
 .UNSPECIFIED., .F., .F., .F.,
 ( 2, 2 ),
 ( 4, 2, 2, 2, 2, 2, 2, 2, 2, 2, 2, 2, 2, 2, 4 ),
 ( 0.0000000000000000000, 1.000000000000000000 ),
 ( 0.0000000000000000000, 0.1250000000001352807, 0.1875000000001794953, 0.2500000000002266520, 0.3125000000003060330, 0.3750000000003542167, 0.4375000000003301248, 0.5000000000003208545, 0.5625000000004329870, 0.6250000000002079448, 0.6875000000001735279, 0.7500000000001392220, 0.8125000000001046940, 0.8750000000000046629, 1.000000000000000000 ),
 .UNSPECIFIED. ) ;
#6823 = ORIENTED_EDGE ( 'NONE', *, *, #6873, .F. ) ;
#6824 = CARTESIAN_POINT ( 'NONE',  ( 1.328767827824234304, 130.5715384403012820, 7.570835416887605973 ) ) ;
#6825 = DIRECTION ( 'NONE',  ( 0.0001635243220480100197, 0.5738412646324204669, -0.8189665293922947509 ) ) ;
#6826 = CARTESIAN_POINT ( 'NONE',  ( 29.35028926013610828, 158.1672463129424386, 27.15538554094943180 ) ) ;
#6827 = CIRCLE ( 'NONE', #5478, 9.000000000000010658 ) ;
#6828 = CARTESIAN_POINT ( 'NONE',  ( -12.30596584703697793, 144.3521843615969829, 17.50479592020965924 ) ) ;
#6829 = CARTESIAN_POINT ( 'NONE',  ( 29.81264266368514626, 159.6003952037408453, 27.54556049485646696 ) ) ;
#6830 = CARTESIAN_POINT ( 'NONE',  ( -13.67930347411456715, 134.1107637275850379, 12.20754892622250765 ) ) ;
#6831 = CARTESIAN_POINT ( 'NONE',  ( -3.144063246156000968, 149.7173838753663802, 21.28537521208576067 ) ) ;
#6832 = ORIENTED_EDGE ( 'NONE', *, *, #6141, .T. ) ;
#6833 = CARTESIAN_POINT ( 'NONE',  ( 31.29756622303084868, 166.0785025318579642, 32.68195552457092390 ) ) ;
#6834 = VECTOR ( 'NONE', #6649, 1000.000000000000114 ) ;
#6835 = CARTESIAN_POINT ( 'NONE',  ( 24.91657962950559124, 133.7098265824009786, 10.03516199215712135 ) ) ;
#6836 = CARTESIAN_POINT ( 'NONE',  ( 12.22392375757077865, 132.2560028657678117, 8.900983684093199955 ) ) ;
#6837 = DIRECTION ( 'NONE',  ( 0.0001635243220480099926, 0.5738412646324203559, -0.8189665293922949729 ) ) ;
#6838 = VERTEX_POINT ( 'NONE', #872 ) ;
#6839 = CARTESIAN_POINT ( 'NONE',  ( 28.37201207497030353, 164.7089374510164816, 35.07409831863929384 ) ) ;
#6840 = CARTESIAN_POINT ( 'NONE',  ( -13.98118757100325915, 130.4154493979454799, 7.775687553149723819 ) ) ;
#6841 = CARTESIAN_POINT ( 'NONE',  ( -8.047991666027220603, 137.9334596945597298, 12.94268350029426173 ) ) ;
#6842 = CARTESIAN_POINT ( 'NONE',  ( 27.19450206196373543, 155.1923028182396536, 25.08226910466672877 ) ) ;
#6843 = DIRECTION ( 'NONE',  ( 0.0001635243220480099926, 0.5738412646324202449, -0.8189665293922949729 ) ) ;
#6844 = CARTESIAN_POINT ( 'NONE',  ( -14.48337388199921882, 127.9161728842767332, 6.138512404671281786 ) ) ;
#6845 = FACE_OUTER_BOUND ( 'NONE', #6077, .T. ) ;
#6846 = CARTESIAN_POINT ( 'NONE',  ( 28.39446376335211397, 164.0177839492702674, 33.36198379919341761 ) ) ;
#6847 = CARTESIAN_POINT ( 'NONE',  ( 33.18542775977442005, 137.9609211638879458, 13.00538657462049841 ) ) ;
#6848 = CARTESIAN_POINT ( 'NONE',  ( 15.09413183956707627, 128.0280025399019337, 6.052345193026248182 ) ) ;
#6849 = ORIENTED_EDGE ( 'NONE', *, *, #313, .T. ) ;
#6850 = CARTESIAN_POINT ( 'NONE',  ( -14.12733165207277786, 135.8610382550511986, 11.41167441014918893 ) ) ;
#6851 = CARTESIAN_POINT ( 'NONE',  ( 30.13194509475556515, 139.2570443219630931, 15.88103830946307760 ) ) ;
#6852 = CARTESIAN_POINT ( 'NONE',  ( -19.34764996712424079, 162.7116252552973492, 32.39626352195681847 ) ) ;
#6853 = CARTESIAN_POINT ( 'NONE',  ( 20.45463620773548286, 142.1026083199058689, 18.18739113405813512 ) ) ;
#6854 = CARTESIAN_POINT ( 'NONE',  ( 7.990813994337429449, 170.3165490867563676, 35.64237278915796736 ) ) ;
#6855 = CARTESIAN_POINT ( 'NONE',  ( -9.384324582619402833, 172.0580835302393439, 36.64217939635022958 ) ) ;
#6856 = CARTESIAN_POINT ( 'NONE',  ( 15.86540363558406774, 161.9963194826161725, 21.89370103699694781 ) ) ;
#6857 = CARTESIAN_POINT ( 'NONE',  ( 12.19130498644207705, 151.0378850417106094, 22.15311685893245297 ) ) ;
#6858 = CARTESIAN_POINT ( 'NONE',  ( 16.23130059779751377, 145.6628573151722605, 18.44148994815156328 ) ) ;
#6859 = CARTESIAN_POINT ( 'NONE',  ( -16.31545856292960295, 129.5497015214091618, 7.438554983995842917 ) ) ;
#6860 = VERTEX_POINT ( 'NONE', #945 ) ;
#6861 = ADVANCED_FACE ( 'NONE', ( #5703 ), #1975, .F. ) ;
#6862 = CARTESIAN_POINT ( 'NONE',  ( 30.20335390661830388, 158.9349390997563773, 27.69053098905472510 ) ) ;
#6863 = CARTESIAN_POINT ( 'NONE',  ( 25.56027883940751622, 165.8414385918444225, 34.64700838217454049 ) ) ;
#6864 = CARTESIAN_POINT ( 'NONE',  ( 27.41210225118770794, 155.3378605222052897, 25.18340979860802875 ) ) ;
#6865 = CARTESIAN_POINT ( 'NONE',  ( -20.17330632841444071, 155.7415600952917600, 28.69837841001575640 ) ) ;
#6866 = CARTESIAN_POINT ( 'NONE',  ( 17.86495818404714342, 132.6962056189235284, 11.23752700411947814 ) ) ;
#6867 = DIRECTION ( 'NONE',  ( 0.0007442459860544277123, 0.5767790251485576114, -0.8168998728403572551 ) ) ;
#6868 = CARTESIAN_POINT ( 'NONE',  ( -3.137196075877155987, 136.1333164393574293, 11.61447154294535622 ) ) ;
#6869 = CARTESIAN_POINT ( 'NONE',  ( -12.99608270035017910, 151.7162128329970301, 22.70518241886121302 ) ) ;
#6870 = CARTESIAN_POINT ( 'NONE',  ( -22.51744262071328251, 132.6501537817825067, 10.01720582346207777 ) ) ;
#6871 = CARTESIAN_POINT ( 'NONE',  ( 15.08689273153301968, 132.2005975147563390, 8.986919119370245568 ) ) ;
#6872 = ADVANCED_FACE ( 'NONE', ( #5269 ), #3891, .F. ) ;
#6873 = EDGE_CURVE ( 'NONE', #5007, #3168, #5345, .T. ) ;
#6874 = CARTESIAN_POINT ( 'NONE',  ( -11.75408073199352010, 165.4371497707204810, 30.09913276745014699 ) ) ;
#6875 = VERTEX_POINT ( 'NONE', #3266 ) ;
#6876 = CARTESIAN_POINT ( 'NONE',  ( 30.73513845162671743, 161.2071090391615371, 32.60375587042241108 ) ) ;
#6877 = CARTESIAN_POINT ( 'NONE',  ( 14.58191397158660152, 130.4868805885120651, 7.744521873096932296 ) ) ;
#6878 = CARTESIAN_POINT ( 'NONE',  ( -0.7536599121024446513, 137.0052594746449017, 12.22109468415436062 ) ) ;
#6879 = CARTESIAN_POINT ( 'NONE',  ( 18.14953599366506509, 167.8121249814021212, 33.88751776192500387 ) ) ;
#6880 = FACE_OUTER_BOUND ( 'NONE', #2074, .T. ) ;
#6881 = CARTESIAN_POINT ( 'NONE',  ( 12.23116174297722303, 128.1017748119203645, 5.940265083823836889 ) ) ;
#6882 = CARTESIAN_POINT ( 'NONE',  ( 20.45407802324594471, 138.4024236547176088, 16.49294929913563479 ) ) ;
#6883 = CARTESIAN_POINT ( 'NONE',  ( 29.30394498889307542, 163.9951326316125630, 30.61436116165484123 ) ) ;
#6884 = CARTESIAN_POINT ( 'NONE',  ( -17.96475893154448045, 137.8939221762329623, 12.97448211633164838 ) ) ;
#6885 = ORIENTED_EDGE ( 'NONE', *, *, #3945, .T. ) ;
#6886 = CARTESIAN_POINT ( 'NONE',  ( -15.28874114383003757, 137.9363296765520488, 14.90715564085672185 ) ) ;
#6887 = CARTESIAN_POINT ( 'NONE',  ( 20.87678309378532049, 168.1883903881186484, 33.54650712057662076 ) ) ;
#6888 = CARTESIAN_POINT ( 'NONE',  ( -6.799317977747178610, 130.1204996254814432, 9.396457482725411481 ) ) ;
#6889 = CARTESIAN_POINT ( 'NONE',  ( 21.54501508394978870, 169.9999751481356327, 27.50291274288249710 ) ) ;
#6890 = CARTESIAN_POINT ( 'NONE',  ( -17.37169616729689281, 170.2788136987869905, 35.63347501458721922 ) ) ;
#6891 = AXIS2_PLACEMENT_3D ( 'NONE', #126, #231, #5709 ) ;
#6892 = CARTESIAN_POINT ( 'NONE',  ( -16.70979189906810802, 138.9050866367387869, 16.81400020843038590 ) ) ;
#6893 = B_SPLINE_CURVE_WITH_KNOTS ( 'NONE', 3,
 ( #1804, #119, #1935, #669, #6702, #2903, #4648, #4454, #188, #865, #48, #3878 ),
 .UNSPECIFIED., .F., .F.,
 ( 4, 2, 2, 2, 2, 4 ),
 ( 0.0000000000000000000, 9.949649693472489365E-05, 0.0001989929938694497873, 0.0003979859877388917141, 0.0007959719754777777904, 0.001591943950955552762 ),
 .UNSPECIFIED. ) ;
#6894 = CARTESIAN_POINT ( 'NONE',  ( 15.21419277024945416, 163.2839287659050456, 22.79578533976796706 ) ) ;
#6895 = CARTESIAN_POINT ( 'NONE',  ( 27.64527678342383155, 151.0423943971484562, 22.18484938454740174 ) ) ;
#6896 = CARTESIAN_POINT ( 'NONE',  ( -10.67340164181987916, 143.7045962091353317, 17.05602578550549708 ) ) ;
#6897 = CARTESIAN_POINT ( 'NONE',  ( -21.85913864608529167, 129.1917876899465796, 7.934347073609682610 ) ) ;
#6898 = ORIENTED_EDGE ( 'NONE', *, *, #6482, .T. ) ;
#6899 = CARTESIAN_POINT ( 'NONE',  ( 30.62769467283808567, 162.0987539878451855, 32.00907116493998217 ) ) ;
#6900 = CARTESIAN_POINT ( 'NONE',  ( 20.96621278243726394, 166.9112707141799490, 35.39818687744382686 ) ) ;
#6901 = CARTESIAN_POINT ( 'NONE',  ( 29.50977696513474058, 158.7770645702366608, 26.97067340294742976 ) ) ;
#6902 = CARTESIAN_POINT ( 'NONE',  ( -18.66613046028402323, 165.9692186805944232, 35.92107589218011299 ) ) ;
#6903 = CARTESIAN_POINT ( 'NONE',  ( 27.34113243123698211, 138.1703338011236326, 13.05417813033407626 ) ) ;
#6904 = CARTESIAN_POINT ( 'NONE',  ( 26.17875055805530593, 166.7898525196935395, 33.18188519756481725 ) ) ;
#6905 = CARTESIAN_POINT ( 'NONE',  ( 21.54464715422515297, 169.9372821134931542, 30.20634934265958904 ) ) ;
#6906 = CARTESIAN_POINT ( 'NONE',  ( -17.98873826086383332, 151.7325835932630298, 22.66955377444693198 ) ) ;
#6907 = CARTESIAN_POINT ( 'NONE',  ( 4.881471669177670059, 133.1291801656551570, 9.402968563149178394 ) ) ;
#6908 = CARTESIAN_POINT ( 'NONE',  ( -0.7436864439868298149, 131.2991631638876697, 8.114163261955381401 ) ) ;
#6909 = CARTESIAN_POINT ( 'NONE',  ( -6.219223574951035616, 173.6094299845306921, 37.72143547899099048 ) ) ;
#6910 = EDGE_LOOP ( 'NONE', ( #4013, #907, #4427, #1250, #24, #833 ) ) ;
#6911 = CARTESIAN_POINT ( 'NONE',  ( 30.37087323246313986, 162.7238610446496239, 32.45019927942484372 ) ) ;
#6912 = EDGE_CURVE ( 'NONE', #1268, #4483, #6374, .T. ) ;
#6913 = CARTESIAN_POINT ( 'NONE',  ( -4.478922917915804547, 171.0403198305032788, 38.29035467497266154 ) ) ;
#6914 = CARTESIAN_POINT ( 'NONE',  ( -7.309465488648721809, 170.2850685863305671, 35.64941216965497262 ) ) ;
#6915 = CARTESIAN_POINT ( 'NONE',  ( -13.98678010066290511, 133.6747857210196742, 9.989000168812017577 ) ) ;
#6916 = CARTESIAN_POINT ( 'NONE',  ( 14.17530041832847232, 165.2077788123424398, 32.04667367716373150 ) ) ;
#6917 = CARTESIAN_POINT ( 'NONE',  ( -7.003651467230272765, 80.81391100525216586, 144.4776148271996590 ) ) ;
#6918 = CARTESIAN_POINT ( 'NONE',  ( -16.65589737344905785, 145.1513554979467244, 18.04446097873556809 ) ) ;
#6919 = AXIS2_PLACEMENT_3D ( 'NONE', #1504, #6825, #5798 ) ;
#6920 = CARTESIAN_POINT ( 'NONE',  ( 30.18313916695903387, 159.2040641340313414, 29.96484603376461564 ) ) ;
#6921 = CARTESIAN_POINT ( 'NONE',  ( 22.15050600979024154, 137.9463206763130358, 12.99892779396924425 ) ) ;
#6922 = ORIENTED_EDGE ( 'NONE', *, *, #5444, .F. ) ;
#6923 = CARTESIAN_POINT ( 'NONE',  ( 18.14947889149398463, 147.7599855361216044, 19.90643477160527297 ) ) ;
#6924 = DIRECTION ( 'NONE',  ( 0.9999999866298979745, -9.383700501669927144E-05, 0.0001339209482894937150 ) ) ;
#6925 = DIRECTION ( 'NONE',  ( -0.0007442459860544277123, -0.5767790251485576114, 0.8168998728403572551 ) ) ;
#6926 = DIRECTION ( 'NONE',  ( -0.9862137596910207638, -0.1347529642410593975, -0.09604196387178579042 ) ) ;
#6927 = CARTESIAN_POINT ( 'NONE',  ( -20.61693079841150578, 166.0101685723909384, 32.65106448850133347 ) ) ;
#6928 = SURFACE_STYLE_USAGE ( .BOTH. , #3061 ) ;
#6929 = DIRECTION ( 'NONE',  ( -0.9841778677046922885, -0.1443173519770801216, -0.1027931254441106224 ) ) ;
#6930 = CARTESIAN_POINT ( 'NONE',  ( 33.16273684991099913, 151.0620889036373740, 22.17043597240980901 ) ) ;
#6931 = VECTOR ( 'NONE', #3940, 1000.000000000000000 ) ;
#6932 = CARTESIAN_POINT ( 'NONE',  ( 12.20058353034885279, 145.6713063981115965, 18.41951228596613888 ) ) ;
#6933 = CARTESIAN_POINT ( 'NONE',  ( 11.55868778408212982, 129.8143913456367500, 7.130591549236564575 ) ) ;
#6934 = EDGE_LOOP ( 'NONE', ( #5000, #6614, #1675, #6182 ) ) ;
#6935 = CARTESIAN_POINT ( 'NONE',  ( 29.65726133027556699, 163.9388898661757423, 33.30743045317704798 ) ) ;
#6936 = B_SPLINE_CURVE_WITH_KNOTS ( 'NONE', 3,
 ( #2297, #3467, #6693, #5664, #251, #5055, #5600, #4482, #2429, #731, #5632, #6729, #1831, #827, #5696, #1799, #6792, #5022, #2869, #2966, #1356, #1766, #1895, #4074, #3501, #2932 ),
 .UNSPECIFIED., .F., .F.,
 ( 4, 2, 2, 2, 2, 2, 2, 2, 2, 2, 2, 2, 4 ),
 ( 5.177219568469863294E-10, 0.2500000003882507094, 0.3750000003233235346, 0.4375000002911317853, 0.5000000002587829950, 0.5625000002264354260, 0.6250000001940910765, 0.6875000001615785283, 0.7500000001293914975, 0.8125000000970423741, 0.8750000000646952492, 0.9375000000323701066, 1.000000000000000000 ),
 .UNSPECIFIED. ) ;
#6937 = CARTESIAN_POINT ( 'NONE',  ( 21.54440186774208144, 162.5247878935414008, 26.84406895812274740 ) ) ;
#6938 = CARTESIAN_POINT ( 'NONE',  ( 26.68999920588438357, 154.8792913700254985, 24.86483912858979650 ) ) ;
#6939 = CARTESIAN_POINT ( 'NONE',  ( -19.64269275185458241, 153.1408765966853878, 26.86262737631276920 ) ) ;
#6940 = CARTESIAN_POINT ( 'NONE',  ( 26.84454656792040339, 137.7809901204451535, 12.77882633069896201 ) ) ;
#6941 = CARTESIAN_POINT ( 'NONE',  ( 20.45463620773548286, 138.8350079235789849, 15.88027439450543099 ) ) ;
#6942 = CARTESIAN_POINT ( 'NONE',  ( -2.758428026110538056, 133.8107053617204372, 9.929238669537490125 ) ) ;
#6943 = CARTESIAN_POINT ( 'NONE',  ( 4.840332820822034421, 156.7854720639524260, 26.16379011210479177 ) ) ;
#6944 = CARTESIAN_POINT ( 'NONE',  ( -10.65341376921096028, 132.2596639129286018, 8.839294708959306135 ) ) ;
#6945 = CARTESIAN_POINT ( 'NONE',  ( -0.7439749800432693405, 131.4644258763558469, 8.232703164078703395 ) ) ;
#6946 = CARTESIAN_POINT ( 'NONE',  ( 27.55131554257162207, 138.3167081731259884, 13.24725602784050693 ) ) ;
#6947 = EDGE_LOOP ( 'NONE', ( #2239, #2022, #2391, #1940 ) ) ;
#6948 = AXIS2_PLACEMENT_3D ( 'NONE', #5474, #5400, #5972 ) ;
#6949 = CARTESIAN_POINT ( 'NONE',  ( 26.62570318216685550, 166.3046046762702304, 34.97500135703520385 ) ) ;
#6950 = CARTESIAN_POINT ( 'NONE',  ( -3.121769649807750291, 172.2092170084236216, 36.34714705276228131 ) ) ;
#6951 = CARTESIAN_POINT ( 'NONE',  ( 19.58810754281705968, 174.5718454786690472, 38.66440361733477715 ) ) ;
#6952 = CARTESIAN_POINT ( 'NONE',  ( -14.49603778029952572, 135.3135124574251904, 11.12519208057100073 ) ) ;
#6953 = EDGE_CURVE ( 'NONE', #2995, #2787, #3234, .T. ) ;
#6954 = ADVANCED_FACE ( 'NONE', ( #5882 ), #3839, .F. ) ;
#6955 = DIRECTION ( 'NONE',  ( 0.0000000000000000000, -0.8189665403419612577, -0.5738412723047364716 ) ) ;
#6956 = DIRECTION ( 'NONE',  ( 0.0000000000000000000, 0.8189665403419611467, 0.5738412723047366937 ) ) ;
#6957 = CARTESIAN_POINT ( 'NONE',  ( 25.22760565886528639, 138.2015191503903395, 15.43734278719761299 ) ) ;
#6958 = CARTESIAN_POINT ( 'NONE',  ( 23.61256870044170242, 166.3655630786844881, 35.01529640221747997 ) ) ;
#6959 = CARTESIAN_POINT ( 'NONE',  ( -13.39660828258623049, 136.9689612736678157, 12.24155208365881897 ) ) ;
#6960 = EDGE_LOOP ( 'NONE', ( #2628, #3640, #6885, #1817 ) ) ;
#6961 = EDGE_CURVE ( 'NONE', #2102, #1639, #3193, .T. ) ;
#6962 = CARTESIAN_POINT ( 'NONE',  ( 16.36776603638541161, 144.9977742675269781, 17.97402296992335380 ) ) ;
#6963 = CARTESIAN_POINT ( 'NONE',  ( 30.93240333143173615, 141.0145761675406106, 18.34682794685562612 ) ) ;
#6964 = CARTESIAN_POINT ( 'NONE',  ( -19.63073138201128742, 160.1171744542285467, 30.56417181149153350 ) ) ;
#6965 = ORIENTED_EDGE ( 'NONE', *, *, #6341, .F. ) ;
#6966 = CARTESIAN_POINT ( 'NONE',  ( 13.33539699080174223, 170.3217286824840642, 35.64819406196842522 ) ) ;
#6967 = PRESENTATION_STYLE_ASSIGNMENT (( #6928 ) ) ;
#6968 = FACE_OUTER_BOUND ( 'NONE', #4045, .T. ) ;
#6969 = CARTESIAN_POINT ( 'NONE',  ( 24.89118564394241417, 148.3546118716465116, 20.31763250050155989 ) ) ;
#6970 = CARTESIAN_POINT ( 'NONE',  ( 10.14539040560981320, 143.7456244608147813, 17.04901914320092260 ) ) ;
#6971 = CARTESIAN_POINT ( 'NONE',  ( 14.58318950010465187, 129.7531133614749308, 7.225285251015566956 ) ) ;
#6972 = VERTEX_POINT ( 'NONE', #7065 ) ;
#6973 = CARTESIAN_POINT ( 'NONE',  ( 5.209080467322875663, 130.8878734046880936, 7.797721577740696297 ) ) ;
#6974 = CARTESIAN_POINT ( 'NONE',  ( 19.67539735181444627, 168.1633288889368600, 34.13728758031172816 ) ) ;
#6975 = CARTESIAN_POINT ( 'NONE',  ( 28.62887600562024915, 157.3788447974144731, 25.99571102377238674 ) ) ;
#6976 = CARTESIAN_POINT ( 'NONE',  ( -17.43548145714185438, 167.3523925434464559, 36.89879862538155209 ) ) ;
#6977 = CARTESIAN_POINT ( 'NONE',  ( 28.01211380693338171, 137.8354363327514704, 14.87536873936786996 ) ) ;
#6978 = CARTESIAN_POINT ( 'NONE',  ( -15.13017998635461403, 137.3716623024692751, 14.50861195158448425 ) ) ;
#6979 = CARTESIAN_POINT ( 'NONE',  ( -2.518577207237358007, 133.6169328491074566, 9.787688763156182858 ) ) ;
#6980 = CARTESIAN_POINT ( 'NONE',  ( 13.36750890872714592, 151.7814299724137754, 22.67743226293320191 ) ) ;
#6981 = CARTESIAN_POINT ( 'NONE',  ( -11.16647241134086244, 132.2535156019674787, 8.846780020045768467 ) ) ;
#6982 = CARTESIAN_POINT ( 'NONE',  ( -13.98246376184977180, 131.1600527509782523, 8.279499326359324840 ) ) ;
#6983 = DIRECTION ( 'NONE',  ( 0.0007442459860544277123, 0.5767790251485576114, -0.8168998728403572551 ) ) ;
#6984 = ORIENTED_EDGE ( 'NONE', *, *, #1886, .F. ) ;
#6985 = CARTESIAN_POINT ( 'NONE',  ( -10.22877774152059693, 129.7301133342090509, 10.34183774600961314 ) ) ;
#6986 = CARTESIAN_POINT ( 'NONE',  ( 30.04713533837638195, 161.5278037388114285, 28.89261998391242869 ) ) ;
#6987 = CARTESIAN_POINT ( 'NONE',  ( -15.07045064765146947, 174.5504881100124521, 38.60924302033927091 ) ) ;
#6988 = CARTESIAN_POINT ( 'NONE',  ( -20.56086689828842395, 133.4403535701701742, 10.30647661544290017 ) ) ;
#6989 = B_SPLINE_SURFACE_WITH_KNOTS ( 'NONE', 3, 1, ( 
 ( #5680, #4565 ),
 ( #6747, #4028 ),
 ( #6213, #3484 ),
 ( #780, #6280 ),
 ( #6388, #1375 ),
 ( #813, #6886 ),
 ( #5821, #306 ),
 ( #5714, #3552 ),
 ( #2057, #5749 ),
 ( #6850, #1454 ),
 ( #5788, #1413 ),
 ( #270, #3665 ),
 ( #6422, #5857 ),
 ( #1526, #1986 ),
 ( #957, #4096 ),
 ( #2985, #1490 ),
 ( #5174, #3590 ),
 ( #885, #5317 ),
 ( #6350, #3093 ),
 ( #848, #3630 ) ),
 .UNSPECIFIED., .F., .F., .F.,
 ( 4, 2, 2, 2, 2, 2, 2, 2, 2, 4 ),
 ( 2, 2 ),
 ( 0.0000000000000000000, 0.2500000000000011102, 0.5000000000000021094, 0.6250000000000026645, 0.7500000000000031086, 0.8125000000000003331, 0.8749999999999974465, 0.9374999999999946709, 0.9687499999999973355, 1.000000000000000000 ),
 ( 0.0000000000000000000, 1.000000000000000000 ),
 .UNSPECIFIED. ) ;
#6990 = CARTESIAN_POINT ( 'NONE',  ( 29.98851232646719822, 161.9325642752532701, 29.37912926645941170 ) ) ;
#6991 = CARTESIAN_POINT ( 'NONE',  ( 29.19418278120999943, 163.9318794515603770, 34.52619903054748818 ) ) ;
#6992 = FACE_OUTER_BOUND ( 'NONE', #5896, .T. ) ;
#6993 = CARTESIAN_POINT ( 'NONE',  ( 22.95537193638661932, 167.8154101630772743, 33.26862062966975486 ) ) ;
#6994 = CARTESIAN_POINT ( 'NONE',  ( -20.56370271648180292, 135.1547079275933640, 11.33626545836366439 ) ) ;
#6995 = ORIENTED_EDGE ( 'NONE', *, *, #2445, .T. ) ;
#6996 = DIRECTION ( 'NONE',  ( -0.0007442459860544277123, -0.5767790251485576114, 0.8168998728403572551 ) ) ;
#6997 = CARTESIAN_POINT ( 'NONE',  ( 23.90409253899727915, 133.6466886595103745, 13.13826579599263233 ) ) ;
#6998 = CARTESIAN_POINT ( 'NONE',  ( -18.73463844341032214, 154.1059921847804617, 24.32968723353141627 ) ) ;
#6999 = ORIENTED_EDGE ( 'NONE', *, *, #2191, .F. ) ;
#7000 = CARTESIAN_POINT ( 'NONE',  ( -12.76428225656602322, 166.0051865552689776, 32.67754215901447168 ) ) ;
#7001 = CARTESIAN_POINT ( 'NONE',  ( -12.95789629692447953, 129.7120501832571335, 7.215746189684790757 ) ) ;
#7002 = CARTESIAN_POINT ( 'NONE',  ( -12.88053447932255935, 131.2887894027754498, 11.43993818148400976 ) ) ;
#7003 = CARTESIAN_POINT ( 'NONE',  ( -17.89653643453416265, 144.6399167028995407, 20.86204400797159053 ) ) ;
#7004 = EDGE_CURVE ( 'NONE', #3168, #4954, #3693, .T. ) ;
#7005 = CARTESIAN_POINT ( 'NONE',  ( -13.83453225999763525, 143.7094560074075389, 17.04130410499463011 ) ) ;
#7006 = EDGE_CURVE ( 'NONE', #6200, #5268, #560, .T. ) ;
#7007 = CARTESIAN_POINT ( 'NONE',  ( 27.65790452861328674, 143.7570350610488106, 17.07600993981536774 ) ) ;
#7008 = CARTESIAN_POINT ( 'NONE',  ( 22.16344291523102328, 130.4268959828171432, 7.848624492438754707 ) ) ;
#7009 = ORIENTED_EDGE ( 'NONE', *, *, #5205, .T. ) ;
#7010 = CARTESIAN_POINT ( 'NONE',  ( 26.63101280084158518, 165.7253139995598872, 35.79013337261950767 ) ) ;
#7011 = CARTESIAN_POINT ( 'NONE',  ( 25.53956871037910759, 160.4194652812166169, 20.79074747861755768 ) ) ;
#7012 = CARTESIAN_POINT ( 'NONE',  ( 13.60340993358354034, 158.4541364005358162, 27.31655209293988662 ) ) ;
#7013 = AXIS2_PLACEMENT_3D ( 'NONE', #3547, #5744, #1982 ) ;
#7014 = PLANE ( 'NONE',  #3509 ) ;
#7015 = CARTESIAN_POINT ( 'NONE',  ( 28.75990778429292050, 138.7861832177172516, 15.54733285828232958 ) ) ;
#7016 = CARTESIAN_POINT ( 'NONE',  ( -0.7996753889402947735, 133.1008338424857698, 9.405757200043376898 ) ) ;
#7017 = B_SPLINE_CURVE_WITH_KNOTS ( 'NONE', 3,
 ( #2392, #2326, #176, #6654, #110, #3432, #728, #5019, #660, #757, #5052, #1289, #6757, #5118, #1260, #5661, #1858, #1762, #2358, #2293, #2927, #1318, #6127, #4513, #4479, #3937, #698, #6690, #6164, #1226 ),
 .UNSPECIFIED., .F., .F.,
 ( 4, 2, 2, 2, 2, 2, 2, 2, 2, 2, 2, 2, 2, 2, 4 ),
 ( 0.008129159354740157772, 0.008637109408642072023, 0.009145059462543986273, 0.01016095957034781477, 0.01066890962424975331, 0.01117685967815169185, 0.01168480973205362865, 0.01219275978595556545, 0.01270070983985750399, 0.01320865989375944252, 0.01371660994766138106, 0.01422456000156331786, 0.01473251005546525640, 0.01524046010936719320, 0.01625636021717104598 ),
 .UNSPECIFIED. ) ;
#7018 = CARTESIAN_POINT ( 'NONE',  ( 8.733770153876982079, 156.8000695015588803, 26.15262295208883714 ) ) ;
#7019 = CARTESIAN_POINT ( 'NONE',  ( 8.774910942244209977, 133.1120377463968509, 9.436981986631732156 ) ) ;
#7020 = CARTESIAN_POINT ( 'NONE',  ( -12.96073750708236005, 131.3713035946778689, 8.335099790564488131 ) ) ;
#7021 = VERTEX_POINT ( 'NONE', #4378 ) ;
#7022 = LINE ( 'NONE', #6557, #3617 ) ;
#7023 = CARTESIAN_POINT ( 'NONE',  ( -17.89579218944449579, 145.2166957279257247, 20.04514413504401915 ) ) ;
#7024 = CARTESIAN_POINT ( 'NONE',  ( -8.313788190128859057, 130.5057401193715805, 9.667079999356049669 ) ) ;
#7025 = ORIENTED_EDGE ( 'NONE', *, *, #638, .F. ) ;
#7026 = CARTESIAN_POINT ( 'NONE',  ( 30.04034967329161532, 160.5425005363737796, 28.81433492312295996 ) ) ;
#7027 = CARTESIAN_POINT ( 'NONE',  ( -13.02819594864827479, 170.2782773092535535, 35.64496140594519602 ) ) ;
#7028 = CARTESIAN_POINT ( 'NONE',  ( 10.15996255168909101, 135.3771481123335718, 11.09547755825240856 ) ) ;
#7029 = DIRECTION ( 'NONE',  ( 0.0000000000000000000, -0.8169000990817273378, -0.5767791848881718142 ) ) ;
#7030 = CARTESIAN_POINT ( 'NONE',  ( 7.252110917392988299, 164.6280964447288113, 31.64200775241939212 ) ) ;
#7031 = DIRECTION ( 'NONE',  ( 0.0000000000000000000, -0.8169000990817221197, -0.5767791848881794747 ) ) ;
#7032 = CYLINDRICAL_SURFACE ( 'NONE', #6356, 9.000000000000008882 ) ;
#7033 = CARTESIAN_POINT ( 'NONE',  ( 1.703571727738643293, 135.4070230657326590, 11.03207519457385999 ) ) ;
#7034 = ORIENTED_EDGE ( 'NONE', *, *, #4996, .T. ) ;
#7035 = CARTESIAN_POINT ( 'NONE',  ( -12.10287323607514232, 171.3532296738908656, 36.12100419823759978 ) ) ;
#7036 = CARTESIAN_POINT ( 'NONE',  ( 31.20179476498363158, 150.6371860602670267, 25.14119801509225383 ) ) ;
#7037 = CARTESIAN_POINT ( 'NONE',  ( 13.03968230928535554, 161.2784601817481871, 28.67592539054016854 ) ) ;
#7038 = EDGE_LOOP ( 'NONE', ( #6268, #6545, #4385, #2203 ) ) ;
#7039 = AXIS2_PLACEMENT_3D ( 'NONE', #2626, #1560, #3310 ) ;
#7040 = CARTESIAN_POINT ( 'NONE',  ( 10.17064368312365374, 129.2604958835919149, 6.705670232347193505 ) ) ;
#7041 = PLANE ( 'NONE',  #7074 ) ;
#7042 = CARTESIAN_POINT ( 'NONE',  ( -16.95337903976576754, 140.0648932110777025, 17.63266947109766747 ) ) ;
#7043 = CARTESIAN_POINT ( 'NONE',  ( -11.18646069947311794, 143.7052461314318634, 17.05383404774302036 ) ) ;
#7044 = CARTESIAN_POINT ( 'NONE',  ( -21.22079698927721836, 137.8314090285304019, 13.05542917416902071 ) ) ;
#7045 = CARTESIAN_POINT ( 'NONE',  ( -21.85716063865686110, 127.9889678483370830, 7.226633038760060579 ) ) ;
#7046 = AXIS2_PLACEMENT_3D ( 'NONE', #3397, #1756, #2957 ) ;
#7047 = ORIENTED_EDGE ( 'NONE', *, *, #1350, .F. ) ;
#7048 = CARTESIAN_POINT ( 'NONE',  ( 17.01220314042146242, 130.8988154350067816, 11.19182787028400661 ) ) ;
#7049 = CARTESIAN_POINT ( 'NONE',  ( 21.54501508394978870, 169.9999751481356327, 27.50291274288249710 ) ) ;
#7050 = CARTESIAN_POINT ( 'NONE',  ( 17.63695502707771112, 154.2922652834723749, 24.44452098336181223 ) ) ;
#7051 = EDGE_CURVE ( 'NONE', #1268, #858, #3303, .T. ) ;
#7052 = CARTESIAN_POINT ( 'NONE',  ( -20.70038942525692249, 156.9090607294675976, 26.31247946599115650 ) ) ;
#7053 = CYLINDRICAL_SURFACE ( 'NONE', #1676, 14.75000000032856207 ) ;
#7054 = AXIS2_PLACEMENT_3D ( 'NONE', #2377, #5544, #5068 ) ;
#7055 = CARTESIAN_POINT ( 'NONE',  ( -2.517359589398251885, 136.7913306101515047, 12.08375452923074356 ) ) ;
#7056 = CARTESIAN_POINT ( 'NONE',  ( -22.55860871785495192, 156.7522536177498580, 26.14343526199849777 ) ) ;
#7057 = CARTESIAN_POINT ( 'NONE',  ( -17.98744950709609114, 150.9896203566876807, 22.14731724174623295 ) ) ;
#7058 = CARTESIAN_POINT ( 'NONE',  ( 29.51849156095482130, 131.3654957008648410, 8.448236190054331018 ) ) ;
#7059 = CARTESIAN_POINT ( 'NONE',  ( 24.92060750644238354, 131.3591426895989400, 8.445928619410375759 ) ) ;
#7060 = CIRCLE ( 'NONE', #2360, 2.599999999999997424 ) ;
#7061 = CARTESIAN_POINT ( 'NONE',  ( 27.52255976986251440, 135.6352575214313276, 14.54560820592744541 ) ) ;
#7062 = CARTESIAN_POINT ( 'NONE',  ( 30.10592929736199608, 142.8196485711108039, 18.39642129745000076 ) ) ;
#7063 = CARTESIAN_POINT ( 'NONE',  ( -7.306881887576802015, 131.2444623341110912, 8.044450475318466687 ) ) ;
#7064 = ORIENTED_EDGE ( 'NONE', *, *, #2579, .T. ) ;
#7065 = CARTESIAN_POINT ( 'NONE',  ( -5.572742603727160571, 142.3176983572988092, 16.06985559045383027 ) ) ;
#7066 = CARTESIAN_POINT ( 'NONE',  ( 16.18123827074608201, 174.5682554956700585, 38.66110324717256219 ) ) ;
#7067 = CARTESIAN_POINT ( 'NONE',  ( -17.95740871391543081, 133.5382573587322668, 10.17354118223534698 ) ) ;
#7068 = CARTESIAN_POINT ( 'NONE',  ( -5.553674048840100852, 161.1800509099431906, -1.976318658060113753 ) ) ;
#7069 = AXIS2_PLACEMENT_3D ( 'NONE', #2461, #3371, #3497 ) ;
#7070 = CARTESIAN_POINT ( 'NONE',  ( 30.91663576665541058, 160.5743673577628101, 32.15716864019466925 ) ) ;
#7071 = ORIENTED_EDGE ( 'NONE', *, *, #5495, .F. ) ;
#7072 = FACE_OUTER_BOUND ( 'NONE', #6703, .T. ) ;
#7073 = CARTESIAN_POINT ( 'NONE',  ( 25.22820105565412874, 138.6629423705091995, 14.78382288892533047 ) ) ;
#7074 = AXIS2_PLACEMENT_3D ( 'NONE', #6575, #5543, #4857 ) ;
#7075 = CARTESIAN_POINT ( 'NONE',  ( -10.29823657174959628, 170.7701905351541143, 38.09432586836026502 ) ) ;
#7076 = CARTESIAN_POINT ( 'NONE',  ( 30.50151468805747612, 139.5229599824066611, 17.29326722998944987 ) ) ;
#7077 = CARTESIAN_POINT ( 'NONE',  ( 18.39124012908498784, 167.7226092067861885, 33.21440594757428499 ) ) ;
#7078 = ORIENTED_EDGE ( 'NONE', *, *, #5251, .T. ) ;
#7079 = CARTESIAN_POINT ( 'NONE',  ( 8.061108329977901832, 129.8372965562215029, 7.089352258045522603 ) ) ;
#7080 = FACE_BOUND ( 'NONE', #4666, .T. ) ;
#7081 = CARTESIAN_POINT ( 'NONE',  ( -13.18092897304137701, 131.5188917367344743, 11.60213019194659090 ) ) ;
#7082 = CARTESIAN_POINT ( 'NONE',  ( -15.35716146561880890, 145.6372745991356226, 18.39992317484248474 ) ) ;
#7083 = CARTESIAN_POINT ( 'NONE',  ( 24.90420520871300880, 140.8526675042329259, 15.03606015506736604 ) ) ;
#7084 = CARTESIAN_POINT ( 'NONE',  ( 14.58417653709686057, 129.1838802973677787, 6.825625596012852014 ) ) ;
#7085 = EDGE_LOOP ( 'NONE', ( #636, #5748 ) ) ;
#7086 = CARTESIAN_POINT ( 'NONE',  ( 27.22462653231544039, 161.9952535671459657, 21.89522227491941209 ) ) ;
#7087 = CARTESIAN_POINT ( 'NONE',  ( 21.58751582477406217, 153.9648594345323147, 24.22953667207194073 ) ) ;
ENDSEC;
END-ISO-10303-21;
